<?xml version="1.0" encoding="UTF-8"?>
<window id="1129" type="dialog">
	<defaultcontrol always="true">90100</defaultcontrol>
	<coordinates>
		<system>1</system>
		<left>457</left>
		<top>240</top>
	</coordinates>
	<onunload condition="!IsEmpty(Window(movieinformation).Property(ActorID)) + !IsEmpty(Window(movieinformation).Property(DoAction))">SetFocus(50,$INFO[Window(movieinformation).Property(ActorID)])</onunload>
	<onunload condition="!IsEmpty(Window(movieinformation).Property(ActorID)) + !IsEmpty(Window(movieinformation).Property(DoAction))">Action(select)</onunload>
	<onunload condition="!IsEmpty(Window(movieinformation).Property(ActorID)) + !IsEmpty(Window(movieinformation).Property(DoAction))">Control.Move(50,-$INFO[Window(movieinformation).Property(ActorID)])</onunload>
	<onunload condition="!IsEmpty(Window(movieinformation).Property(ActorID)) + !IsEmpty(Window(movieinformation).Property(DoAction))">SetFocus(90050)</onunload>
	<onunload condition="!IsEmpty(Window(movieinformation).Property(DirectorID)) + !IsEmpty(Window(movieinformation).Property(DoAction))">SendClick(2003,13)</onunload>
	<onunload>ClearProperty(ActorID,movieinformation)</onunload>
	<onunload>ClearProperty(ActorName,movieinformation)</onunload>
	<onunload>ClearProperty(DirectorID,movieinformation)</onunload>
	<onunload>ClearProperty(DoAction,movieinformation)</onunload>
	<onunload>ClearProperty(CustomSelectMainMenuLayout,skinsettings)</onunload>
	<onunload>ClearProperty(CustomSelectFanartTimePerImage,skinsettings)</onunload>
	<onunload>ClearProperty(CustomSelectWidgetOpacity,skinsettings)</onunload>
	<onunload>ClearProperty(CustomSelectWidgetBack,skinsettings)</onunload>
	<onunload>ClearProperty(CustomSelectWidgetCaseInfo,skinsettings)</onunload>
	<onunload>ClearProperty(CustomSelectWidgetCaseOnInfo,skinsettings)</onunload>
	<include>dialogeffect</include>
	<controls>
		<control type="group">
			<control type="image">
				<left>157</left>
				<top>0</top>
				<width>692</width>
				<height>600</height>
				<texture border="40">dialogs/default/bg.png</texture>
			</control>
			<control type="image">
				<left>187</left>
				<top>86</top>
				<width>632</width>
				<height>482</height>
				<texture border="5">dialogs/default/inner.png</texture>
			</control>
			<control type="label" id="1">
				<left>30</left>
				<top>32</top>
				<width>940</width>
				<height>40</height>
				<font>font15_title</font>
				<label>$LOCALIZE[22080]</label>
				<align>center</align>
				<textcolor>dialogheader</textcolor>
			</control>
			<control type="list" id="90100">
				<left>189</left>
				<top>88</top>
				<width>628</width>
				<height>480</height>
				<onup>90100</onup>
				<ondown>90100</ondown>
				<onleft>90100</onleft>
				<onright>60</onright>
				<pagecontrol>60</pagecontrol>
				<scrolltime tween="quadratic" easing="out">200</scrolltime>
				<itemlayout height="60" width="628">
					<control type="image">
						<width>628</width>
						<height>60</height>
						<texture border="1">separator2.png</texture>
					</control>
					<control type="label">
						<width>628</width>
						<height>60</height>
						<textoffsetx>15</textoffsetx>
						<font>font14</font>
						<textcolor>grey2</textcolor>
						<selectedcolor>$VAR[ThemeLabelColor]</selectedcolor>
						<align>left</align>
						<aligny>center</aligny>
						<label>$INFO[ListItem.Label]</label>
					</control>
				</itemlayout>
				<focusedlayout height="60" width="628">
					<control type="image">
						<width>628</width>
						<height>60</height>
						<texture border="1">separator2.png</texture>
						<include>VisibleFadeEffect</include>
					</control>
					<control type="image">
						<width>629</width>
						<height>60</height>
						<texture colordiffuse="$VAR[HighlightBarColor]" border="5">listselect_fo.png</texture>
						<visible>Control.HasFocus(90100)</visible>
						<include>VisibleFadeEffect</include>
					</control>
					<control type="label">
						<width>628</width>
						<height>60</height>
						<textoffsetx>15</textoffsetx>
						<font>font14</font>
						<textcolor>white</textcolor>
						<selectedcolor>$VAR[ThemeLabelColor]</selectedcolor>
						<scroll>true</scroll>
						<align>left</align>
						<aligny>center</aligny>
						<label>$INFO[ListItem.Label]</label>
						<animation effect="fade" start="100" end="70" time="300" tween="sine" easing="inout" condition="!Control.HasFocus(90100)">Conditional</animation>
					</control>
				</focusedlayout>
				<content>
					<!-- Director and Cast -->
					<item>
						<label>$LOCALIZE[31148]</label>
						<onclick>Dialog.Close(1129)</onclick>
						<onclick>SetProperty(DoAction,True,movieinformation)</onclick>
						<visible>!IsEmpty(Window(movieinformation).Property(ActorName))</visible>
					</item>
					<item>
						<label>$LOCALIZE[31149]</label>
						<onclick>Dialog.Close(1129)</onclick>
						<onclick>ClearProperty(ActorID,movieinformation)</onclick>
						<onclick>ClearProperty(DirectorID,movieinformation)</onclick>
						<onclick>RunScript(script.extendedinfo,info=actorinfo,name=$INFO[Window(movieinformation).Property(ActorName)]))</onclick>
						<onclick>ClearProperty(ActorName,movieinformation)</onclick>
						<visible>!IsEmpty(Window(movieinformation).Property(ActorName))</visible>
					</item>
					<!-- Main Menu Layout -->
					<item>
						<label>5 $LOCALIZE[31025]</label>
						<onclick>Dialog.Close(1129)</onclick>
						<onclick>Skin.Reset(MainMenu.Layout)</onclick>
						<visible>!IsEmpty(Window(skinsettings).Property(CustomSelectMainMenuLayout))</visible>
					</item>
					<item>
						<label>3 $LOCALIZE[31025]</label>
						<onclick>Dialog.Close(1129)</onclick>
						<onclick>Skin.SetString(MainMenu.Layout,3 $LOCALIZE[31025])</onclick>
						<visible>!IsEmpty(Window(skinsettings).Property(CustomSelectMainMenuLayout))</visible>
					</item>
					<item>
						<label>1 $LOCALIZE[31025]</label>
						<onclick>Dialog.Close(1129)</onclick>
						<onclick>Skin.SetString(MainMenu.Layout,1 $LOCALIZE[31025])</onclick>
						<visible>!IsEmpty(Window(skinsettings).Property(CustomSelectMainMenuLayout))</visible>
					</item>
					<item>
						<label>$LOCALIZE[536]</label>
						<onclick>Dialog.Close(1129)</onclick>
						<onclick>Skin.SetString(MainMenu.Layout,$LOCALIZE[536])</onclick>
						<visible>!IsEmpty(Window(skinsettings).Property(CustomSelectMainMenuLayout))</visible>
					</item>
					<item>
						<label>$LOCALIZE[31994]</label>
						<onclick>Dialog.Close(1129)</onclick>
						<onclick>Skin.SetString(MainMenu.Layout,$LOCALIZE[31994])</onclick>
						<visible>!IsEmpty(Window(skinsettings).Property(CustomSelectMainMenuLayout))</visible>
					</item>
					<!-- Fanart TimePerImage -->
					<item>
						<label>5 $LOCALIZE[31090]</label>
						<onclick>Dialog.Close(1129)</onclick>
						<onclick>Skin.SetString(FanartTimePerImage,5)</onclick>
						<visible>!IsEmpty(Window(skinsettings).Property(CustomSelectFanartTimePerImage))</visible>
					</item>
					<item>
						<label>6 $LOCALIZE[31090]</label>
						<onclick>Dialog.Close(1129)</onclick>
						<onclick>Skin.SetString(FanartTimePerImage,6)</onclick>
						<visible>!IsEmpty(Window(skinsettings).Property(CustomSelectFanartTimePerImage))</visible>
					</item>
					<item>
						<label>7 $LOCALIZE[31090]</label>
						<onclick>Dialog.Close(1129)</onclick>
						<onclick>Skin.Reset(FanartTimePerImage)</onclick>
						<visible>!IsEmpty(Window(skinsettings).Property(CustomSelectFanartTimePerImage))</visible>
					</item>
					<item>
						<label>8 $LOCALIZE[31090]</label>
						<onclick>Dialog.Close(1129)</onclick>
						<onclick>Skin.SetString(FanartTimePerImage,8)</onclick>
						<visible>!IsEmpty(Window(skinsettings).Property(CustomSelectFanartTimePerImage))</visible>
					</item>
					<item>
						<label>9 $LOCALIZE[31090]</label>
						<onclick>Dialog.Close(1129)</onclick>
						<onclick>Skin.SetString(FanartTimePerImage,9)</onclick>
						<visible>!IsEmpty(Window(skinsettings).Property(CustomSelectFanartTimePerImage))</visible>
					</item>
					<item>
						<label>10 $LOCALIZE[31090]</label>
						<onclick>Dialog.Close(1129)</onclick>
						<onclick>Skin.SetString(FanartTimePerImage,10)</onclick>
						<visible>!IsEmpty(Window(skinsettings).Property(CustomSelectFanartTimePerImage))</visible>
					</item>
					<item>
						<label>15 $LOCALIZE[31090]</label>
						<onclick>Dialog.Close(1129)</onclick>
						<onclick>Skin.SetString(FanartTimePerImage,15)</onclick>
						<visible>!IsEmpty(Window(skinsettings).Property(CustomSelectFanartTimePerImage))</visible>
					</item>
					<item>
						<label>20 $LOCALIZE[31090]</label>
						<onclick>Dialog.Close(1129)</onclick>
						<onclick>Skin.SetString(FanartTimePerImage,20)</onclick>
						<visible>!IsEmpty(Window(skinsettings).Property(CustomSelectFanartTimePerImage))</visible>
					</item>
					<item>
						<label>30 $LOCALIZE[31090]</label>
						<onclick>Dialog.Close(1129)</onclick>
						<onclick>Skin.SetString(FanartTimePerImage,30)</onclick>
						<visible>!IsEmpty(Window(skinsettings).Property(CustomSelectFanartTimePerImage))</visible>
					</item>
					<item>
						<label>60 $LOCALIZE[31090]</label>
						<onclick>Dialog.Close(1129)</onclick>
						<onclick>Skin.SetString(FanartTimePerImage,60)</onclick>
						<visible>!IsEmpty(Window(skinsettings).Property(CustomSelectFanartTimePerImage))</visible>
					</item>
					<item>
						<label>90 $LOCALIZE[31090]</label>
						<onclick>Dialog.Close(1129)</onclick>
						<onclick>Skin.SetString(FanartTimePerImage,90)</onclick>
						<visible>!IsEmpty(Window(skinsettings).Property(CustomSelectFanartTimePerImage))</visible>
					</item>
					<!-- Widget Opacity -->
					<item>
						<label>100%</label>
						<onclick>Dialog.Close(1129)</onclick>
						<onclick>Skin.Reset(Widget.Trans)</onclick>
						<visible>!IsEmpty(Window(skinsettings).Property(CustomSelectWidgetOpacity))</visible>
					</item>
					<item>
						<label>95%</label>
						<onclick>Dialog.Close(1129)</onclick>
						<onclick>Skin.SetString(Widget.Trans,95)</onclick>
						<visible>!IsEmpty(Window(skinsettings).Property(CustomSelectWidgetOpacity))</visible>
					</item>
					<item>
						<label>90%</label>
						<onclick>Dialog.Close(1129)</onclick>
						<onclick>Skin.SetString(Widget.Trans,90)</onclick>
						<visible>!IsEmpty(Window(skinsettings).Property(CustomSelectWidgetOpacity))</visible>
					</item>
					<item>
						<label>85%</label>
						<onclick>Dialog.Close(1129)</onclick>
						<onclick>Skin.SetString(Widget.Trans,85)</onclick>
						<visible>!IsEmpty(Window(skinsettings).Property(CustomSelectWidgetOpacity))</visible>
					</item>
					<item>
						<label>80%</label>
						<onclick>Dialog.Close(1129)</onclick>
						<onclick>Skin.SetString(Widget.Trans,80)</onclick>
						<visible>!IsEmpty(Window(skinsettings).Property(CustomSelectWidgetOpacity))</visible>
					</item>
					<item>
						<label>75%</label>
						<onclick>Dialog.Close(1129)</onclick>
						<onclick>Skin.SetString(Widget.Trans,75)</onclick>
						<visible>!IsEmpty(Window(skinsettings).Property(CustomSelectWidgetOpacity))</visible>
					</item>
					<item>
						<label>70%</label>
						<onclick>Dialog.Close(1129)</onclick>
						<onclick>Skin.SetString(Widget.Trans,70)</onclick>
						<visible>!IsEmpty(Window(skinsettings).Property(CustomSelectWidgetOpacity))</visible>
					</item>
					<item>
						<label>65%</label>
						<onclick>Dialog.Close(1129)</onclick>
						<onclick>Skin.SetString(Widget.Trans,65)</onclick>
						<visible>!IsEmpty(Window(skinsettings).Property(CustomSelectWidgetOpacity))</visible>
					</item>
					<item>
						<label>60%</label>
						<onclick>Dialog.Close(1129)</onclick>
						<onclick>Skin.SetString(Widget.Trans,60)</onclick>
						<visible>!IsEmpty(Window(skinsettings).Property(CustomSelectWidgetOpacity))</visible>
					</item>
					<item>
						<label>55%</label>
						<onclick>Dialog.Close(1129)</onclick>
						<onclick>Skin.SetString(Widget.Trans,55)</onclick>
						<visible>!IsEmpty(Window(skinsettings).Property(CustomSelectWidgetOpacity))</visible>
					</item>
					<item>
						<label>50%</label>
						<onclick>Dialog.Close(1129)</onclick>
						<onclick>Skin.SetString(Widget.Trans,50)</onclick>
						<visible>!IsEmpty(Window(skinsettings).Property(CustomSelectWidgetOpacity))</visible>
					</item>
					<!-- Widget Back -->
					<item>
						<label>$LOCALIZE[571]</label>
						<onclick>Dialog.Close(1129)</onclick>
						<onclick>Skin.Reset(Widget.Back)</onclick>
						<visible>!IsEmpty(Window(skinsettings).Property(CustomSelectWidgetBack))</visible>
					</item>
					<item>
						<label>$LOCALIZE[31723]</label>
						<onclick>Dialog.Close(1129)</onclick>
						<onclick>Skin.SetString(Widget.Back,Flat)</onclick>
						<visible>!IsEmpty(Window(skinsettings).Property(CustomSelectWidgetBack))</visible>
					</item>
					<item>
						<label>$LOCALIZE[192]</label>
						<onclick>Dialog.Close(1129)</onclick>
						<onclick>Skin.SetString(Widget.Back,Clear)</onclick>
						<visible>!IsEmpty(Window(skinsettings).Property(CustomSelectWidgetBack))</visible>
					</item>
					<item>
						<label>$LOCALIZE[31724]</label>
						<onclick>Dialog.Close(1129)</onclick>
						<onclick>Skin.SetString(Widget.Back,Clear White)</onclick>
						<visible>!IsEmpty(Window(skinsettings).Property(CustomSelectWidgetBack))</visible>
					</item>
					<item>
						<label>$LOCALIZE[31725]</label>
						<onclick>Dialog.Close(1129)</onclick>
						<onclick>Skin.SetString(Widget.Back,Colored Default)</onclick>
						<visible>!IsEmpty(Window(skinsettings).Property(CustomSelectWidgetBack))</visible>
					</item>
					<item>
						<label>$LOCALIZE[31726]</label>
						<onclick>Dialog.Close(1129)</onclick>
						<onclick>Skin.SetString(Widget.Back,Colored Flat)</onclick>
						<visible>!IsEmpty(Window(skinsettings).Property(CustomSelectWidgetBack))</visible>
					</item>
					<item>
						<label>$LOCALIZE[31727]</label>
						<onclick>Dialog.Close(1129)</onclick>
						<onclick>Skin.SetString(Widget.Back,Colored Clear)</onclick>
						<visible>!IsEmpty(Window(skinsettings).Property(CustomSelectWidgetBack))</visible>
					</item>
					<item>
						<label>$LOCALIZE[31728]</label>
						<onclick>Dialog.Close(1129)</onclick>
						<onclick>Skin.SetString(Widget.Back,Colored Clear White)</onclick>
						<visible>!IsEmpty(Window(skinsettings).Property(CustomSelectWidgetBack))</visible>
					</item>
					<item>
						<label>$LOCALIZE[231]</label>
						<onclick>Dialog.Close(1129)</onclick>
						<onclick>Skin.SetString(Widget.Back,-)</onclick>
						<visible>!IsEmpty(Window(skinsettings).Property(CustomSelectWidgetBack))</visible>
					</item>
					<!-- Widget Case -->
					<item>
						<label>$LOCALIZE[231]</label>
						<onclick>Dialog.Close(1129)</onclick>
						<onclick>Skin.Reset(Widget.CaseInfo)</onclick>
						<visible>!IsEmpty(Window(skinsettings).Property(CustomSelectWidgetCaseInfo))</visible>
					</item>
					<item>
						<label>$LOCALIZE[31721]</label>
						<onclick>Dialog.Close(1129)</onclick>
						<onclick>Skin.SetString(Widget.CaseInfo,Glass)</onclick>
						<visible>!IsEmpty(Window(skinsettings).Property(CustomSelectWidgetCaseInfo))</visible>
					</item>
					<item>
						<label>$LOCALIZE[31707]</label>
						<onclick>Dialog.Close(1129)</onclick>
						<onclick>Skin.SetString(Widget.CaseInfo,Case)</onclick>
						<visible>!IsEmpty(Window(skinsettings).Property(CustomSelectWidgetCaseInfo))</visible>
					</item>
					<item>
						<label>$LOCALIZE[31747]</label>
						<onclick>Dialog.Close(1129)</onclick>
						<onclick>Skin.SetString(Widget.CaseInfo,BD Case)</onclick>
						<visible>!IsEmpty(Window(skinsettings).Property(CustomSelectWidgetCaseInfo))</visible>
					</item>
					<item>
						<label>$LOCALIZE[31722]</label>
						<onclick>Dialog.Close(1129)</onclick>
						<onclick>Skin.SetString(Widget.CaseInfo,Clear Case)</onclick>
						<visible>!IsEmpty(Window(skinsettings).Property(CustomSelectWidgetCaseInfo))</visible>
					</item>
					<item>
						<label>$LOCALIZE[31746]</label>
						<onclick>Dialog.Close(1129)</onclick>
						<onclick>Skin.SetString(Widget.CaseInfo,Match widget panel)</onclick>
						<visible>!IsEmpty(Window(skinsettings).Property(CustomSelectWidgetCaseInfo))</visible>
					</item>
					<!-- Widget Case On Info-->
					<item>
						<label>$LOCALIZE[231]</label>
						<onclick>Dialog.Close(1129)</onclick>
						<onclick>Skin.Reset(Widget.CaseOnInfo)</onclick>
						<visible>!IsEmpty(Window(skinsettings).Property(CustomSelectWidgetCaseOnInfo))</visible>
					</item>
					<item>
						<label>$LOCALIZE[31721]</label>
						<onclick>Dialog.Close(1129)</onclick>
						<onclick>Skin.SetString(Widget.CaseOnInfo,Glass)</onclick>
						<visible>!IsEmpty(Window(skinsettings).Property(CustomSelectWidgetCaseOnInfo))</visible>
					</item>
					<item>
						<label>$LOCALIZE[31707]</label>
						<onclick>Dialog.Close(1129)</onclick>
						<onclick>Skin.SetString(Widget.CaseOnInfo,Case)</onclick>
						<visible>!IsEmpty(Window(skinsettings).Property(CustomSelectWidgetCaseOnInfo))</visible>
					</item>
					<item>
						<label>$LOCALIZE[31747]</label>
						<onclick>Dialog.Close(1129)</onclick>
						<onclick>Skin.SetString(Widget.CaseOnInfo,BD Case)</onclick>
						<visible>!IsEmpty(Window(skinsettings).Property(CustomSelectWidgetCaseOnInfo))</visible>
					</item>
					<item>
						<label>$LOCALIZE[31722]</label>
						<onclick>Dialog.Close(1129)</onclick>
						<onclick>Skin.SetString(Widget.CaseOnInfo,Clear Case)</onclick>
						<visible>!IsEmpty(Window(skinsettings).Property(CustomSelectWidgetCaseOnInfo))</visible>
					</item>
					<item>
						<label>$LOCALIZE[31746]</label>
						<onclick>Dialog.Close(1129)</onclick>
						<onclick>Skin.SetString(Widget.CaseOnInfo,Match widget panel)</onclick>
						<visible>!IsEmpty(Window(skinsettings).Property(CustomSelectWidgetCaseOnInfo))</visible>
					</item>
				</content>
			</control>
		</control>
	</controls>
</window>