<?xml version="1.0" encoding="UTF-8"?>
<window id="1141" type="dialog">
	<defaultcontrol always="true">91410</defaultcontrol>
	<include>WindowSettingsFadeEffect</include>
	<controls>
		<control type="button" id="8999">
			<description>Close Window button</description>
			<left>350</left>
			<width>64</width>
			<height>48</height>
			<label></label>
			<font>CloseButton</font>
			<textcolor>grey</textcolor>
			<focusedcolor>$VAR[ThemeLabelColor]</focusedcolor>
			<onclick>Dialog.Close(1141)</onclick>
			<texturefocus />
			<texturenofocus />
			<visible>system.getbool(input.enablemouse)</visible>
		</control>
		<control type="label">
			<top>100</top>
			<width>400</width>
			<height>52</height>
			<textoffsetx>15</textoffsetx>
			<font>font13_title</font>
			<label>$LOCALIZE[31306]</label>
			<textcolor>$VAR[ThemeLabelColor]</textcolor>
			<aligny>center</aligny>
		</control>
		<control type="group" id="91410">
			<left>0</left>
			<top>152</top>
			<width>400</width>
			<height>360</height>
			<orientation>vertical</orientation>
			<control type="grouplist" id="91412">
				<onleft>Dialog.Close(1141)</onleft>
				<onright>Dialog.Close(1141)</onright>
				<visible>StringCompare(Window(home).Property(actualViewtype),RightList)</visible>
				<control type="button" id="21411">
					<description></description>
					<textwidth>375</textwidth>
					<include>ButtonCommonValues</include>
					<label>$LOCALIZE[15111]</label>
					<onclick>RunScript(script.skin.helper.service,action=colorpicker,skinstring=RightListThemeLabelColor)</onclick>
				</control>
				<control type="button" id="21412">
					<description></description>
					<textwidth>375</textwidth>
					<include>ButtonCommonValues</include>
					<label>$LOCALIZE[31305]</label>
					<onclick>RunScript(script.skin.helper.service,action=colorpicker,skinstring=RightListUnWatchedEpColor)</onclick>
					<visible>[Container.Content(tvshows) | Container.Content(seasons)]</visible>
				</control>
			</control>
			<control type="grouplist" id="91413">
				<onleft>Dialog.Close(1141)</onleft>
				<onright>Dialog.Close(1141)</onright>
				<visible>StringCompare(Window(home).Property(actualViewtype),FanartList)</visible>
				<control type="button" id="31411">
					<description></description>
					<textwidth>375</textwidth>
					<include>ButtonCommonValues</include>
					<label>$LOCALIZE[15111]</label>
					<onclick>RunScript(script.skin.helper.service,action=colorpicker,skinstring=FanartListThemeLabelColor)</onclick>
				</control>
				<control type="button" id="31412">
					<description></description>
					<textwidth>375</textwidth>
					<include>ButtonCommonValues</include>
					<label>$LOCALIZE[31305]</label>
					<onclick>RunScript(script.skin.helper.service,action=colorpicker,skinstring=FanartListUnWatchedEpColor)</onclick>
					<visible>[Container.Content(tvshows) | Container.Content(seasons)]</visible>
				</control>
			</control>
			<control type="grouplist" id="91414">
				<onleft>Dialog.Close(1141)</onleft>
				<onright>Dialog.Close(1141)</onright>
				<visible>StringCompare(Window(home).Property(actualViewtype),LowList)</visible>
				<control type="button" id="41411">
					<description></description>
					<textwidth>375</textwidth>
					<include>ButtonCommonValues</include>
					<label>$LOCALIZE[15111]</label>
					<onclick>RunScript(script.skin.helper.service,action=colorpicker,skinstring=LowListThemeLabelColor)</onclick>
				</control>
				<control type="button" id="41412">
					<description></description>
					<textwidth>375</textwidth>
					<include>ButtonCommonValues</include>
					<label>$LOCALIZE[31305]</label>
					<onclick>RunScript(script.skin.helper.service,action=colorpicker,skinstring=LowListUnWatchedEpColor)</onclick>
					<visible>[Container.Content(tvshows) | Container.Content(seasons)]</visible>
				</control>
			</control>
			<control type="grouplist" id="91415">
				<onleft>Dialog.Close(1141)</onleft>
				<onright>Dialog.Close(1141)</onright>
				<visible>StringCompare(Window(home).Property(actualViewtype),BigList)</visible>
				<control type="button" id="51411">
					<description></description>
					<textwidth>375</textwidth>
					<include>ButtonCommonValues</include>
					<label>$LOCALIZE[31308]</label>
					<onclick>RunScript(script.skin.helper.service,action=colorpicker,skinstring=BigListFocusedLabelColor)</onclick>
				</control>
				<control type="button" id="51412">
					<description></description>
					<textwidth>375</textwidth>
					<include>ButtonCommonValues</include>
					<label>$LOCALIZE[31310]</label>
					<onclick>RunScript(script.skin.helper.service,action=colorpicker,skinstring=BigListItemLabelColor)</onclick>
				</control>
				<control type="button" id="51416">
					<description></description>
					<textwidth>375</textwidth>
					<include>ButtonCommonValues</include>
					<label>$LOCALIZE[15111]</label>
					<onclick>RunScript(script.skin.helper.service,action=colorpicker,skinstring=BigListThemeLabelColor)</onclick>
				</control>
			</control>
			<control type="grouplist" id="91416">
				<onleft>Dialog.Close(1141)</onleft>
				<onright>Dialog.Close(1141)</onright>
				<visible>StringCompare(Window(home).Property(actualViewtype),MyFlix)</visible>
				<control type="button" id="61411">
					<description></description>
					<textwidth>375</textwidth>
					<include>ButtonCommonValues</include>
					<label>$LOCALIZE[15111]</label>
					<onclick>RunScript(script.skin.helper.service,action=colorpicker,skinstring=MyFlixThemeLabelColor)</onclick>
				</control>
				<control type="button" id="61412">
					<description></description>
					<textwidth>375</textwidth>
					<include>ButtonCommonValues</include>
					<label>$LOCALIZE[31305]</label>
					<onclick>RunScript(script.skin.helper.service,action=colorpicker,skinstring=MyFlixUnWatchedEpColor)</onclick>
					<visible>[Container.Content(tvshows) | Container.Content(seasons)]</visible>
				</control>
			</control>
			<control type="grouplist" id="91417">
				<onleft>Dialog.Close(1141)</onleft>
				<onright>Dialog.Close(1141)</onright>
				<visible>StringCompare(Window(home).Property(actualViewtype),TriPanel)</visible>
				<control type="button" id="71411">
					<description></description>
					<textwidth>375</textwidth>
					<include>ButtonCommonValues</include>
					<label>$LOCALIZE[15111]</label>
					<onclick>RunScript(script.skin.helper.service,action=colorpicker,skinstring=TriPanelThemeLabelColor)</onclick>
				</control>
			</control>
			<control type="grouplist" id="91418">
				<onleft>Dialog.Close(1141)</onleft>
				<onright>Dialog.Close(1141)</onright>
				<visible>StringCompare(Window(home).Property(actualViewtype),Logo)</visible>
				<control type="button" id="81411">
					<description></description>
					<textwidth>375</textwidth>
					<include>ButtonCommonValues</include>
					<label>$LOCALIZE[31305]</label>
					<onclick>RunScript(script.skin.helper.service,action=colorpicker,skinstring=LogoUnWatchedEpColor)</onclick>
				</control>
			</control>
		</control>
		<control type="group">
			<left>345</left>
			<top>157</top>
			<width>400</width>
			<orientation>vertical</orientation>
			<control type="grouplist">
				<itemgap>10</itemgap>
				<visible>StringCompare(Window(home).Property(actualViewtype),RightList)</visible>
				<control type="image">
					<include name="ColorCustomizerSwatchimage">
						<param name="ColorStringVar">$VAR[RightListThemeLabelColor]</param>
						<param name="SwatchSize">50</param>
					</include>
				</control>
				<control type="image">
					<include name="ColorCustomizerSwatchimage">
						<param name="ColorStringVar">$VAR[RightListUnWatchedEpColor]</param>
						<param name="SwatchSize">50</param>
					</include>
					<visible>[Container.Content(tvshows) | Container.Content(seasons)]</visible>
				</control>
			</control>
			<control type="grouplist">
				<itemgap>10</itemgap>
				<visible>StringCompare(Window(home).Property(actualViewtype),FanartList)</visible>
				<control type="image">
					<include name="ColorCustomizerSwatchimage">
						<param name="ColorStringVar">$VAR[FanartListThemeLabelColor]</param>
						<param name="SwatchSize">50</param>
					</include>
				</control>
				<control type="image">
					<include name="ColorCustomizerSwatchimage">
						<param name="ColorStringVar">$VAR[FanartListUnWatchedEpColor]</param>
						<param name="SwatchSize">50</param>
					</include>
					<visible>[Container.Content(tvshows) | Container.Content(seasons)]</visible>
				</control>
			</control>
			<control type="grouplist">
				<itemgap>10</itemgap>
				<visible>StringCompare(Window(home).Property(actualViewtype),LowList)</visible>
				<control type="image">
					<include name="ColorCustomizerSwatchimage">
						<param name="ColorStringVar">$VAR[LowListThemeLabelColor]</param>
						<param name="SwatchSize">50</param>
					</include>
				</control>
				<control type="image">
					<include name="ColorCustomizerSwatchimage">
						<param name="ColorStringVar">$VAR[LowListUnWatchedEpColor]</param>
						<param name="SwatchSize">50</param>
					</include>
					<visible>[Container.Content(tvshows) | Container.Content(seasons)]</visible>
				</control>
			</control>
			<control type="grouplist">
				<itemgap>10</itemgap>
				<visible>StringCompare(Window(home).Property(actualViewtype),BigList)</visible>
				<control type="image">
					<include name="ColorCustomizerSwatchimage">
						<param name="ColorStringVar">$VAR[BigListFocusedLabelColor]</param>
						<param name="SwatchSize">50</param>
					</include>
				</control>
				<control type="image">
					<include name="ColorCustomizerSwatchimage">
						<param name="ColorStringVar">$VAR[BigListItemLabelColor]</param>
						<param name="SwatchSize">50</param>
					</include>
				</control>
				<control type="image">
					<include name="ColorCustomizerSwatchimage">
						<param name="ColorStringVar">$VAR[BigListThemeLabelColor]</param>
						<param name="SwatchSize">50</param>
					</include>
				</control>
			</control>
			<control type="grouplist">
				<itemgap>10</itemgap>
				<visible>StringCompare(Window(home).Property(actualViewtype),MyFlix)</visible>
				<control type="image">
					<include name="ColorCustomizerSwatchimage">
						<param name="ColorStringVar">MyFlixThemeLabelColor]</param>
						<param name="SwatchSize">50</param>
					</include>
				</control>
				<control type="image">
					<include name="ColorCustomizerSwatchimage">
						<param name="ColorStringVar">MyFlixUnWatchedEpColor]</param>
						<param name="SwatchSize">50</param>
					</include>
					<visible>[Container.Content(tvshows) | Container.Content(seasons)]</visible>
				</control>
			</control>
			<control type="grouplist">
				<itemgap>10</itemgap>
				<visible>StringCompare(Window(home).Property(actualViewtype),TriPanel)</visible>
				<control type="image">
					<include name="ColorCustomizerSwatchimage">
						<param name="ColorStringVar">$VAR[TriPanelThemeLabelColor]</param>
						<param name="SwatchSize">50</param>
					</include>
				</control>
			</control>
			<control type="grouplist">
				<itemgap>10</itemgap>
				<visible>StringCompare(Window(home).Property(actualViewtype),Logo)</visible>
				<control type="image">
					<include name="ColorCustomizerSwatchimage">
						<param name="ColorStringVar">$VAR[LogoUnWatchedEpColor]</param>
						<param name="SwatchSize">50</param>
					</include>
				</control>
			</control>
		</control>
	</controls>
</window>