<?xml version="1.0" encoding="UTF-8"?>
<window id="1199" type="dialog">
	<defaultcontrol always="true">8050</defaultcontrol>
	<animation type="WindowOpen" reversible="false" condition="!StringCompare(Skin.String(MainMenu.Layout),$LOCALIZE[31994]) + Skin.HasSetting(lowermainmenu)">
		<effect type="rotatex" start="-180" end="0" center="425,0" time="400" tween="sine" easing="inout" />
		<effect type="fade" start="0" end="100" time="10" delay="200" />
	</animation>
	<animation type="WindowClose" reversible="false" condition="!StringCompare(Skin.String(MainMenu.Layout),$LOCALIZE[31994]) + Skin.HasSetting(lowermainmenu)">
		<effect type="rotatex" start="0" end="-180" center="425,0" time="400" tween="sine" easing="inout" />
		<effect type="fade" start="100" end="0" time="10" delay="200" />
	</animation>
	<animation type="WindowOpen" reversible="false" condition="!StringCompare(Skin.String(MainMenu.Layout),$LOCALIZE[31994]) + !Skin.HasSetting(lowermainmenu)">
		<effect type="rotatex" start="-180" end="0" center="656,0" time="400" tween="sine" easing="inout" />
		<effect type="fade" start="0" end="100" time="10" delay="200" />
	</animation>
	<animation type="WindowClose" reversible="false" condition="!StringCompare(Skin.String(MainMenu.Layout),$LOCALIZE[31994]) + !Skin.HasSetting(lowermainmenu)">
		<effect type="rotatex" start="0" end="-180" center="656,0" time="400" tween="sine" easing="inout" />
		<effect type="fade" start="100" end="0" time="10" delay="200" />
	</animation>
	<animation type="WindowOpen" reversible="false" condition="StringCompare(Skin.String(MainMenu.Layout),$LOCALIZE[31994])">
		<effect type="rotatex" start="-180" end="0" center="490,0" time="400" tween="sine" easing="inout" />
		<effect type="fade" start="0" end="100" time="10" delay="200" />
	</animation>
	<animation type="WindowClose" reversible="false" condition="StringCompare(Skin.String(MainMenu.Layout),$LOCALIZE[31994])">
		<effect type="rotatex" start="0" end="-180" center="490,0" time="400" tween="sine" easing="inout" />
		<effect type="fade" start="100" end="0" time="10" delay="200" />
	</animation>
	<animation effect="slide" end="0,231" condition="!StringCompare(Skin.String(MainMenu.Layout),$LOCALIZE[31994]) + !Skin.HasSetting(lowermainmenu)">Conditional</animation>
	<animation effect="slide" end="15,115" condition="StringCompare(Skin.String(MainMenu.Layout),$LOCALIZE[31994])">Conditional</animation>
	<onunload>ClearProperty(Widget,Home)</onunload>
	<onunload>ClearProperty(Widget.Type,Home)</onunload>
	<onunload>ClearProperty(Widget.Target,Home)</onunload>
	<onunload>ClearProperty(Widget.Cover,Home)</onunload>
	<onunload>ClearProperty(Widget.DiscArt,Home)</onunload>
	<onunload>ClearProperty(Widget.Background,Home)</onunload>
	<onunload>ClearProperty(Widget.BackgroundColor,Home)</onunload>
	<onunload>ClearProperty(Widget.StarRating,Home)</onunload>
	<onunload>ClearProperty(Widget.Case,Home)</onunload>
	<onunload>ClearProperty(Widget.Aspect,Home)</onunload>
	<onunload>ClearProperty(Widget.Title,Home)</onunload>
	<onunload>ClearProperty(Widget.SubTitle,Home)</onunload>
	<onunload>ClearProperty(Widget.Year,Home)</onunload>
	<onunload>ClearProperty(Widget.FlagsRating,Home)</onunload>
	<onunload>ClearProperty(Widget.FlagsStudio,Home)</onunload>
	<onunload>ClearProperty(Widget.FlagsSource,Home)</onunload>
	<onunload>ClearProperty(Widget.FlagsResolution,Home)</onunload>
	<onunload>ClearProperty(Widget.FlagsAspect,Home)</onunload>
	<onunload>ClearProperty(Widget.FlagsAudio,Home)</onunload>
	<onunload>ClearProperty(Widget.FlagsAudioChannels,Home)</onunload>
	<onunload>ClearProperty(Widget.FlagsCC,Home)</onunload>
	<onunload>ClearProperty(Widget.Info1,Home)</onunload>
	<onunload>ClearProperty(Widget.Info2,Home)</onunload>
	<onunload>ClearProperty(Widget.Plot,Home)</onunload>
	<onunload>ClearProperty(Widget.FilePath,Home)</onunload>
	<onunload>ClearProperty(Widget.FolderPath,Home)</onunload>
	<onunload>ClearProperty(Widget.Resume,Home)</onunload>
	<onunload>ClearProperty(Widget.Trailer,Home)</onunload>
	<onunload>ClearProperty(Widget.DBID,Home)</onunload>
	<onunload>ClearProperty(Widget.EIDBID,Home)</onunload>
	<onunload>ClearProperty(Widget.Poster,Home)</onunload>
	<controls>
		<control type="image">
			<left></left>
			<centerleft>50%</centerleft>
			<top>74</top>
			<width>1772</width>
			<height>701</height>
			<texture colordiffuse="FF0B0B0B" border="40">homewidgets/bg_default.png</texture>
		</control>		
		<!-- Portrait -->
		<control type="group">
			<visible>StringCompare(Window(Home).Property(Widget.Poster),movies) | StringCompare(Window(Home).Property(Widget.Poster),tvshows) | StringCompare(Window(Home).Property(Widget.Poster),episodes)</visible>
			<control type="image">
				<left></left>
				<centerleft>50%</centerleft>
				<top>90</top>
				<width>1740</width>
				<height>669</height>
				<texture>homewidgets/Info_Separator1.png</texture>
			</control>
			<control type="image">
				<left>100</left>
				<top>100</top>
				<width>446</width>
				<height>649</height>
				<texture>$INFO[Window(Home).Property(Widget.Cover)]</texture>
				<visible>[IsEmpty(Window(Home).Property(Widget.Case)) | SubString(Window(Home).Property(Widget.Case),-)] + !ControlGroup(816).HasFocus</visible>
			</control>
			<control type="image">
				<left>112</left>
				<top>113</top>
				<width>422</width>
				<height>623</height>
				<texture>$INFO[Window(Home).Property(Widget.Cover)]</texture>
				<visible>Substring(Window(Home).Property(Widget.Case),glass) + !ControlGroup(816).HasFocus</visible>
			</control>
			<control type="image">
				<left>111</left>
				<top>154</top>
				<width>424</width>
				<height>585</height>
				<texture>$INFO[Window(Home).Property(Widget.Cover)]</texture>
				<visible>Substring(Window(Home).Property(Widget.Case),/case) + !ControlGroup(816).HasFocus</visible>
			</control>
			<control type="image">
				<left>102</left>
				<top>158</top>
				<width>429</width>
				<height>577</height>
				<texture>$INFO[Window(Home).Property(Widget.Cover)]</texture>
				<visible>Substring(Window(Home).Property(Widget.Case),bdcase) + !ControlGroup(816).HasFocus</visible>
			</control>
			<control type="image">
				<left>114</left>
				<top>113</top>
				<width>418</width>
				<height>623</height>
				<texture>$INFO[Window(Home).Property(Widget.Cover)]</texture>
				<visible>Substring(Window(Home).Property(Widget.Case),clearcase) + !ControlGroup(816).HasFocus</visible>
			</control>
			<control type="image">
				<left>100</left>
				<top>100</top>
				<width>446</width>
				<height>649</height>
				<texture>$INFO[Window(Home).Property(Widget.Case)]</texture>
				<visible>!IsEmpty(Window(Home).Property(Widget.Case)) + !ControlGroup(816).HasFocus</visible>
			</control>
			<control type="image" id="8020">
				<left>1427</left>
				<top>357</top>
				<width>392</width>
				<height>392</height>
				<texture>$INFO[Window(Home).Property(Widget.DiscArt)]</texture>
				<visible>!IsEmpty(Control.GetLabel(8020))</visible>
			</control>			
			<!-- Header -->
			<control type="grouplist">
				<top>99</top>
				<left>554</left>
				<control type="label">
					<width>1266</width>
					<height>35</height>
					<font>font30_title_bold</font>
					<textcolor>grey</textcolor>
					<shadowcolor>shadow</shadowcolor>
					<scroll>true</scroll>
					<label>$INFO[Window(Home).Property(Widget.Title)]</label>
				</control>
				<control type="label">
					<width>1266</width>
					<height>53</height>
					<font>font30</font>
					<textcolor>$VAR[ThemeLabelColor]</textcolor>
					<shadowcolor>shadow</shadowcolor>
					<scroll>true</scroll>
					<label>$INFO[Window(Home).Property(Widget.SubTitle)]</label>
				</control>
			</control>
			<!--Cast-->
			<control type="group" id="816">
				<visible>Skin.HasSetting(Enable.CastOnInfo)</visible>
				<control type="list" id="1000">
					<visible>!IsEmpty(Control.GetLabel(8020))</visible>
					<content>$VAR[HomeWidgetCast]</content>
					<left>548</left>
					<top>652</top>
					<width>872</width>
					<height>220</height>
					<onleft>1000</onleft>
					<onright>1000</onright>
					<onup>8050</onup>
					<ondown>8050</ondown>
					<orientation>horizontal</orientation>
					<scrolltime>400</scrolltime>
					<itemlayout height="85" width="87.2">
						<control type="image">
							<left>10</left>
							<top>5</top>
							<width>65</width>
							<height>90</height>
							<aligny>center</aligny>
							<align>center</align>
							<aspectratio>scale</aspectratio>
							<texture fallback="resource://resource.images.menubars/icons/DefaultActor.png" background="true">$INFO[ListItem.Icon]</texture>
							<bordertexture border="-2">black.png</bordertexture>
							<colordiffuse>FF909090</colordiffuse>
							<include>VisibleFadeEffect</include>
						</control>
						<control type="group">
							<visible>Container(1000).IsUpdating</visible>
							<left>19</left>
							<top>26</top>
							<control type="image">
								<description>Busy animation</description>
								<width>47</width>
								<height>47</height>
								<texture>android/spinner_48_inner_holo.png</texture>
								<aspectratio>keep</aspectratio>
								<animation effect="rotate" start="0" end="360" center="auto" time="2000" loop="true" condition="true">conditional</animation>
								<animation effect="fade" start="0" end="100" delay="1000">VisibleChange</animation>
							</control>
							<control type="image">
								<description>Busy animation</description>
								<width>47</width>
								<height>47</height>
								<texture>android/spinner_48_outer_holo.png</texture>
								<aspectratio>keep</aspectratio>
								<animation effect="rotate" start="360" end="0" center="auto" time="2000" loop="true" condition="true">conditional</animation>
								<animation effect="fade" start="0" end="100" delay="1000">VisibleChange</animation>
							</control>
						</control>
					</itemlayout>
					<focusedlayout height="85" width="87.2">
						<control type="image">
							<left>10</left>
							<top>5</top>
							<width>65</width>
							<height>90</height>
							<aligny>center</aligny>
							<align>center</align>
							<aspectratio>scale</aspectratio>
							<texture fallback="resource://resource.images.menubars/icons/DefaultActor.png" background="true">$INFO[ListItem.Icon]</texture>
							<bordertexture border="-2">black.png</bordertexture>
							<colordiffuse>FF909090</colordiffuse>
							<include>VisibleFadeEffect</include>
							<visible>!Control.HasFocus(1000)</visible>
						</control>
						<control type="image">
							<left>10</left>
							<top>5</top>
							<width>65</width>
							<height>90</height>
							<aligny>center</aligny>
							<align>center</align>
							<aspectratio>scale</aspectratio>
							<texture fallback="resource://resource.images.menubars/icons/DefaultActor.png" background="true">$INFO[ListItem.Icon]</texture>
							<bordertexture border="-2">grey.png</bordertexture>
							<include>VisibleFadeEffect</include>
							<visible>Control.HasFocus(1000)</visible>
						</control>
						<control type="group">
							<visible>Container(1000).IsUpdating</visible>							
							<left>19</left>
							<top>26</top>
							<control type="image">
								<description>Busy animation</description>
								<width>47</width>
								<height>47</height>
								<texture>android/spinner_48_inner_holo.png</texture>
								<aspectratio>keep</aspectratio>
								<animation effect="rotate" start="0" end="360" center="auto" time="2000" loop="true" condition="true">conditional</animation>
								<animation effect="fade" start="0" end="100" delay="1000">VisibleChange</animation>
							</control>
							<control type="image">
								<description>Busy animation</description>
								<width>47</width>
								<height>47</height>
								<texture>android/spinner_48_outer_holo.png</texture>
								<aspectratio>keep</aspectratio>
								<animation effect="rotate" start="360" end="0" center="auto" time="2000" loop="true" condition="true">conditional</animation>
								<animation effect="fade" start="0" end="100" delay="1000">VisibleChange</animation>
							</control>
						</control>
					</focusedlayout>
				</control>
				<control type="list" id="1000">
					<visible>IsEmpty(Control.GetLabel(8020))</visible>
					<content>$VAR[HomeWidgetCast]</content>
					<left>548</left>
					<top>652</top>
					<width>1286</width>
					<height>220</height>
					<onleft>1000</onleft>
					<onright>1000</onright>
					<onup>8050</onup>
					<ondown>8050</ondown>
					<orientation>horizontal</orientation>
					<scrolltime>400</scrolltime>
					<itemlayout height="85" width="85.35">
						<control type="image">
							<left>10</left>
							<top>5</top>
							<width>65</width>
							<height>90</height>
							<aligny>center</aligny>
							<align>center</align>
							<aspectratio>scale</aspectratio>
							<texture fallback="resource://resource.images.menubars/icons/DefaultActor.png" background="true">$INFO[ListItem.Icon]</texture>
							<bordertexture border="-2">black.png</bordertexture>
							<colordiffuse>FF909090</colordiffuse>
							<include>VisibleFadeEffect</include>
						</control>
						<control type="group">
							<visible>Container(1000).IsUpdating</visible>
							<include>VisibleFadeEffect</include>
							<left>19</left>
							<top>26</top>
							<control type="image">
								<description>Busy animation</description>
								<width>47</width>
								<height>47</height>
								<texture>android/spinner_48_inner_holo.png</texture>
								<aspectratio>keep</aspectratio>
								<animation effect="rotate" start="0" end="360" center="auto" time="2000" loop="true" condition="true">conditional</animation>
							</control>
							<control type="image">
								<description>Busy animation</description>
								<width>47</width>
								<height>47</height>
								<texture>android/spinner_48_outer_holo.png</texture>
								<aspectratio>keep</aspectratio>
								<animation effect="rotate" start="360" end="0" center="auto" time="2000" loop="true" condition="true">conditional</animation>
							</control>
						</control>
					</itemlayout>
					<focusedlayout height="85" width="85.35">
						<control type="image">
							<left>10</left>
							<top>5</top>
							<width>65</width>
							<height>90</height>
							<aligny>center</aligny>
							<align>center</align>
							<aspectratio>scale</aspectratio>
							<texture fallback="resource://resource.images.menubars/icons/DefaultActor.png" background="true">$INFO[ListItem.Icon]</texture>
							<bordertexture border="-2">black.png</bordertexture>
							<colordiffuse>FF909090</colordiffuse>
							<include>VisibleFadeEffect</include>
							<visible>!Control.HasFocus(1000)</visible>
						</control>
						<control type="image">
							<left>10</left>
							<top>5</top>
							<width>65</width>
							<height>90</height>
							<aligny>center</aligny>
							<align>center</align>
							<aspectratio>scale</aspectratio>
							<texture fallback="resource://resource.images.menubars/icons/DefaultActor.png" background="true">$INFO[ListItem.Icon]</texture>
							<bordertexture border="-2">grey.png</bordertexture>
							<include>VisibleFadeEffect</include>
							<visible>Control.HasFocus(1000)</visible>
						</control>
						<control type="group">
							<visible>Container(1000).IsUpdating</visible>
							<include>VisibleFadeEffect</include>
							<left>19</left>
							<top>26</top>
							<control type="image">
								<description>Busy animation</description>
								<width>47</width>
								<height>47</height>
								<texture>android/spinner_48_inner_holo.png</texture>
								<aspectratio>keep</aspectratio>
								<animation effect="rotate" start="0" end="360" center="auto" time="2000" loop="true" condition="true">conditional</animation>
							</control>
							<control type="image">
								<description>Busy animation</description>
								<width>47</width>
								<height>47</height>
								<texture>android/spinner_48_outer_holo.png</texture>
								<aspectratio>keep</aspectratio>
								<animation effect="rotate" start="360" end="0" center="auto" time="2000" loop="true" condition="true">conditional</animation>
							</control>
						</control>
					</focusedlayout>
				</control>
				<control type="group" id="3000">
					<visible>Control.HasFocus(1000)</visible>
					<left>100</left>
					<top>100</top>
					<include>VisibleFadeEffect</include>
					<control type="image">
						<width>446</width>
						<height>649</height>
						<aligny>center</aligny>
						<align>center</align>
						<aspectratio>scale</aspectratio>
						<fadetime>IconCrossfadeTime</fadetime>
						<texture fallback="resource://resource.images.menubars/icons/DefaultActor.png">$INFO[Container(1000).ListItem.Icon]</texture>
					</control>
					<control type="image">
						<top>555</top>
						<width>446</width>
						<height>94</height>
						<texture>black.png</texture>
					</control>
					<control type="label">
						<top>555</top>
						<width>446</width>
						<height>47</height>
						<align>center</align>
						<aligny>center</aligny>
						<font>Font16</font>
						<textxoffset>10</textxoffset>
						<textcolor>$VAR[ThemeLabelColor]</textcolor>						
						<scroll>true</scroll>
						<label>$INFO[Container(1000).ListItem.Label]</label>
					</control>
					<control type="label">
						<top>602</top>
						<width>446</width>
						<height>47</height>
						<align>center</align>
						<aligny>center</aligny>
						<font>Font16</font>
						<textxoffset>10</textxoffset>
						<textcolor>$VAR[ThemeLabelColor]</textcolor>						
						<scroll>true</scroll>
						<label>$INFO[Container(1000).ListItem.Label2]</label>
					</control>
				</control>
			</control>
			<!-- Flags-->
			<control type="grouplist">
				<top>192</top>
				<left>559</left>
				<height>90</height>
				<orientation>horizontal</orientation>
				<itemgap>5</itemgap>
				<control type="label" id="1001">
					<width>auto</width>
					<height>90</height>
					<align>left</align>
					<font>font35_title_bold</font>					
					<label>$INFO[Window(Home).Property(Widget.Year)]</label>
					<visible>!IsEmpty(Control.GetLabel(1001))</visible>
				</control>
				<control type="image">
					<width>2</width>
					<height>90</height>
					<texture>separator3.png</texture>
					<visible>!IsEmpty(Control.GetLabel(1001))</visible>
				</control>
				<control type="image" id="1002">
					<width>130</width>
					<height>90</height>
					<aspectratio>keep</aspectratio>					
					<align>center</align>
					<aligny>center</aligny>
					<texture>$INFO[Window(Home).Property(Widget.FlagsRating)]</texture>
					<visible>!IsEmpty(Control.GetLabel(1002))</visible>
				</control>
				<control type="image">
					<width>2</width>
					<height>90</height>
					<texture>separator3.png</texture>
					<visible>!IsEmpty(Control.GetLabel(1002))</visible>
				</control>
				<control type="image" id="1003">
					<width>130</width>
					<height>90</height>
					<aspectratio>keep</aspectratio>					
					<align>center</align>
					<aligny>center</aligny>
					<texture>$INFO[Window(Home).Property(Widget.FlagsStudio)]</texture>
					<visible>!IsEmpty(Control.GetLabel(1003))</visible>
				</control>
				<control type="image">
					<width>2</width>
					<height>90</height>
					<texture>separator3.png</texture>
					<visible>!IsEmpty(Control.GetLabel(1003))</visible>
				</control>
				<control type="image" id="1004">
					<width>130</width>
					<height>90</height>
					<aspectratio>keep</aspectratio>					
					<align>center</align>
					<aligny>center</aligny>
					<texture>$INFO[Window(Home).Property(Widget.FlagsResolution)]</texture>
					<visible>!IsEmpty(Control.GetLabel(1004))</visible>
				</control>
				<control type="image">
					<width>2</width>
					<height>90</height>
					<texture>separator3.png</texture>
					<visible>!IsEmpty(Control.GetLabel(1004))</visible>
				</control>
				<control type="image" id="1005">
					<width>130</width>
					<height>90</height>
					<aspectratio>keep</aspectratio>					
					<align>center</align>
					<aligny>center</aligny>
					<texture>$INFO[Window(Home).Property(Widget.FlagsSource)]</texture>
					<visible>!IsEmpty(Control.GetLabel(1005))</visible>
				</control>
				<control type="image">
					<width>2</width>
					<height>90</height>
					<texture>separator3.png</texture>
					<visible>!IsEmpty(Control.GetLabel(1005))</visible>
				</control>
				<control type="image" id="1006">
					<width>130</width>
					<height>90</height>
					<aspectratio>keep</aspectratio>					
					<align>center</align>
					<aligny>center</aligny>
					<texture>$INFO[Window(Home).Property(Widget.FlagsAspect)]</texture>
					<visible>!IsEmpty(Control.GetLabel(1006))</visible>
				</control>
				<control type="image">
					<width>2</width>
					<height>90</height>
					<texture>separator3.png</texture>
					<visible>!IsEmpty(Control.GetLabel(1006))</visible>
				</control>
				<control type="image" id="1007">
					<width>130</width>
					<height>90</height>
					<aspectratio>keep</aspectratio>					
					<align>center</align>
					<aligny>center</aligny>
					<texture>$INFO[Window(Home).Property(Widget.FlagsAudio)]</texture>
					<visible>!IsEmpty(Control.GetLabel(1007))</visible>
				</control>				
				<control type="image">
					<width>2</width>
					<height>90</height>
					<texture>separator3.png</texture>
					<visible>!IsEmpty(Control.GetLabel(1007))</visible>
				</control>
				<control type="image" id="1008">
					<width>130</width>
					<height>90</height>
					<aspectratio>keep</aspectratio>					
					<align>center</align>
					<aligny>center</aligny>
					<texture>$INFO[Window(Home).Property(Widget.FlagsAudioChannels)]</texture>
					<visible>!IsEmpty(Control.GetLabel(1008))</visible>
				</control>
				<control type="image">
					<width>2</width>
					<height>90</height>
					<texture>separator3.png</texture>
					<visible>!IsEmpty(Control.GetLabel(1008))</visible>
				</control>
				<control type="image" id="1009">
					<width>130</width>
					<height>90</height>
					<aspectratio>keep</aspectratio>					
					<align>center</align>
					<aligny>center</aligny>
					<texture>$INFO[Window(Home).Property(Widget.FlagsCC)]</texture>
				</control>				
				<control type="image">
					<width>2</width>
					<height>90</height>
					<texture>separator3.png</texture>
					<visible>!IsEmpty(Control.GetLabel(1009))</visible>
				</control>
			</control>
			<!-- Info -->
			<control type="grouplist">
				<top>368</top>
				<left>555</left>
				<orientation>horizontal</orientation>
				<control type="image">
					<width>35</width>
					<height>35</height>
					<texture>homewidgets/WidgetInfoPluginIcon.png</texture>
					<colordiffuse>AAFFFFFF</colordiffuse>
					<visible>!IsEmpty(Control.GetLabel(1010)) | !IsEmpty(Control.GetLabel(1011))</visible>
				</control>
				<control type="label">
					<width>10</width>
				</control>
				<control type="label" id="1010">
					<width>1230</width>
					<height>30</height>
					<font>font14</font>
					<textcolor>grey</textcolor>
					<label>$INFO[Window(Home).Property(Widget.Info1)]</label>
					<visible>IsEmpty(Control.GetLabel(8020))</visible>
				</control>
				<control type="label" id="1011">
					<width>828</width>
					<height>30</height>
					<font>font14</font>
					<textcolor>grey</textcolor>
					<label>$INFO[Window(Home).Property(Widget.Info1)]</label>
					<visible>!IsEmpty(Control.GetLabel(8020))</visible>
				</control>
			</control>
			<control type="grouplist">
				<top>412</top>
				<left>555</left>
				<orientation>horizontal</orientation>
				<control type="image">
					<width>35</width>
					<height>35</height>
					<texture>homewidgets/WidgetInfoGenreIcon.png</texture>
					<colordiffuse>AAFFFFFF</colordiffuse>
					<visible>!IsEmpty(Control.GetLabel(1012)) | !IsEmpty(Control.GetLabel(1013))</visible>
				</control>
				<control type="label">
					<width>10</width>
				</control>
				<control type="label" id="1012">
					<width>1230</width>
					<height>30</height>
					<font>font14</font>
					<textcolor>grey</textcolor>
					<label>$INFO[Window(Home).Property(Widget.Info2)]</label>
					<visible>IsEmpty(Control.GetLabel(8020))</visible>
				</control>
				<control type="label" id="1013">
					<width>828</width>
					<height>30</height>
					<font>font14</font>
					<textcolor>grey</textcolor>
					<label>$INFO[Window(Home).Property(Widget.Info2)]</label>
					<visible>!IsEmpty(Control.GetLabel(8020))</visible>
				</control>
			</control>
			<!-- Info Plot-->
			<control type="group">
				<visible>!IntegerGreaterThan(Container(1000).NumItems,0) | !Skin.HasSetting(Enable.CastOnInfo)</visible>
				<control type="textbox">
					<top>459</top>
					<left>555</left>
					<height>290</height>
					<width>1266</width>
					<font>font14_textbox</font>
					<align>justify</align>
					<textcolor>grey</textcolor>
					<shadowcolor>shadow</shadowcolor>
					<autoscroll time="3000" delay="4000" repeat="5000">Skin.HasSetting(Enable.AutoScroll)</autoscroll>
					<label>$INFO[Window(Home).Property(Widget.Plot)]</label>
					<visible>IsEmpty(Control.GetLabel(8020))</visible>
				</control>
				<control type="textbox">
					<top>459</top>
					<left>555</left>
					<height>290</height>
					<width>852</width>
					<font>font14_textbox</font>
					<align>justify</align>
					<textcolor>grey</textcolor>
					<autoscroll time="3000" delay="4000" repeat="5000">Skin.HasSetting(Enable.AutoScroll)</autoscroll>
					<label>$INFO[Window(Home).Property(Widget.Plot)]</label>
					<visible>!IsEmpty(Control.GetLabel(8020))</visible>
				</control>
			</control>
			<control type="group">
				<visible>IntegerGreaterThan(Container(1000).NumItems,0) + Skin.HasSetting(Enable.CastOnInfo)</visible>
				<control type="textbox">
					<top>459</top>
					<left>555</left>
					<height>190</height>
					<width>1266</width>
					<font>font14_textbox</font>
					<align>justify</align>
					<textcolor>grey</textcolor>
					<autoscroll time="3000" delay="4000" repeat="5000">Skin.HasSetting(Enable.AutoScroll)</autoscroll>
					<label>$INFO[Window(Home).Property(Widget.Plot)]</label>
					<visible>IsEmpty(Control.GetLabel(8020))</visible>
				</control>
				<control type="textbox">
					<top>459</top>
					<left>555</left>
					<height>190</height>
					<width>852</width>
					<font>font14_textbox</font>
					<align>justify</align>
					<textcolor>grey</textcolor>
					<autoscroll time="3000" delay="4000" repeat="5000">Skin.HasSetting(Enable.AutoScroll)</autoscroll>
					<label>$INFO[Window(Home).Property(Widget.Plot)]</label>
					<visible>!IsEmpty(Control.GetLabel(8020))</visible>
				</control>
			</control>
			<!-- Info Buttons-->
			<control type="grouplist" id="8050">
				<left>547</left>
				<width>1266</width>
				<top>285</top>
				<height>60</height>
				<orientation>horizontal</orientation>
				<ondown>1000</ondown>
				<control type="button" id="8051">
					<description>Close</description>
					<include>WidgetInfoButtonCommonValues</include>
					<label>15067</label>
					<onclick>Dialog.Close(1199)</onclick>
					<oninfo>Dialog.Close(1199)</oninfo>
				</control>
				<control type="image" id="8052">
					<width>2</width>
					<height>90</height>
					<texture>separator3.png</texture>
				</control>
				<control type="button" id="8053">
					<description>Play Button</description>
					<include>WidgetInfoButtonCommonValues</include>
					<label>208</label>
					<onclick>PlayMedia($INFO[Window(Home).Property(Widget.FilePath)],noresume)</onclick>
					<onclick>Dialog.Close(1199)</onclick>
					<oninfo>Dialog.Close(1199)</oninfo>
					<visible>[!IsEmpty(Window(Home).Property(Widget.FilePath)) + !StringCompare(Window(Home).Property(Widget),trakt) + !StringCompare(Window(Home).Property(Widget),rt) + !StringCompare(Window(Home).Property(Widget),tmdb)] | SubString(Window(Home).Property(Widget.FilePath),playmovie)</visible>
				</control>
				<control type="button" id="8054">
					<description>Play Button</description>
					<include>WidgetInfoButtonCommonValues</include>
					<label>208</label>
					<onclick>PlayMedia($ESCINFO[Window(Home).Property(Widget.FolderPath)],isdir)</onclick>
					<onclick>Dialog.Close(1199)</onclick>
					<oninfo>Dialog.Close(1199)</oninfo>
					<visible>IsEmpty(Window(Home).Property(Widget.FilePath)) + !StringCompare(Window(Home).Property(Widget),trakt) + !StringCompare(Window(Home).Property(Widget),rt) + !StringCompare(Window(Home).Property(Widget),tmdb) + !StringCompare(Window(Home).Property(Widget.Type),tvshows)</visible>
				</control>
				<control type="button" id="8055">
					<description>Extended Info Button</description>
					<include>WidgetInfoButtonCommonValues</include>
					<label>$LOCALIZE[31160] $LOCALIZE[29915]</label>
					<onclick>PlayMedia($ESCINFO[Window(Home).Property(Widget.FolderPath)],noresume)</onclick>
					<onclick>Dialog.Close(1199)</onclick>
					<oninfo>Dialog.Close(1199)</oninfo>
					<visible>!SubString(Window(Home).Property(Widget.FilePath),playtrailer) + !SubString(Window(Home).Property(Widget.FilePath),playmovie) + [StringCompare(Window(Home).Property(Widget),trakt) | StringCompare(Window(Home).Property(Widget),rt) | StringCompare(Window(Home).Property(Widget),tmdb) | SubString(Window(Home).Property(Widget.FilePath),tvinfo)]</visible>
				</control>
				<control type="button" id="8068">
					<description>Open Video Library Button</description>
					<include>WidgetInfoButtonCommonValues</include>
					<label>14022</label>
					<onclick>Dialog.Close(1199)</onclick>
					<onclick>ActivateWindow(Videos,$ESCINFO[Window(Home).Property(Widget.FolderPath)])</onclick>
					<oninfo>Dialog.Close(1199)</oninfo>
					<visible>IsEmpty(Window(Home).Property(Widget.FilePath)) + [StringCompare(Window(Home).Property(Widget),library) | StringCompare(Window(Home).Property(Widget),playlist)] + StringCompare(Window(Home).Property(Widget.Target),video)</visible>
				</control>
				<control type="image" id="8056">
					<width>2</width>
					<height>90</height>
					<texture>separator3.png</texture>
					<visible>Control.IsVisible(8053) | Control.IsVisible(8054) | Control.IsVisible(8055) | Control.IsVisible(8068)</visible>
				</control>
				<control type="button" id="8057">
					<description>Resume Button</description>
					<include>WidgetInfoButtonCommonValues</include>
					<label>$LOCALIZE[13404] $INFO[Window(Home).Property(Widget.Resume),(,%)]</label>
					<onclick>PlayMedia($ESCINFO[Window(Home).Property(Widget.FilePath)],resume)</onclick>
					<onclick>Dialog.Close(1199)</onclick>
					<oninfo>Dialog.Close(1199)</oninfo>
					<visible>IntegerGreaterThan(Window(Home).Property(Widget.Resume),1) + [StringCompare(Window(Home).Property(Widget),library) | StringCompare(Window(Home).Property(Widget),playlist)]</visible>
				</control>
				<control type="image" id="8058">
					<width>2</width>
					<height>90</height>
					<texture>separator3.png</texture>
					<visible>Control.IsVisible(8057)</visible>
				</control>
				<control type="button" id="8059">
					<description>Play Trailer</description>
					<include>WidgetInfoButtonCommonValues</include>
					<label>$LOCALIZE[20410]</label>
					<onclick>PlayMedia($ESCINFO[Window(Home).Property(Widget.Trailer)])</onclick>
					<onclick>Dialog.Close(1199)</onclick>
					<oninfo>Dialog.Close(1199)</oninfo>
					<visible>[!IsEmpty(Window(Home).Property(Widget.Trailer)) + !StringCompare(Window(Home).Property(Widget),trakt) + !StringCompare(Window(Home).Property(Widget),rt) + !StringCompare(Window(Home).Property(Widget),tmdb)] | [!IsEmpty(Window(Home).Property(Widget.Trailer)) + IntegerGreaterThan(Window(Home).Property(Widget.EIDBID),0)]</visible>
				</control>
				<control type="button" id="8060">
					<description>Extended Info Trailer Button</description>
					<include>WidgetInfoButtonCommonValues</include>
					<label>$LOCALIZE[20410]</label>
					<onclick>PlayMedia($ESCINFO[Window(Home).Property(Widget.FolderPath)],noresume)</onclick>
					<onclick>Dialog.Close(1199)</onclick>
					<oninfo>Dialog.Close(1199)</oninfo>
					<visible>SubString(Window(Home).Property(Widget.FilePath),playtrailer) + [StringCompare(Window(Home).Property(Widget),trakt) | StringCompare(Window(Home).Property(Widget),rt) | StringCompare(Window(Home).Property(Widget),tmdb) | SubString(Window(Home).Property(Widget.FilePath),tvinfo)]</visible>
				</control>
				<control type="image" id="8061">
					<width>2</width>
					<height>90</height>
					<texture>separator3.png</texture>
					<visible>Control.IsVisible(8059) | Control.IsVisible(8060)</visible>
				</control>
				<control type="button" id="8062">
					<description>Add to Couch Potato</description>
					<include>WidgetInfoButtonCommonValues</include>
					<label>$ADDON[script.extendedinfo 32165]</label>
					<onclick>RunPlugin(plugin://plugin.video.couchpotato_manager/movies/add?title=$INFO[Window(Home).Property(Widget.Title)])</onclick>
					<onclick>Dialog.Close(1199)</onclick>
					<oninfo>Dialog.Close(1199)</oninfo>
					<visible>System.HasAddon(plugin.video.couchpotato_manager) + IsEmpty(Window(Home).Property(Widget.EIDBID)) + StringCompare(Window(Home).Property(Widget.Type),movies) + [StringCompare(Window(Home).Property(Widget),trakt) | StringCompare(Window(Home).Property(Widget),rt) | StringCompare(Window(Home).Property(Widget),tmdb)]</visible>
				</control>
				<control type="button" id="8063">
					<description>Add to SickRage</description>
					<include>WidgetInfoButtonCommonValues</include>
					<label>$ADDON[script.extendedinfo 32166]</label>
					<onclick>RunPlugin(plugin://plugin.video.sickrage?action=addshow&amp;show_name=$INFO[Window(Home).Property(Widget.Title)])</onclick>
					<onclick>Dialog.Close(1199)</onclick>
					<oninfo>Dialog.Close(1199)</oninfo>
					<visible>System.HasAddon(plugin.video.sickrage) + IsEmpty(Window(Home).Property(Widget.EIDBID)) + StringCompare(Window(Home).Property(Widget.Type),tvshows) + [StringCompare(Window(Home).Property(Widget),trakt) | StringCompare(Window(Home).Property(Widget),tmdb)]</visible>
				</control>
				<control type="image" id="8064">
					<width>2</width>
					<height>90</height>
					<texture>separator3.png</texture>
					<visible>Control.IsVisible(8062) | Control.IsVisible(8063)</visible>
				</control>
				<control type="button" id="8065">
					<description>Youtube Search</description>
					<include>WidgetInfoButtonCommonValues</include>
					<label>YouTube $ADDON[plugin.video.youtube 30102]</label>
					<onclick>RunScript(script.skin.helper.service,action=searchyoutube,title=$INFO[Window(Home).Property(Widget.Title)],header=$ESCINFO[Window(Home).Property(Widget.Title)] YouTube Search)</onclick>
					<onclick>Dialog.Close(1199)</onclick>
					<oninfo>Dialog.Close(1199)</oninfo>
					<visible>System.HasAddon(script.skin.helper.service) + System.HasAddon(plugin.video.youtube) + !StringCompare(Window(Home).Property(Widget.Type),episodes) + StringCompare(Window(Home).Property(Widget.Target),video)</visible>
				</control>
				<control type="button" id="8066">
					<description>Youtube Search</description>
					<include>WidgetInfoButtonCommonValues</include>
					<label>YouTube $ADDON[plugin.video.youtube 30102]</label>
					<onclick>RunScript(script.skin.helper.service,action=searchyoutube,title=$INFO[Window(Home).Property(Widget.SubTitle)],header=$ESCINFO[Window(Home).Property(Widget.SubTitle)] YouTube Search)</onclick>
					<onclick>Dialog.Close(1199)</onclick>
					<oninfo>Dialog.Close(1199)</oninfo>
					<visible>System.HasAddon(script.skin.helper.service) + System.HasAddon(plugin.video.youtube) + StringCompare(Window(Home).Property(Widget.Type),episodes)</visible>
				</control>
				<control type="image" id="8067">
					<width>2</width>
					<height>90</height>
					<texture>separator3.png</texture>
					<visible>Control.IsVisible(8065) | Control.IsVisible(8066)</visible>
				</control>
			</control>
		</control>
		<!-- Square -->
		<control type="group">
			<visible>IsEmpty(Window(Home).Property(Widget.Poster))</visible>
			<control type="image">
				<left></left>
				<centerleft>50%</centerleft>
				<top>90</top>
				<width>1740</width>
				<height>669</height>
				<texture>homewidgets/Info_Separator2.png</texture>
			</control>
			<control type="group">
				<visible>IsEmpty(Window(Home).Property(Widget.Aspect))</visible>
				<control type="image">
					<left>100</left>
					<top>100</top>
					<width>649</width>
					<height>649</height>
					<aspectratio aligny="center">scale</aspectratio>
					<texture>$INFO[Window(Home).Property(Widget.Cover)]</texture>
					<visible>IsEmpty(Window(Home).Property(Widget.Case)) | SubString(Window(Home).Property(Widget.Case),-)</visible>
				</control>
				<control type="image">
					<left>114</left>
					<top>113</top>
					<width>621</width>
					<height>623</height>
					<aspectratio aligny="center">scale</aspectratio>
					<texture>$INFO[Window(Home).Property(Widget.Cover)]</texture>
					<visible>Substring(Window(Home).Property(Widget.Case),glass)</visible>
				</control>
				<control type="image">
					<left>158</left>
					<top>110</top>
					<width>583</width>
					<height>629</height>
					<aspectratio aligny="center">scale</aspectratio>
					<texture>$INFO[Window(Home).Property(Widget.Cover)]</texture>
					<visible>Substring(Window(Home).Property(Widget.Case),case)</visible>
				</control>
			</control>
			<control type="group">
				<visible>!IsEmpty(Window(Home).Property(Widget.Aspect))</visible>
				<control type="image">
					<left>100</left>
					<top>100</top>
					<width>649</width>
					<height>649</height>
					<aspectratio aligny="center">keep</aspectratio>
					<texture>$INFO[Window(Home).Property(Widget.Cover)]</texture>
					<visible>IsEmpty(Window(Home).Property(Widget.Case)) | SubString(Window(Home).Property(Widget.Case),-)</visible>
				</control>
				<control type="image">
					<left>114</left>
					<top>113</top>
					<width>621</width>
					<height>623</height>
					<aspectratio aligny="center">keep</aspectratio>
					<texture>$INFO[Window(Home).Property(Widget.Cover)]</texture>
					<visible>Substring(Window(Home).Property(Widget.Case),glass)</visible>
				</control>
				<control type="image">
					<left>158</left>
					<top>110</top>
					<width>583</width>
					<height>629</height>
					<aspectratio aligny="center">keep</aspectratio>
					<texture>$INFO[Window(Home).Property(Widget.Cover)]</texture>
					<visible>Substring(Window(Home).Property(Widget.Case),case)</visible>
				</control>
			</control>
			<control type="image">
				<left>100</left>
				<top>100</top>
				<width>649</width>
				<height>649</height>
				<texture>$INFO[Window(Home).Property(Widget.Case)]</texture>
			</control>
			<control type="image" id="8021">
				<left>1427</left>
				<top>357</top>
				<width>392</width>
				<height>392</height>
				<texture>$INFO[Window(Home).Property(Widget.DiscArt)]</texture>
				<visible>!IsEmpty(Control.GetLabel(8021))</visible>
			</control>			
			<control type="grouplist">
				<top>99</top>
				<left>757</left>
				<control type="label">
					<width>1063</width>
					<height>35</height>
					<font>font30_title_bold</font>
					<textcolor>grey</textcolor>
					<shadowcolor>shadow</shadowcolor>
					<scroll>true</scroll>
					<label>$INFO[Window(Home).Property(Widget.Title)]</label>
				</control>
				<control type="label">
					<width>1063</width>
					<height>53</height>
					<font>font30</font>
					<textcolor>$VAR[ThemeLabelColor]</textcolor>
					<shadowcolor>shadow</shadowcolor>
					<scroll>true</scroll>
					<label>$INFO[Window(Home).Property(Widget.SubTitle)]</label>
				</control>
			</control>
			<!-- Flags -->
			<control type="grouplist">
				<top>192</top>
				<left>757</left>
				<height>90</height>
				<orientation>horizontal</orientation>
				<control type="label" id="1021">
					<width min="140">auto</width>
					<height>90</height>
					<align>left</align>
					<font>font35_title_bold</font>					
					<label>$INFO[Window(Home).Property(Widget.Year)]</label>
					<visible>!IsEmpty(Control.GetLabel(1021))</visible>
				</control>
				<control type="image">
					<width>2</width>
					<height>90</height>
					<texture>separator3.png</texture>
					<visible>!IsEmpty(Control.GetLabel(1021))</visible>
				</control>
				<control type="image" id="1022">
					<width>140</width>
					<height>90</height>
					<aspectratio>keep</aspectratio>					
					<align>center</align>
					<aligny>center</aligny>
					<texture>$INFO[Window(Home).Property(Widget.FlagsStudio)]</texture>
					<visible>!IsEmpty(Control.GetLabel(1022))</visible>
				</control>
				<control type="image">
					<width>2</width>
					<height>90</height>
					<texture>separator3.png</texture>
					<visible>!IsEmpty(Control.GetLabel(1022))</visible>
				</control>
				<control type="image" id="1023">
					<width>140</width>
					<height>90</height>
					<aspectratio>keep</aspectratio>					
					<align>center</align>
					<aligny>center</aligny>
					<texture>$INFO[Window(Home).Property(Widget.FlagsResolution)]</texture>
					<visible>!IsEmpty(Control.GetLabel(1023))</visible>
				</control>
				<control type="image">
					<width>2</width>
					<height>90</height>
					<texture>separator3.png</texture>
					<visible>!IsEmpty(Control.GetLabel(1023))</visible>
				</control>
				<control type="image" id="1024">
					<width>140</width>
					<height>90</height>
					<aspectratio>keep</aspectratio>					
					<align>center</align>
					<aligny>center</aligny>
					<texture>$INFO[Window(Home).Property(Widget.FlagsSource)]</texture>
					<visible>!IsEmpty(Control.GetLabel(1024))</visible>
				</control>
				<control type="image">
					<width>2</width>
					<height>90</height>
					<texture>separator3.png</texture>
					<visible>!IsEmpty(Control.GetLabel(1024))</visible>
				</control>
				<control type="image" id="1025">
					<width>140</width>
					<height>90</height>
					<aspectratio>keep</aspectratio>					
					<align>center</align>
					<aligny>center</aligny>
					<texture>$INFO[Window(Home).Property(Widget.FlagsAspect)]</texture>
					<visible>!IsEmpty(Control.GetLabel(1025))</visible>
				</control>
				<control type="image">
					<width>2</width>
					<height>90</height>
					<texture>separator3.png</texture>
					<visible>!IsEmpty(Control.GetLabel(1025))</visible>
				</control>
				<control type="image" id="1026">
					<width>140</width>
					<height>90</height>
					<aspectratio>keep</aspectratio>					
					<align>center</align>
					<aligny>center</aligny>
					<texture>$INFO[Window(Home).Property(Widget.FlagsAudio)]</texture>
					<visible>!IsEmpty(Control.GetLabel(1026))</visible>
				</control>
				<control type="image">
					<width>2</width>
					<height>90</height>
					<texture>separator3.png</texture>
					<visible>!IsEmpty(Control.GetLabel(1026))</visible>
				</control>
				<control type="image" id="1027">
					<width>140</width>
					<height>90</height>
					<aspectratio>keep</aspectratio>					
					<align>center</align>
					<aligny>center</aligny>
					<texture>$INFO[Window(Home).Property(Widget.FlagsAudioChannels)]</texture>
					<visible>!IsEmpty(Control.GetLabel(1027))</visible>
				</control>
				<control type="image">
					<width>2</width>
					<height>90</height>
					<texture>separator3.png</texture>
					<visible>!IsEmpty(Control.GetLabel(1027))</visible>
				</control>
				<control type="image">
					<width>260</width>
					<height>90</height>
					<aspectratio>keep</aspectratio>					
					<align>center</align>
					<aligny>center</aligny>
					<texture fallback="rating0.png">$INFO[Window(Home).Property(Widget.StarRating)]</texture>
					<visible>StringCompare(Window(Home).Property(Widget.Type),albums) | StringCompare(Window(Home).Property(Widget.Type),songs)</visible>
				</control>
			</control>
			<!-- Info -->
			<control type="grouplist">
				<top>368</top>
				<left>758</left>
				<orientation>horizontal</orientation>
				<control type="image">
					<width>35</width>
					<height>35</height>
					<texture>homewidgets/WidgetInfoPluginIcon.png</texture>
					<colordiffuse>AAFFFFFF</colordiffuse>
					<visible>!IsEmpty(Control.GetLabel(1028)) | !IsEmpty(Control.GetLabel(1029))</visible>
				</control>
				<control type="label">
					<width>10</width>
				</control>
				<control type="label" id="1028">
					<width>1027</width>
					<height>30</height>
					<font>font14</font>
					<textcolor>grey</textcolor>
					<label>$INFO[Window(Home).Property(Widget.Info1)]</label>
					<visible>IsEmpty(Control.GetLabel(8021))</visible>
				</control>
				<control type="label" id="1029">
					<width>625</width>
					<height>30</height>
					<font>font14</font>
					<textcolor>grey</textcolor>
					<label>$INFO[Window(Home).Property(Widget.Info1)]</label>
					<visible>!IsEmpty(Control.GetLabel(8021))</visible>
				</control>
			</control>
			<control type="grouplist">
				<top>412</top>
				<left>758</left>
				<orientation>horizontal</orientation>
				<control type="image">
					<width>35</width>
					<height>35</height>
					<texture>homewidgets/WidgetInfoGenreIcon.png</texture>
					<colordiffuse>AAFFFFFF</colordiffuse>
					<visible>!IsEmpty(Control.GetLabel(1030)) | !IsEmpty(Control.GetLabel(1031))</visible>
				</control>
				<control type="label">
					<width>10</width>
				</control>
				<control type="label" id="1030">
					<width>1028</width>
					<height>30</height>
					<font>font14</font>
					<textcolor>grey</textcolor>
					<label>$INFO[Window(Home).Property(Widget.Info2)]</label>
					<visible>IsEmpty(Control.GetLabel(8021))</visible>
				</control>
				<control type="label" id="1031">
					<width>625</width>
					<height>30</height>
					<font>font14</font>
					<textcolor>grey</textcolor>
					<label>$INFO[Window(Home).Property(Widget.Info2)]</label>
					<visible>!IsEmpty(Control.GetLabel(8021))</visible>
				</control>
			</control>
			<!-- Info Plot -->
			<control type="textbox">
				<top>459</top>
				<left>758</left>
				<height>290</height>
				<width>1063</width>
				<font>font14_textbox</font>
				<align>justify</align>
				<textcolor>grey</textcolor>
				<autoscroll time="3000" delay="4000" repeat="5000">Skin.HasSetting(Enable.AutoScroll)</autoscroll>
				<label>$INFO[Window(Home).Property(Widget.Plot)]</label>
				<visible>IsEmpty(Control.GetLabel(8021))</visible>
			</control>
			<control type="textbox">
				<top>459</top>
				<left>758</left>
				<height>290</height>
				<width>649</width>
				<font>font14_textbox</font>
				<align>justify</align>
				<textcolor>grey</textcolor>
				<autoscroll time="3000" delay="4000" repeat="5000">Skin.HasSetting(Enable.AutoScroll)</autoscroll>
				<label>$INFO[Window(Home).Property(Widget.Plot)]</label>
				<visible>!IsEmpty(Control.GetLabel(8021))</visible>
			</control>
			<!-- Info Buttons -->
			<control type="grouplist" id="8050">
				<left>750</left>
				<width>1063</width>
				<top>285</top>
				<height>60</height>
				<orientation>horizontal</orientation>
				<control type="button" id="8071">
					<description>Close</description>
					<include>WidgetInfoButtonCommonValues</include>
					<label>15067</label>
					<onclick>Dialog.Close(1199)</onclick>
					<oninfo>Dialog.Close(1199)</oninfo>
				</control>
				<control type="image" id="8072">
					<width>2</width>
					<height>90</height>
					<texture>separator3.png</texture>
				</control>
				<control type="button" id="8073">
					<description>Play Button</description>
					<include>WidgetInfoButtonCommonValues</include>
					<label>208</label>
					<onclick>PlayMedia($ESCINFO[Window(Home).Property(Widget.FilePath)],noresume)</onclick>
					<onclick>Dialog.Close(1199)</onclick>
					<oninfo>Dialog.Close(1199)</oninfo>
					<visible>!IsEmpty(Window(Home).Property(Widget.FilePath)) + [StringCompare(Window(Home).Property(Widget.Target),video) | StringCompare(Window(Home).Property(Widget.Target),music)] + !StringCompare(Window(Home).Property(Widget.Type),addon)</visible>
				</control>
				<control type="button" id="8074">
					<description>Play Button</description>
					<include>WidgetInfoButtonCommonValues</include>
					<label>208</label>
					<onclick>PlayMedia($ESCINFO[Window(Home).Property(Widget.FolderPath)],isdir)</onclick>
					<onclick>Dialog.Close(1199)</onclick>
					<oninfo>Dialog.Close(1199)</oninfo>
					<visible>IsEmpty(Window(Home).Property(Widget.FilePath)) + [StringCompare(Window(Home).Property(Widget.Target),video) | StringCompare(Window(Home).Property(Widget.Target),music)] + !StringCompare(Window(Home).Property(Widget.Type),artists) + !StringCompare(Window(Home).Property(Widget.Type),addon)</visible>
				</control>
				<control type="image" id="8075">
					<width>2</width>
					<height>90</height>
					<texture>separator3.png</texture>
					<visible>Control.IsVisible(8073) | Control.IsVisible(8074)</visible>
				</control>
				<control type="button" id="8081">
					<description>Open Music Library Button</description>
					<include>WidgetInfoButtonCommonValues</include>
					<label>14022</label>
					<onclick>Dialog.Close(1199)</onclick>
					<onclick>ActivateWindow(Music,$ESCINFO[Window(Home).Property(Widget.FolderPath)])</onclick>
					<oninfo>Dialog.Close(1199)</oninfo>
					<visible>[StringCompare(Window(Home).Property(Widget),library) | StringCompare(Window(Home).Property(Widget),playlist)] + StringCompare(Window(Home).Property(Widget.Target),music) + !SubString(Window(Home).Property(Widget.FolderPath),skin.helper) + !SubString(Window(Home).Property(Widget.FolderPath),library.data) + !StringCompare(Window(Home).Property(Widget.Type),songs)</visible>
				</control>
				<control type="button" id="8082">
					<description>Open Video Library Button</description>
					<include>WidgetInfoButtonCommonValues</include>
					<label>14022</label>
					<onclick>Dialog.Close(1199)</onclick>
					<onclick>ActivateWindow(Videos,$ESCINFO[Window(Home).Property(Widget.FolderPath)])</onclick>
					<oninfo>Dialog.Close(1199)</oninfo>
					<visible>IsEmpty(Window(Home).Property(Widget.FilePath)) + [StringCompare(Window(Home).Property(Widget),library) | StringCompare(Window(Home).Property(Widget),playlist)] + StringCompare(Window(Home).Property(Widget.Target),video)</visible>
				</control>
				<control type="button" id="8083">
					<description>Open Addon Button</description>
					<include>WidgetInfoButtonCommonValues</include>
					<label>502</label>
					<onclick>Dialog.Close(1199)</onclick>
					<onclick>ActivateWindow(Programs,$ESCINFO[Window(Home).Property(Widget.FolderPath)])</onclick>
					<oninfo>Dialog.Close(1199)</oninfo>
					<visible>StringCompare(Window(Home).Property(Widget),addon) + StringCompare(Window(Home).Property(Widget.Type),addon)</visible>
				</control>
				<control type="image" id="8084">
					<width>2</width>
					<height>90</height>
					<texture>separator3.png</texture>
					<visible>Control.IsVisible(8081) | Control.IsVisible(8082) | Control.IsVisible(8083)</visible>
				</control>
				<control type="button" id="8076">
					<description>Resume Button</description>
					<include>WidgetInfoButtonCommonValues</include>
					<label>$LOCALIZE[13404] $INFO[Window(Home).Property(Widget.Resume),(,%)]</label>
					<onclick>PlayMedia($ESCINFO[Window(Home).Property(Widget.FilePath)],resume)</onclick>
					<onclick>Dialog.Close(1199)</onclick>
					<oninfo>Dialog.Close(1199)</oninfo>
					<visible>IntegerGreaterThan(Window(Home).Property(Widget.Resume),1) + [StringCompare(Window(Home).Property(Widget),library) | StringCompare(Window(Home).Property(Widget),playlist)]</visible>
				</control>
				<control type="image" id="8077">
					<width>2</width>
					<height>90</height>
					<texture>separator3.png</texture>
					<visible>Control.IsVisible(8076)</visible>
				</control>
				<control type="button" id="8078">
					<description>Youtube Search</description>
					<include>WidgetInfoButtonCommonValues</include>
					<label>YouTube $ADDON[plugin.video.youtube 30102]</label>
					<onclick>RunScript(script.skin.helper.service,action=searchyoutube,title=$INFO[Window(Home).Property(Widget.SubTitle)] official,header=$ESCINFO[Window(Home).Property(Widget.SubTitle)] YouTube Search)</onclick>
					<onclick>Dialog.Close(1199)</onclick>
					<oninfo>Dialog.Close(1199)</oninfo>
					<visible>System.HasAddon(script.skin.helper.service) + System.HasAddon(plugin.video.youtube) + [StringCompare(Window(Home).Property(Widget),library) | StringCompare(Window(Home).Property(Widget),playlist)] + !StringCompare(Window(Home).Property(Widget.Type),artists) + !StringCompare(Window(Home).Property(Widget.Type),pvr) + [StringCompare(Window(Home).Property(Widget.Target),video) | StringCompare(Window(Home).Property(Widget.Target),music)]</visible>
				</control>
				<control type="button" id="8079">
					<description>Youtube Search</description>
					<include>WidgetInfoButtonCommonValues</include>
					<label>YouTube $ADDON[plugin.video.youtube 30102]</label>
					<onclick>RunScript(script.skin.helper.service,action=searchyoutube,title=$INFO[Window(Home).Property(Widget.Title)] official,header=$ESCINFO[Window(Home).Property(Widget.Title)] YouTube Search)</onclick>
					<onclick>Dialog.Close(1199)</onclick>
					<oninfo>Dialog.Close(1199)</oninfo>
					<visible>System.HasAddon(script.skin.helper.service) + System.HasAddon(plugin.video.youtube) + [StringCompare(Window(Home).Property(Widget),library) | StringCompare(Window(Home).Property(Widget),playlist)] + StringCompare(Window(Home).Property(Widget.Type),artists) + [StringCompare(Window(Home).Property(Widget.Target),video) | StringCompare(Window(Home).Property(Widget.Target),music)]</visible>
				</control>
				<control type="image" id="8080">
					<width>2</width>
					<height>90</height>
					<texture>separator3.png</texture>
					<visible>Control.IsVisible(8078) | Control.IsVisible(8079)</visible>
				</control>
			</control>
		</control>
	</controls>
</window>