<?xml version="1.0" encoding="utf-8"?>
<window>
	<include>Animation_DialogPopup</include>
	<controls>
		<control type="group" id="2000">
			<left>1140</left>
			<top>57</top>
			<width>764</width>
			<height>136</height>
			<control type="image" id="2001">
				<left>-4</left>
				<top>-4</top>
				<width>776</width>
				<height>147</height>
				<texture border="40">dialogs/default/bg.png</texture>
			</control>
			<control type="label" id="2002">
				<top>30</top>
				<left>100</left>
				<width>564</width>
				<height>32</height>
				<textcolor>white3</textcolor>
				<scroll>true</scroll>
			</control>
			<control type="label" id="2003">
				<top>72</top>
				<left>100</left>
				<width>564</width>
				<height>32</height>
				<textcolor>white3</textcolor>
				<scroll>true</scroll>
			</control>
		</control>
	</controls>
</window>