<?xml version="1.0" encoding="UTF-8"?>
<window>
	<defaultcontrol always="true">9000</defaultcontrol>
	<controls>
		<control type="group">
			<include>WindowASViewAnimation</include>
			<left>0</left>
			<top>128</top>
			<control type="group">
				<include>SystemLeftPanel</include>
				<control type="image">
					<left>82</left>
					<top>32</top>
					<width>356</width>
					<height>356</height>
					<aspectratio>keep</aspectratio>
					<texture>$INFO[ListItem.Icon]</texture>
					<bordertexture border="1,1,2,1">thumbs/panel_border.png</bordertexture>
					<bordersize>1,1,2,1</bordersize>
				</control>
				<control type="grouplist" id="9000">
					<left>82</left>
					<top>392</top>
					<width>356</width>
					<height>480</height>
					<onleft>60</onleft>
					<onright>60</onright>
					<onup>9000</onup>
					<ondown>9000</ondown>
					<itemgap>0</itemgap>
					<animation effect="fade" start="100" end="50" time="300" tween="sine" easing="inout" condition="Window.IsActive(textviewer)">Conditional</animation>
					<control type="button" id="9">
						<description>Configure Addon</description>
						<width>356</width>
						<height>68.57</height>
						<label>24020</label>
						<align>left</align>
						<font>font15</font>
					</control>
					<control type="button" id="8">
						<description>Update Addon button</description>
						<width>356</width>
						<height>68.57</height>
						<label>24069</label>
						<align>left</align>
						<font>font15</font>
					</control>
					<control type="radiobutton" id="13">
						<description>Auto Update Addon button</description>
						<width>356</width>
						<height>68.57</height>
						<label>21340</label>
						<align>left</align>
						<font>font15</font>
					</control>
					<control type="button" id="12">
						<description>Launch Addon button</description>
						<width>356</width>
						<height>68.57</height>
						<label>518</label>
						<align>left</align>
						<font>font15</font>
					</control>
					<control type="button" id="6">
						<description>Install/UnInstall Addon button</description>
						<width>356</width>
						<height>68.57</height>
						<label>24022</label>
						<align>left</align>
						<font>font15</font>
					</control>
					<control type="button" id="7">
						<description>Enable/Disable Addon button</description>
						<width>356</width>
						<height>68.57</height>
						<label>24021</label>
						<align>left</align>
						<font>font15</font>
					</control>
					<control type="button" id="10">
						<description>Changelog button</description>
						<width>356</width>
						<height>68.57</height>
						<label>24036</label>
						<align>left</align>
						<font>font15</font>
					</control>
				</control>
			</control>
			<control type="group">
				<include>SystemRightPanel</include>
				<control type="group">
					<left>490</left>
					<visible>!Window.isVisible(AddonSettings) + !Window.IsActive(TextViewer)</visible>
					<include>SettingsFadeEffect</include>
					<control type="grouplist">
						<left>32</left>
						<top>32</top>
						<width>658</width>
						<itemgap>10</itemgap>
						<control type="button">
							<label>[COLOR $VAR[ThemeLabelColor]]$LOCALIZE[21863]:[/COLOR][CR]$INFO[ListItem.Property(Addon.Creator)]</label>
							<include>SettingsPanelButtonsValues</include>
						</control>
						<control type="button">
							<label>[COLOR $VAR[ThemeLabelColor]]$LOCALIZE[24051][/COLOR][CR]$INFO[ListItem.Property(Addon.Version)]</label>
							<include>SettingsPanelButtonsValues</include>
						</control>
					</control>
					<control type="grouplist">
						<left>690</left>
						<top>32</top>
						<itemgap>10</itemgap>
						<width>658</width>
						<usecontrolcoords>true</usecontrolcoords>
						<control type="button">
							<label>[COLOR $VAR[ThemeLabelColor]]$LOCALIZE[146][/COLOR][CR]$INFO[ListItem.Property(Addon.Type)]</label>
							<include>SettingsPanelButtonsValues</include>
						</control>
						<control type="button">
							<label>[COLOR $VAR[ThemeLabelColor]]$LOCALIZE[560]:[/COLOR][CR]$INFO[ListItem.Property(Addon.ID)]</label>
							<include>SettingsPanelButtonsValues</include>
						</control>
					</control>
					<control type="grouplist">
						<left>47</left>
						<top>230</top>
						<usecontrolcoords>true</usecontrolcoords>
						<control type="textbox" id="401">
							<description>Summary</description>
							<width>1256</width>
							<height>175</height>
							<font>font15_textbox</font>
							<align>justify</align>
							<textcolor>grey2</textcolor>
							<label>[COLOR $VAR[ThemeLabelColor]]$LOCALIZE[20037]: [/COLOR][CR]$INFO[ListItem.Property(Addon.Summary)]</label>
							<pagecontrol>60</pagecontrol>
							<autoscroll time="3000" delay="4000" repeat="5000">Skin.HasSetting(Enable.AutoScroll)</autoscroll>
							<visible>!StringCompare(ListItem.Property(Addon.Summary),ListItem.Property(Addon.Description))</visible>
						</control>
						<control type="textbox" id="400">
							<description>Description</description>
							<width>1256</width>
							<height>294</height>
							<font>font15_textbox</font>
							<align>justify</align>
							<textcolor>grey2</textcolor>
							<label>[COLOR $VAR[ThemeLabelColor]]$LOCALIZE[21821]: [/COLOR][CR]$INFO[ListItem.Property(Addon.Description)]</label>
							<pagecontrol>60</pagecontrol>
							<autoscroll time="3000" delay="4000" repeat="5000">Skin.HasSetting(Enable.AutoScroll)</autoscroll>
						</control>
						<control type="textbox">
							<description>Disclaimer</description>
							<top>35</top>
							<width>1256</width>
							<height>130</height>
							<font>font16_textbox</font>
							<align>justify</align>
							<textcolor>grey2</textcolor>
							<label>[COLOR $VAR[ThemeLabelColor]]$LOCALIZE[24052]: [/COLOR][CR]$INFO[ListItem.Property(Addon.Disclaimer)]</label>
							<autoscroll time="2000" delay="3000" repeat="5000">true</autoscroll>
							<visible>!IsEmpty(ListItem.Property(Addon.Disclaimer))</visible>
						</control>
					</control>
					<control type="scrollbar" id="60">
						<left>1347</left>
						<top>232</top>
						<width>14</width>
						<height>294</height>
						<onleft>9000</onleft>
						<onright>9000</onright>
						<ondown>60</ondown>
						<onup>60</onup>
						<showonepage>false</showonepage>
						<texturesliderbackground>-</texturesliderbackground>
						<texturesliderbar colordiffuse="55ffffff" border="1">scrollbar/texturesliderbar2.png</texturesliderbar>
						<texturesliderbarfocus border="1">scrollbar/texturesliderbar2.png</texturesliderbarfocus>
					</control>
				</control>
				<control type="image">
					<description>separator image</description>
					<left>522</left>
					<top>665</top>
					<width>1316</width>
					<height>60</height>
					<texture border="1">separator2.png</texture>
				</control>
			</control>
			<control type="group">
				<left>522</left>
				<top>751</top>
				<include>SettingsFadeEffect</include>
				<visible>!Window.isVisible(AddonSettings) + !Window.IsActive(TextViewer)</visible>
				<visible>!IsEmpty(ListItem.Property(Addon.broken))</visible>
				<control type="image">
					<width>120</width>
					<height>120</height>
					<aspectratio align="left">keep</aspectratio>
					<bordertexture border="1,1,2,1">thumbs/panel_border3.png</bordertexture>
					<bordersize>1,1,2,1</bordersize>
					<texture>DefaultIconError.png</texture>
				</control>
				<control type="fadelabel">
					<left>120</left>
					<top>10</top>
					<width>1181</width>
					<height>115</height>
					<aligny>top</aligny>
					<textcolor>$VAR[ThemeLabelColor]</textcolor>
					<wrapmultiline>true</wrapmultiline>
					<textoffsetx>15</textoffsetx>
					<font>font15_title</font>
					<label>24096</label>
				</control>
				<control type="fadelabel">
					<left>120</left>
					<top>55</top>
					<width>1181</width>
					<height>50</height>
					<textcolor>grey2</textcolor>
					<textoffsetx>15</textoffsetx>
					<font>font15</font>
					<label>$INFO[ListItem.Property(Addon.Broken)]</label>
				</control>
			</control>
		</control>
	</controls>
</window>