<?xml version="1.0" encoding="UTF-8"?>
<window>
	<coordinates>
		<left>460</left>
		<top>33</top>
	</coordinates>
	<zorder>5</zorder>
	<include>Animation_DialogPopup</include>
	<controls>
		<control type="group">
			<control type="image">
				<description>background image</description>
				<left>0</left>
				<top>0</top>
				<width>1000</width>
				<height>166</height>
				<texture border="40">dialogs/default/bg.png</texture>
			</control>
			<control type="image">
				<left>30</left>
				<top>32</top>
				<width>940</width>
				<height>102</height>
				<texture border="5">dialogs/default/inner.png</texture>
			</control>
			<control type="image" id="400">
				<description>avatar</description>
				<left>30</left>
				<top>34</top>
				<width>100</width>
				<height>100</height>
				<bordersize>1</bordersize>
				<aspectratio>keep</aspectratio>
			</control>
			<control type="fadelabel" id="401">
				<description>Line 1 Label</description>
				<left>140</left>
				<top>34</top>
				<width>806</width>
				<height>50</height>
				<font>font15_title</font>
				<textoffsetx>15</textoffsetx>
				<textcolor>$VAR[ThemeLabelColor]</textcolor>
				<align>center</align>
				<aligny>center</aligny>
				<scrollout>false</scrollout>
				<pauseatend>2000</pauseatend>
			</control>
			<control type="fadelabel" id="402">
				<description>Line 2 Label</description>
				<left>140</left>
				<top>84</top>
				<width>806</width>
				<height>30</height>
				<font>font15</font>
				<textoffsetx>15</textoffsetx>
				<textcolor>grey2</textcolor>
				<align>center</align>
				<aligny>center</aligny>
				<scrollout>false</scrollout>
				<pauseatend>2000</pauseatend>
			</control>
		</control>
	</controls>
</window>