<?xml version="1.0" encoding="UTF-8"?>
<!--========================================================================-->
<!--   ###	  ########	#######	 ##	   ##	 ##	   ##  #######	##	   ##	-->
<!--  ## ##	  ##	   ##	  ## ###   ##	 ###   ## ##	 ##	 ##	  ##	-->
<!--##	  ##  ##	   ##	  ## ####  ##	 ####  ## ##	 ##	  ## ##		-->
<!--##	   ## ######   ##	  ## ## ## ##	 ## ## ## ##	 ##	   ###		-->
<!--######### ##	   ##	  ## ##	 ####	 ##	 #### ##	 ##	  ## ##		-->
<!--##	   ## ##	   ##	  ## ##	  ###	 ##	  ### ##	 ##	 ##	  ##	-->
<!--##	   ## ########	#######	 ##	   ##	 ##	   ##  #######	##	   ##	-->
<!--========================================================================-->
<window>
	<defaultcontrol>-</defaultcontrol>
	<coordinates>
		<system>0</system>
		<left>1830</left>
		<top>0</top>
	</coordinates>
	<animation effect="slide" start="120" end="0,0" time="200">WindowOpen</animation>
	<animation effect="slide" start="0" end="120" time="200">WindowClose</animation>
	<controls>
		<control type="image">
			<left>20</left>
			<top>56</top>
			<width>90</width>
			<height>80</height>
			<texture border="40,0,40,35">dialog_bottom2.png</texture>
			<animation effect="rotate" end="-90" center="auto" delay="240" time="640" condition="True">Conditional</animation>
		</control>
		<control type="button">
			<left>6</left>
			<top>73</top>
			<label></label>
			<onclick>Mute</onclick>
			<aligny>top</aligny>
			<textoffsety>2</textoffsety>
			<height>120</height>
			<width>120</width>
			<align>center</align>
			<font>IconMedium</font>
			<textcolor>grey</textcolor>
			<focusedcolor>white</focusedcolor>
			<texturenofocus>-</texturenofocus>
			<shadowcolor>ff000000</shadowcolor>
		</control>
	</controls>
</window>