<?xml version="1.0" encoding="UTF-8"?>
<fonts>
	<fontset id="Default" idloc="31390">
		<!-- Normal Fonts -->
		<font>
			<name>hand_45</name>
			<filename>fafers.ttf</filename>
			<size>45</size>
		</font>
		<font>
			<name>fontArial15</name>
			<filename>Arial.ttf</filename>
			<size>35</size>
		</font>
		<font>
			<name>font10</name>
			<filename>RobotoCondensed-Regular.ttf</filename>
			<size>21</size>
		</font>
		<font>
			<name>font11_compact</name>
			<filename>RobotoCondensed-Regular.ttf</filename>
			<size>24</size>
			<linespacing>.8</linespacing>
		</font>
		<font>
			<name>font12</name>
			<filename>RobotoCondensed-Regular.ttf</filename>
			<size>26</size>
		</font>
		<font>
			<name>font13</name>
			<filename>RobotoCondensed-Regular.ttf</filename>
			<size>30</size>
		</font>
		<font>
			<name>font13_bold</name>
			<filename>RobotoCondensed-Regular.ttf</filename>
			<style>bold</style>
			<size>30</size>
		</font>
		<font>
			<name>font14_textbox</name>
			<filename>RobotoCondensed-Regular.ttf</filename>
			<size>33</size>
			<linespacing>1.27</linespacing>
		</font>
		<font>
			<name>font14_textbox2</name>
			<filename>RobotoCondensed-Regular.ttf</filename>
			<size>33</size>
			<linespacing>1.1</linespacing>
		</font>
		<font>
			<name>font15_textbox</name>
			<filename>RobotoCondensed-Regular.ttf</filename>
			<size>35</size>
			<linespacing>1.4</linespacing>
		</font>
		<font>
			<name>font14</name>
			<filename>RobotoCondensed-Regular.ttf</filename>
			<size>33</size>
		</font>
		<font>
			<name>font14_bold</name>
			<filename>RobotoCondensed-Regular.ttf</filename>
			<style>bold</style>
			<size>33</size>
		</font>
		<font>
			<name>font15</name>
			<filename>RobotoCondensed-Regular.ttf</filename>
			<size>35</size>
		</font>
		<font>
			<name>font15_bold</name>
			<filename>RobotoCondensed-Regular.ttf</filename>
			<style>bold</style>
			<size>35</size>
		</font>
		<font>
			<name>font16</name>
			<filename>RobotoCondensed-Regular.ttf</filename>
			<size>38</size>
		</font>
		<font>
			<name>font16_textbox</name>
			<filename>RobotoCondensed-Regular.ttf</filename>
			<size>38</size>
			<linespacing>1.4</linespacing>
		</font>
		<font>
			<name>font30</name>
			<filename>RobotoCondensed-Regular.ttf</filename>
			<size>45</size>
		</font>
		<font>
			<name>font48</name>
			<filename>RobotoCondensed-Regular.ttf</filename>
			<size>48</size>
		</font>
		<font>
			<name>font48_bold</name>
			<filename>RobotoCondensed-Regular.ttf</filename>
			<style>bold</style>
			<size>48</size>
		</font>
		<!-- LiveTV Fonts -->
		<font>
			<name>font65</name>
			<filename>RobotoCondensed-Regular.ttf</filename>
			<size>65</size>
		</font>
		<font>
			<name>font58</name>
			<filename>RobotoCondensed-Regular.ttf</filename>
			<size>58</size>
		</font>
		<font>
			<name>font24_bold</name>
			<filename>RobotoCondensed-Regular.ttf</filename>
			<size>24</size>
			<style>bold</style>
		</font>
		<font>
			<name>font28_bold</name>
			<filename>RobotoCondensed-Regular.ttf</filename>
			<size>28</size>
			<style>bold</style>
		</font>
		<font>
			<name>font52_bold</name>
			<filename>RobotoCondensed-Regular.ttf</filename>
			<style>bold</style>
			<size>48</size>
		</font>
		<font>
			<name>font11</name>
			<filename>RobotoCondensed-Regular.ttf</filename>
			<size>24</size>
		</font>
		<font>
			<name>font12b</name>
			<filename>RobotoCondensed-Regular.ttf</filename>
			<size>27</size>
		</font>
		<font>
			<name>font13b</name>
			<filename>RobotoCondensed-Regular.ttf</filename>
			<size>32</size>
		</font>
		<!-- Title Fonts -->
		<font>
			<name>font10_title</name>
			<filename>RobotoCondensed-Regular.ttf</filename>
			<style>uppercase</style>
			<size>18</size>
		</font>
		<font>
			<name>font11_title</name>
			<filename>RobotoCondensed-Regular.ttf</filename>
			<style>uppercase</style>
			<size>22</size>
		</font>
		<font>
			<name>font12_title</name>
			<filename>RobotoCondensed-Regular.ttf</filename>
			<style>uppercase</style>
			<size>26</size>
		</font>
		<font>
			<name>font13_title</name>
			<filename>RobotoCondensed-Regular.ttf</filename>
			<style>uppercase</style>
			<size>30</size>
		</font>
		<font>
			<name>font14_title</name>
			<filename>RobotoCondensed-Regular.ttf</filename>
			<style>uppercase</style>
			<size>33</size>
		</font>
		<font>
			<name>font15_title</name>
			<filename>RobotoCondensed-Regular.ttf</filename>
			<style>uppercase</style>
			<size>35</size>
		</font>
		<font>
			<name>font16_title</name>
			<filename>RobotoCondensed-Regular.ttf</filename>
			<style>uppercase</style>
			<size>38</size>
		</font>
		<font>
			<name>font16_title_bold</name>
			<filename>RobotoCondensed-Regular.ttf</filename>
			<style>uppercase bold</style>
			<size>38</size>
		</font>
		<font>
			<name>font24_title</name>
			<filename>RobotoCondensed-Regular.ttf</filename>
			<style>uppercase</style>
			<size>36</size>
		</font>
		<font>
			<name>font28_title</name>
			<filename>RobotoCondensed-Regular.ttf</filename>
			<style>uppercase</style>
			<size>42</size>
		</font>
		<font>
			<name>font30_title</name>
			<filename>RobotoCondensed-Regular.ttf</filename>
			<style>uppercase</style>
			<size>45</size>
		</font>
		<font>
			<name>font30_title_bold</name>
			<filename>RobotoCondensed-Regular.ttf</filename>
			<style>uppercase bold</style>
			<size>45</size>
		</font>
		<font>
			<name>font48_title</name>
			<filename>RobotoCondensed-Regular.ttf</filename>
			<style>uppercase</style>
			<size>48</size>
		</font>
		<font>
			<name>font35_title</name>
			<filename>RobotoCondensed-Regular.ttf</filename>
			<style>uppercase</style>
			<size>52</size>
		</font>
		<font>
			<name>font35_title_bold</name>
			<filename>RobotoCondensed-Regular.ttf</filename>
			<style>uppercase bold</style>
			<size>52</size>
		</font>
		<font>
			<name>font45caps_title</name>
			<filename>RobotoCondensed-Regular.ttf</filename>
			<style>uppercase</style>
			<size>68</size>
		</font>
		<font>
			<name>font80caps_title</name>
			<filename>RobotoCondensed-Regular.ttf</filename>
			<style>uppercase</style>
			<size>80</size>
		</font>
		<font>
			<name>font_musicviz</name>
			<filename>BebasNeue.ttf</filename>
			<linespacing>0</linespacing>
			<size>92</size>
		</font>
		<font>
			<name>font_MainMenu</name>
			<filename>BebasNeue.ttf</filename>
			<linespacing>0</linespacing>
			<size>112</size>
		</font>
		<font>
			<name>BigAssFont</name>
			<filename>BebasNeue.ttf</filename>
			<size>600</size>
		</font>
		<font>
			<name>BigAssTimeFont</name>
			<filename>RobotoCondensed-Regular.ttf</filename>
			<size>180</size>
			<linespacing>.8</linespacing>
		</font>
		<font>
			<name>WeatherTemp</name>
			<filename>RobotoCondensed-Regular.ttf</filename>
			<style>uppercase</style>
			<size>120</size>
		</font>
		<!-- Icons -->
		<font>
			<name>IconTiny</name>
			<filename>webhostinghub-glyphs.ttf</filename>
			<size>26</size>
		</font>
		<font>
			<name>IconSmall</name>
			<filename>webhostinghub-glyphs.ttf</filename>
			<size>30</size>
		</font>
		<font>
			<name>IconMedium</name>
			<filename>webhostinghub-glyphs.ttf</filename>
			<size>36</size>
		</font>
		<font>
			<name>CloseButton</name>
			<filename>webhostinghub-glyphs.ttf</filename>
			<size>20</size>
		</font>
		<!-- Misc Fonts -->
		<font>
			<name>fontCDartist</name>
			<filename>fafers.ttf</filename>
			<size>45</size>
			<linespacing>.8</linespacing>
		</font>
		<font>
			<name>fontCDalbum</name>
			<filename>fafers.ttf</filename>
			<size>36</size>
			<linespacing>.8</linespacing>
		</font>
	</fontset>
	<fontset id="Default_old" idloc="31221">
		<!-- Normal Fonts -->
		<font>
			<name>hand_45</name>
			<filename>fafers.ttf</filename>
			<size>45</size>
		</font>
		<font>
			<name>fontArial15</name>
			<filename>Arial.ttf</filename>
			<size>35</size>
		</font>
		<font>
			<name>font10</name>
			<filename>RobotoCondensed-Regular.ttf</filename>
			<size>21</size>
		</font>
		<font>
			<name>font11_compact</name>
			<filename>RobotoCondensed-Regular.ttf</filename>
			<size>24</size>
			<linespacing>.8</linespacing>
		</font>
		<font>
			<name>font12</name>
			<filename>RobotoCondensed-Regular.ttf</filename>
			<size>35</size>
		</font>
		<font>
			<name>font13</name>
			<filename>RobotoCondensed-Regular.ttf</filename>
			<size>30</size>
		</font>
		<font>
			<name>font13_bold</name>
			<filename>RobotoCondensed-Regular.ttf</filename>
			<style>bold</style>
			<size>30</size>
		</font>
		<font>
			<name>font14_textbox</name>
			<filename>RobotoCondensed-Regular.ttf</filename>
			<size>33</size>
			<linespacing>1.27</linespacing>
		</font>
		<font>
			<name>font14_textbox2</name>
			<filename>RobotoCondensed-Regular.ttf</filename>
			<size>33</size>
			<linespacing>1.1</linespacing>
		</font>
		<font>
			<name>font15_textbox</name>
			<filename>RobotoCondensed-Regular.ttf</filename>
			<size>35</size>
			<linespacing>1.4</linespacing>
		</font>
		<font>
			<name>font14</name>
			<filename>RobotoCondensed-Regular.ttf</filename>
			<size>40</size>
		</font>
		<font>
			<name>font14_bold</name>
			<filename>RobotoCondensed-Regular.ttf</filename>
			<style>bold</style>
			<size>33</size>
		</font>
		<font>
			<name>font15</name>
			<filename>RobotoCondensed-Regular.ttf</filename>
			<size>46</size>
		</font>
		<font>
			<name>font15_bold</name>
			<filename>RobotoCondensed-Regular.ttf</filename>
			<style>bold</style>
			<size>35</size>
		</font>
		<font>
			<name>font16</name>
			<filename>RobotoCondensed-Regular.ttf</filename>
			<size>38</size>
		</font>
		<font>
			<name>font16_textbox</name>
			<filename>RobotoCondensed-Regular.ttf</filename>
			<size>38</size>
			<linespacing>1.4</linespacing>
		</font>
		<font>
			<name>font30</name>
			<filename>RobotoCondensed-Regular.ttf</filename>
			<size>45</size>
		</font>
		<font>
			<name>font48</name>
			<filename>RobotoCondensed-Regular.ttf</filename>
			<size>48</size>
		</font>
		<font>
			<name>font48_bold</name>
			<filename>RobotoCondensed-Regular.ttf</filename>
			<style>bold</style>
			<size>48</size>
		</font>
		<!-- LiveTV Fonts -->
		<font>
			<name>font65</name>
			<filename>RobotoCondensed-Regular.ttf</filename>
			<size>65</size>
		</font>
		<font>
			<name>font58</name>
			<filename>RobotoCondensed-Regular.ttf</filename>
			<size>58</size>
		</font>
		<font>
			<name>font24_bold</name>
			<filename>RobotoCondensed-Regular.ttf</filename>
			<size>24</size>
			<style>bold</style>
		</font>
		<font>
			<name>font28_bold</name>
			<filename>RobotoCondensed-Regular.ttf</filename>
			<size>28</size>
			<style>bold</style>
		</font>
		<font>
			<name>font52_bold</name>
			<filename>RobotoCondensed-Regular.ttf</filename>
			<style>bold</style>
			<size>48</size>
		</font>
		<font>
			<name>font11</name>
			<filename>RobotoCondensed-Regular.ttf</filename>
			<size>24</size>
		</font>
		<font>
			<name>font12b</name>
			<filename>RobotoCondensed-Regular.ttf</filename>
			<size>27</size>
		</font>
		<font>
			<name>font13b</name>
			<filename>RobotoCondensed-Regular.ttf</filename>
			<size>32</size>
		</font>
		<!-- Title Fonts -->
		<font>
			<name>font10_title</name>
			<filename>RobotoCondensed-Regular.ttf</filename>
			<style>uppercase</style>
			<size>18</size>
		</font>
		<font>
			<name>font11_title</name>
			<filename>RobotoCondensed-Regular.ttf</filename>
			<style>uppercase</style>
			<size>22</size>
		</font>
		<font>
			<name>font12_title</name>
			<filename>RobotoCondensed-Regular.ttf</filename>
			<style>uppercase</style>
			<size>26</size>
		</font>
		<font>
			<name>font13_title</name>
			<filename>RobotoCondensed-Regular.ttf</filename>
			<style>uppercase</style>
			<size>39</size>
		</font>
		<font>
			<name>font14_title</name>
			<filename>RobotoCondensed-Regular.ttf</filename>
			<style>uppercase</style>
			<size>33</size>
		</font>
		<font>
			<name>font15_title</name>
			<filename>RobotoCondensed-Regular.ttf</filename>
			<style>uppercase</style>
			<size>35</size>
		</font>
		<font>
			<name>font16_title</name>
			<filename>RobotoCondensed-Regular.ttf</filename>
			<style>uppercase</style>
			<size>38</size>
		</font>
		<font>
			<name>font16_title_bold</name>
			<filename>RobotoCondensed-Regular.ttf</filename>
			<style>uppercase bold</style>
			<size>38</size>
		</font>
		<font>
			<name>font24_title</name>
			<filename>RobotoCondensed-Regular.ttf</filename>
			<style>uppercase</style>
			<size>36</size>
		</font>
		<font>
			<name>font28_title</name>
			<filename>RobotoCondensed-Regular.ttf</filename>
			<style>uppercase</style>
			<size>42</size>
		</font>
		<font>
			<name>font30_title</name>
			<filename>RobotoCondensed-Regular.ttf</filename>
			<style>uppercase</style>
			<size>45</size>
		</font>
		<font>
			<name>font30_title_bold</name>
			<filename>RobotoCondensed-Regular.ttf</filename>
			<style>uppercase bold</style>
			<size>45</size>
		</font>
		<font>
			<name>font48_title</name>
			<filename>RobotoCondensed-Regular.ttf</filename>
			<style>uppercase</style>
			<size>48</size>
		</font>
		<font>
			<name>font35_title</name>
			<filename>RobotoCondensed-Regular.ttf</filename>
			<style>uppercase</style>
			<size>52</size>
		</font>
		<font>
			<name>font35_title_bold</name>
			<filename>RobotoCondensed-Regular.ttf</filename>
			<style>uppercase bold</style>
			<size>52</size>
		</font>
		<font>
			<name>font45caps_title</name>
			<filename>RobotoCondensed-Regular.ttf</filename>
			<style>uppercase</style>
			<size>68</size>
		</font>
		<font>
			<name>font80caps_title</name>
			<filename>RobotoCondensed-Regular.ttf</filename>
			<style>uppercase</style>
			<size>80</size>
		</font>
		<font>
			<name>font_musicviz</name>
			<filename>BebasNeue.ttf</filename>
			<linespacing>0</linespacing>
			<size>92</size>
		</font>
		<font>
			<name>font_MainMenu</name>
			<filename>BebasNeue.ttf</filename>
			<linespacing>0</linespacing>
			<size>112</size>
		</font>
		<font>
			<name>BigAssFont</name>
			<filename>BebasNeue.ttf</filename>
			<size>600</size>
		</font>
		<font>
			<name>BigAssTimeFont</name>
			<filename>RobotoCondensed-Regular.ttf</filename>
			<size>180</size>
			<linespacing>.8</linespacing>
		</font>
		<font>
			<name>WeatherTemp</name>
			<filename>RobotoCondensed-Regular.ttf</filename>
			<style>uppercase</style>
			<size>120</size>
		</font>
		<!-- Icons -->
		<font>
			<name>IconTiny</name>
			<filename>webhostinghub-glyphs.ttf</filename>
			<size>26</size>
		</font>
		<font>
			<name>IconSmall</name>
			<filename>webhostinghub-glyphs.ttf</filename>
			<size>30</size>
		</font>
		<font>
			<name>IconMedium</name>
			<filename>webhostinghub-glyphs.ttf</filename>
			<size>36</size>
		</font>
		<font>
			<name>CloseButton</name>
			<filename>webhostinghub-glyphs.ttf</filename>
			<size>20</size>
		</font>
		<!-- Misc Fonts -->
		<font>
			<name>fontCDartist</name>
			<filename>fafers.ttf</filename>
			<size>45</size>
			<linespacing>.8</linespacing>
		</font>
		<font>
			<name>fontCDalbum</name>
			<filename>fafers.ttf</filename>
			<size>36</size>
			<linespacing>.8</linespacing>
		</font>
	</fontset>
	<fontset id="Arial" idloc="31391">
		<!-- Normal Fonts -->
		<font>
			<name>fontArial15</name>
			<filename>Arial.ttf</filename>
			<size>35</size>
		</font>
		<font>
			<name>font10</name>
			<filename>arial.ttf</filename>
			<size>18</size>
		</font>
		<font>
			<name>font12</name>
			<filename>arial.ttf</filename>
			<size>23</size>
		</font>
		<font>
			<name>font13</name>
			<filename>arial.ttf</filename>
			<size>27</size>
		</font>
		<font>
			<name>font14_textbox</name>
			<filename>arial.ttf</filename>
			<size>30</size>
			<linespacing>1.27</linespacing>
		</font>
		<font>
			<name>font14_textbox2</name>
			<filename>arial.ttf</filename>
			<size>30</size>
			<linespacing>1.1</linespacing>
		</font>
		<font>
			<name>font15_textbox</name>
			<filename>arial.ttf</filename>
			<size>32</size>
			<linespacing>1.4</linespacing>
		</font>
		<font>
			<name>font15_textbox2</name>
			<filename>arial.ttf</filename>
			<size>32</size>
			<linespacing>1.26</linespacing>
		</font>
		<font>
			<name>font14</name>
			<filename>arial.ttf</filename>
			<size>30</size>
		</font>
		<font>
			<name>font15</name>
			<filename>arial.ttf</filename>
			<size>32</size>
		</font>
		<font>
			<name>font15_bold</name>
			<filename>arial.ttf</filename>
			<style>bold</style>
			<size>32</size>
		</font>
		<font>
			<name>font16</name>
			<filename>arial.ttf</filename>
			<size>35</size>
		</font>
		<font>
			<name>font16_bold</name>
			<filename>arial.ttf</filename>
			<style>bold</style>
			<size>35</size>
		</font>
		<font>
			<name>font30</name>
			<filename>arial.ttf</filename>
			<size>42</size>
		</font>
		<font>
			<name>font48</name>
			<filename>arial.ttf</filename>
			<size>45</size>
		</font>
		<!-- LiveTV Fonts -->
		<font>
			<name>font65</name>
			<filename>arial.ttf</filename>
			<size>62</size>
		</font>
		<font>
			<name>font58</name>
			<filename>arial.ttf</filename>
			<size>55</size>
		</font>
		<font>
			<name>font24_bold</name>
			<filename>arial.ttf</filename>
			<size>21</size>
			<style>bold</style>
		</font>
		<font>
			<name>font28_bold</name>
			<filename>arial.ttf</filename>
			<size>25</size>
			<style>bold</style>
		</font>
		<font>
			<name>font52_bold</name>
			<filename>arial.ttf</filename>
			<style>bold</style>
			<size>45</size>
		</font>
		<font>
			<name>font11</name>
			<filename>arial.ttf</filename>
			<size>21</size>
		</font>
		<font>
			<name>font12b</name>
			<filename>arial.ttf</filename>
			<size>24</size>
		</font>
		<font>
			<name>font13b</name>
			<filename>arial.ttf</filename>
			<size>29</size>
		</font>
		<!-- Title Fonts -->
		<font>
			<name>font12_title</name>
			<filename>arial.ttf</filename>
			<style>uppercase</style>
			<size>23</size>
		</font>
		<font>
			<name>font13_title</name>
			<filename>arial.ttf</filename>
			<style>uppercase</style>
			<size>35</size>
		</font>
		<font>
			<name>font14_title</name>
			<filename>arial.ttf</filename>
			<style>uppercase</style>
			<size>30</size>
		</font>
		<font>
			<name>font15_title</name>
			<filename>arial.ttf</filename>
			<style>uppercase</style>
			<size>32</size>
		</font>
		<font>
			<name>font16_title</name>
			<filename>arial.ttf</filename>
			<style>uppercase</style>
			<size>35</size>
		</font>
		<font>
			<name>font16_title_bold</name>
			<filename>arial.ttf</filename>
			<style>uppercase bold</style>
			<size>35</size>
		</font>
		<font>
			<name>font24_title</name>
			<filename>arial.ttf</filename>
			<style>uppercase</style>
			<size>33</size>
		</font>
		<font>
			<name>font28_title</name>
			<filename>arial.ttf</filename>
			<style>uppercase</style>
			<size>39</size>
		</font>
		<font>
			<name>font30_title</name>
			<filename>arial.ttf</filename>
			<style>uppercase</style>
			<size>42</size>
		</font>
		<font>
			<name>font30_title_bold</name>
			<filename>arial.ttf</filename>
			<style>uppercase bold</style>
			<size>42</size>
		</font>
		<font>
			<name>font48_title</name>
			<filename>arial.ttf</filename>
			<style>uppercase</style>
			<size>45</size>
		</font>
		<font>
			<name>font35_title</name>
			<filename>arial.ttf</filename>
			<style>uppercase</style>
			<size>49</size>
		</font>
		<font>
			<name>font45caps_title</name>
			<filename>arial.ttf</filename>
			<style>uppercase</style>
			<size>65</size>
		</font>
		<font>
			<name>font80caps_title</name>
			<filename>arial.ttf</filename>
			<style>uppercase</style>
			<size>77</size>
		</font>
		<font>
			<name>font_musicviz</name>
			<filename>arial.ttf</filename>
			<linespacing>0</linespacing>
			<style>uppercase</style>
			<size>65</size>
		</font>
		<font>
			<name>font_MainMenu</name>
			<filename>arial.ttf</filename>
			<linespacing>0</linespacing>
			<style>uppercase</style>
			<size>78</size>
		</font>
		<font>
			<name>BigAssFont</name>
			<filename>arial.ttf</filename>
			<size>550</size>
		</font>
		<font>
			<name>WeatherTemp</name>
			<filename>arial.ttf</filename>
			<style>uppercase</style>
			<size>117</size>
		</font>
		<!-- Icons -->
		<font>
			<name>IconTiny</name>
			<filename>webhostinghub-glyphs.ttf</filename>
			<size>26</size>
		</font>
		<font>
			<name>IconSmall</name>
			<filename>webhostinghub-glyphs.ttf</filename>
			<size>30</size>
		</font>
		<font>
			<name>IconMedium</name>
			<filename>webhostinghub-glyphs.ttf</filename>
			<size>36</size>
		</font>
		<font>
			<name>CloseButton</name>
			<filename>webhostinghub-glyphs.ttf</filename>
			<size>20</size>
		</font>
		<!-- Misc Fonts -->
		<font>
			<name>fontCDartist</name>
			<filename>fafers.ttf</filename>
			<size>45</size>
			<linespacing>.8</linespacing>
		</font>
		<font>
			<name>fontCDalbum</name>
			<filename>fafers.ttf</filename>
			<size>36</size>
			<linespacing>.8</linespacing>
		</font>
	</fontset>
	<fontset id="aero" idloc="31276">
		<!-- Normal Fonts -->
		<font>
			<name>fontAero15</name>
			<filename>aero.ttf</filename>
			<size>35</size>
		</font>
		<font>
			<name>font10</name>
			<filename>aero.ttf</filename>
			<size>18</size>
		</font>
		<font>
			<name>font12</name>
			<filename>aero.ttf</filename>
			<size>23</size>
		</font>
		<font>
			<name>font13</name>
			<filename>aero.ttf</filename>
			<size>27</size>
		</font>
		<font>
			<name>font14_textbox</name>
			<filename>aero.ttf</filename>
			<size>30</size>
			<linespacing>1.27</linespacing>
		</font>
		<font>
			<name>font14_textbox2</name>
			<filename>aero.ttf</filename>
			<size>30</size>
			<linespacing>1.1</linespacing>
		</font>
		<font>
			<name>font15_textbox</name>
			<filename>aero.ttf</filename>
			<size>32</size>
			<linespacing>1.4</linespacing>
		</font>
		<font>
			<name>font15_textbox2</name>
			<filename>aero.ttf</filename>
			<size>32</size>
			<linespacing>1.26</linespacing>
		</font>
		<font>
			<name>font14</name>
			<filename>aero.ttf</filename>
			<size>30</size>
		</font>
		<font>
			<name>font15</name>
			<filename>aero.ttf</filename>
			<size>32</size>
		</font>
		<font>
			<name>font15_bold</name>
			<filename>aero.ttf</filename>
			<style>bold</style>
			<size>32</size>
		</font>
		<font>
			<name>font16</name>
			<filename>aero.ttf</filename>
			<size>35</size>
		</font>
		<font>
			<name>font16_bold</name>
			<filename>aero.ttf</filename>
			<style>bold</style>
			<size>35</size>
		</font>
		<font>
			<name>font30</name>
			<filename>aero.ttf</filename>
			<size>42</size>
		</font>
		<font>
			<name>font48</name>
			<filename>aero.ttf</filename>
			<size>45</size>
		</font>
		<!-- LiveTV Fonts -->
		<font>
			<name>font65</name>
			<filename>aero.ttf</filename>
			<size>62</size>
		</font>
		<font>
			<name>font58</name>
			<filename>aero.ttf</filename>
			<size>55</size>
		</font>
		<font>
			<name>font24_bold</name>
			<filename>aero.ttf</filename>
			<size>21</size>
			<style>bold</style>
		</font>
		<font>
			<name>font28_bold</name>
			<filename>aero.ttf</filename>
			<size>25</size>
			<style>bold</style>
		</font>
		<font>
			<name>font52_bold</name>
			<filename>aero.ttf</filename>
			<style>bold</style>
			<size>45</size>
		</font>
		<font>
			<name>font11</name>
			<filename>aero.ttf</filename>
			<size>21</size>
		</font>
		<font>
			<name>font12b</name>
			<filename>aero.ttf</filename>
			<size>24</size>
		</font>
		<font>
			<name>font13b</name>
			<filename>aero.ttf</filename>
			<size>29</size>
		</font>
		<!-- Title Fonts -->
		<font>
			<name>font12_title</name>
			<filename>aero.ttf</filename>
			<style>uppercase</style>
			<size>23</size>
		</font>
		<font>
			<name>font13_title</name>
			<filename>aero.ttf</filename>
			<style>uppercase</style>
			<size>38</size>
		</font>
		<font>
			<name>font14_title</name>
			<filename>aero.ttf</filename>
			<style>uppercase</style>
			<size>30</size>
		</font>
		<font>
			<name>font15_title</name>
			<filename>aero.ttf</filename>
			<style>uppercase</style>
			<size>32</size>
		</font>
		<font>
			<name>font16_title</name>
			<filename>aero.ttf</filename>
			<style>uppercase</style>
			<size>35</size>
		</font>
		<font>
			<name>font16_title_bold</name>
			<filename>aero.ttf</filename>
			<style>uppercase bold</style>
			<size>35</size>
		</font>
		<font>
			<name>font24_title</name>
			<filename>aero.ttf</filename>
			<style>uppercase</style>
			<size>33</size>
		</font>
		<font>
			<name>font28_title</name>
			<filename>aero.ttf</filename>
			<style>uppercase</style>
			<size>39</size>
		</font>
		<font>
			<name>font30_title</name>
			<filename>aero.ttf</filename>
			<style>uppercase</style>
			<size>42</size>
		</font>
		<font>
			<name>font30_title_bold</name>
			<filename>aero.ttf</filename>
			<style>uppercase bold</style>
			<size>42</size>
		</font>
		<font>
			<name>font48_title</name>
			<filename>aero.ttf</filename>
			<style>uppercase</style>
			<size>45</size>
		</font>
		<font>
			<name>font35_title</name>
			<filename>aero.ttf</filename>
			<style>uppercase</style>
			<size>49</size>
		</font>
		<font>
			<name>font45caps_title</name>
			<filename>aero.ttf</filename>
			<style>uppercase</style>
			<size>65</size>
		</font>
		<font>
			<name>font80caps_title</name>
			<filename>aero.ttf</filename>
			<style>uppercase</style>
			<size>77</size>
		</font>
		<font>
			<name>font_musicviz</name>
			<filename>aero.ttf</filename>
			<linespacing>0</linespacing>
			<style>uppercase</style>
			<size>65</size>
		</font>
		<font>
			<name>font_MainMenu</name>
			<filename>aero.ttf</filename>
			<linespacing>0</linespacing>
			<style>uppercase</style>
			<size>72</size>
		</font>
		<font>
			<name>BigAssFont</name>
			<filename>aero.ttf</filename>
			<size>550</size>
		</font>
		<font>
			<name>WeatherTemp</name>
			<filename>aero.ttf</filename>
			<style>uppercase</style>
			<size>117</size>
		</font>
		<!-- Icons -->
		<font>
			<name>IconTiny</name>
			<filename>webhostinghub-glyphs.ttf</filename>
			<size>26</size>
		</font>
		<font>
			<name>IconSmall</name>
			<filename>webhostinghub-glyphs.ttf</filename>
			<size>30</size>
		</font>
		<font>
			<name>IconMedium</name>
			<filename>webhostinghub-glyphs.ttf</filename>
			<size>36</size>
		</font>
		<font>
			<name>CloseButton</name>
			<filename>webhostinghub-glyphs.ttf</filename>
			<size>20</size>
		</font>
		<!-- Misc Fonts -->
		<font>
			<name>fontCDartist</name>
			<filename>fafers.ttf</filename>
			<size>45</size>
			<linespacing>.8</linespacing>
		</font>
		<font>
			<name>fontCDalbum</name>
			<filename>fafers.ttf</filename>
			<size>36</size>
			<linespacing>.8</linespacing>
		</font>
		</fontset>
			<fontset id="heros" idloc="31998">
		<!-- Normal Fonts -->
		<font>
			<name>fontAero15</name>
			<filename>heros.ttf</filename>
			<size>35</size>
		</font>
		<font>
			<name>font10</name>
			<filename>heros.ttf</filename>
			<size>18</size>
		</font>
		<font>
			<name>font12</name>
			<filename>heros.ttf</filename>
			<size>23</size>
		</font>
		<font>
			<name>font13</name>
			<filename>heros.ttf</filename>
			<size>27</size>
		</font>
		<font>
			<name>font14_textbox</name>
			<filename>heros.ttf</filename>
			<size>30</size>
			<linespacing>1.27</linespacing>
		</font>
		<font>
			<name>font14_textbox2</name>
			<filename>heros.ttf</filename>
			<size>30</size>
			<linespacing>1.1</linespacing>
		</font>
		<font>
			<name>font15_textbox</name>
			<filename>heros.ttf</filename>
			<size>32</size>
			<linespacing>1.4</linespacing>
		</font>
		<font>
			<name>font15_textbox2</name>
			<filename>heros.ttf</filename>
			<size>32</size>
			<linespacing>1.26</linespacing>
		</font>
		<font>
			<name>font14</name>
			<filename>heros.ttf</filename>
			<size>30</size>
		</font>
		<font>
			<name>font15</name>
			<filename>heros.ttf</filename>
			<size>32</size>
		</font>
		<font>
			<name>font15_bold</name>
			<filename>heros.ttf</filename>
			<style>bold</style>
			<size>32</size>
		</font>
		<font>
			<name>font16</name>
			<filename>heros.ttf</filename>
			<size>35</size>
		</font>
		<font>
			<name>font16_bold</name>
			<filename>heros.ttf</filename>
			<style>bold</style>
			<size>35</size>
		</font>
		<font>
			<name>font30</name>
			<filename>heros.ttf</filename>
			<size>42</size>
		</font>
		<font>
			<name>font48</name>
			<filename>heros.ttf</filename>
			<size>45</size>
		</font>
		<!-- LiveTV Fonts -->
		<font>
			<name>font65</name>
			<filename>heros.ttf</filename>
			<size>62</size>
		</font>
		<font>
			<name>font58</name>
			<filename>heros.ttf</filename>
			<size>55</size>
		</font>
		<font>
			<name>font24_bold</name>
			<filename>heros.ttf</filename>
			<size>21</size>
			<style>bold</style>
		</font>
		<font>
			<name>font28_bold</name>
			<filename>heros.ttf</filename>
			<size>25</size>
			<style>bold</style>
		</font>
		<font>
			<name>font52_bold</name>
			<filename>heros.ttf</filename>
			<style>bold</style>
			<size>45</size>
		</font>
		<font>
			<name>font11</name>
			<filename>heros.ttf</filename>
			<size>21</size>
		</font>
		<font>
			<name>font12b</name>
			<filename>heros.ttf</filename>
			<size>24</size>
		</font>
		<font>
			<name>font13b</name>
			<filename>heros.ttf</filename>
			<size>29</size>
		</font>
		<!-- Title Fonts -->
		<font>
			<name>font12_title</name>
			<filename>heros.ttf</filename>
			<style>uppercase</style>
			<size>23</size>
		</font>
		<font>
			<name>font13_title</name>
			<filename>heros.ttf</filename>
			<style>uppercase</style>
			<size>37</size>
		</font>
		<font>
			<name>font14_title</name>
			<filename>heros.ttf</filename>
			<style>uppercase</style>
			<size>30</size>
		</font>
		<font>
			<name>font15_title</name>
			<filename>heros.ttf</filename>
			<style>uppercase</style>
			<size>32</size>
		</font>
		<font>
			<name>font16_title</name>
			<filename>heros.ttf</filename>
			<style>uppercase</style>
			<size>35</size>
		</font>
		<font>
			<name>font16_title_bold</name>
			<filename>heros.ttf</filename>
			<style>uppercase bold</style>
			<size>35</size>
		</font>
		<font>
			<name>font24_title</name>
			<filename>heros.ttf</filename>
			<style>uppercase</style>
			<size>33</size>
		</font>
		<font>
			<name>font28_title</name>
			<filename>heros.ttf</filename>
			<style>uppercase</style>
			<size>39</size>
		</font>
		<font>
			<name>font30_title</name>
			<filename>heros.ttf</filename>
			<style>uppercase</style>
			<size>42</size>
		</font>
		<font>
			<name>font30_title_bold</name>
			<filename>heros.ttf</filename>
			<style>uppercase bold</style>
			<size>42</size>
		</font>
		<font>
			<name>font48_title</name>
			<filename>heros.ttf</filename>
			<style>uppercase</style>
			<size>45</size>
		</font>
		<font>
			<name>font35_title</name>
			<filename>heros.ttf</filename>
			<style>uppercase</style>
			<size>49</size>
		</font>
		<font>
			<name>font45caps_title</name>
			<filename>heros.ttf</filename>
			<style>uppercase</style>
			<size>65</size>
		</font>
		<font>
			<name>font80caps_title</name>
			<filename>heros.ttf</filename>
			<style>uppercase</style>
			<size>77</size>
		</font>
		<font>
			<name>font_musicviz</name>
			<filename>heros.ttf</filename>
			<linespacing>0</linespacing>
			<style>uppercase</style>
			<size>65</size>
		</font>
		<font>
			<name>font_MainMenu</name>
			<filename>heros.ttf</filename>
			<linespacing>0</linespacing>
			<style>uppercase</style>
			<size>72</size>
		</font>
		<font>
			<name>BigAssFont</name>
			<filename>heros.ttf</filename>
			<size>550</size>
		</font>
		<font>
			<name>WeatherTemp</name>
			<filename>heros.ttf</filename>
			<style>uppercase</style>
			<size>117</size>
		</font>
		<!-- Icons -->
		<font>
			<name>IconTiny</name>
			<filename>webhostinghub-glyphs.ttf</filename>
			<size>26</size>
		</font>
		<font>
			<name>IconSmall</name>
			<filename>webhostinghub-glyphs.ttf</filename>
			<size>30</size>
		</font>
		<font>
			<name>IconMedium</name>
			<filename>webhostinghub-glyphs.ttf</filename>
			<size>36</size>
		</font>
		<font>
			<name>CloseButton</name>
			<filename>webhostinghub-glyphs.ttf</filename>
			<size>20</size>
		</font>
		<!-- Misc Fonts -->
		<font>
			<name>fontCDartist</name>
			<filename>fafers.ttf</filename>
			<size>45</size>
			<linespacing>.8</linespacing>
		</font>
		<font>
			<name>fontCDalbum</name>
			<filename>fafers.ttf</filename>
			<size>36</size>
			<linespacing>.8</linespacing>
		</font>
		</fontset>
</fonts>