<?xml version="1.0" encoding="UTF-8"?>
<includes>
	<include name="CommonBackground">
		<control type="group">
			<animation effect="fade" time="600">WindowOpen</animation>
			<animation effect="fade" time="600">WindowClose</animation>
			<include condition="Window.IsActive(home)">HomeFanart</include>
			<include condition="!Window.IsActive(home)">GlobalFanart</include>
			<include condition="Window.IsActive(home)">LiveCasesBackground</include>
			<include condition="Window.IsActive(home)">skinshortcuts-template-widget.1.backgroundFanart</include>
			<include condition="Window.IsActive(home)">skinshortcuts-template-widget.1b.backgroundFanart</include>
			<include condition="Window.IsActive(home)">skinshortcuts-template-widget.1c.backgroundFanart</include>
			<include condition="Window.IsActive(home)">skinshortcuts-template-widget.1d.backgroundFanart</include>
			<include condition="Window.IsActive(home)">skinshortcuts-template-widget.2.backgroundFanart</include>
			<include condition="Window.IsActive(home)">skinshortcuts-template-widget.2b.backgroundFanart</include>
			<include condition="Window.IsActive(home)">skinshortcuts-template-widget.2c.backgroundFanart</include>
			<include condition="Window.IsActive(home)">skinshortcuts-template-widget.2d.backgroundFanart</include>
			<include condition="Window.IsActive(videos) + !IsEmpty(Skin.String(VideoGenreFanartPath))">VideoGenreFanart</include>
			<include condition="Window.IsActive(musiclibrary) + !IsEmpty(Skin.String(MusicGenreFanartPath))">MusicGenreFanart</include>
			<include condition="Window.IsActive(script-NextAired-TVGuide.xml) | Window.IsActive(script-NextAired-TVGuide2.xml)">TVShowNextAiredBackground</include>
			<include condition="Window.IsActive(weather)">WeatherBackground</include>
			<include condition="Window.IsActive(script-globalsearch-main.xml)">GlobalSearchBG</include>
			<control type="visualisation">
				<include>FullscreenDimensions</include>
				<visible>Player.HasAudio</visible>
				<visible>!Skin.HasSetting(Disable.ShowBackgroundVis)</visible>
				<visible>!Window.IsVisible(TVChannels) + !Window.IsVisible(RadioChannels)</visible>
				<visible>IsEmpty(Window(Videos).Property(PlayingBackgroundMedia))</visible>
			</control>
			<!-- <control type="image">
				<include>FullscreenDimensions</include>
				<texture>black.png</texture>
				<animation effect="fade" start="100" end="20" time="240" condition="true">conditional</animation>
				<visible>Skin.HasSetting(MakeItSnow) + !Player.HasVideo</visible>
				<visible>![Control.IsVisible(502) | Control.IsVisible(503) | Control.IsVisible(504) | Control.IsVisible(505) | Control.IsVisible(508) | Control.IsVisible(609) | [Control.IsVisible(507) + Skin.HasSetting(alternatebiglistlayout)] | [Control.IsVisible(51) + Skin.HasSetting(Enable.AlternateInfowall)] | Control.IsVisible(506)]</visible>
			</control> -->
			<include>SnowBackground</include>
		</control>
		<control type="group">
			<control type="image">
				<include>FullscreenDimensions</include>
				<texture>black.png</texture>
				<visible>[Player.HasVideo + !Skin.HasSetting(Disable.ShowBackgroundVideo) + !Window.IsVisible(TVChannels) + !Window.IsVisible(RadioChannels)]</visible>
			</control>
			<control type="videowindow">
				<include>FullscreenDimensions</include>
				<visible>Player.HasVideo + !Skin.HasSetting(Disable.ShowBackgroundVideo) + !Window.IsVisible(TVChannels) + !Window.IsVisible(RadioChannels)</visible>
			</control>
			<control type="image">
				<include>FullscreenDimensions</include>
				<texture>black.png</texture>
				<visible>!Window.IsVisible(skinsettings)</visible>
				<visible>Control.IsVisible(502) | Control.IsVisible(503) | Control.IsVisible(504) | Control.IsVisible(505) | Control.IsVisible(508) | Control.IsVisible(609) | [Control.IsVisible(507) + Skin.HasSetting(alternatebiglistlayout)] | [Control.IsVisible(51) + Skin.HasSetting(Enable.AlternateInfowall)] | [Player.HasVideo + !Skin.HasSetting(Disable.ShowBackgroundVideo) + Control.IsVisible(509)] | Control.IsVisible(506)</visible>
				<animation effect="fade" start="100" end="55" time="240" condition="true">conditional</animation>
			</control>
		</control>
		<control type="group">
			<visible>Control.IsVisible(50) | Control.IsVisible(602) | Control.IsVisible(55) | Control.IsVisible(500) | Control.IsVisible(499) | [Control.IsVisible(51) + !Skin.HasSetting(Enable.AlternateInfowall)] | Control.IsVisible(58) | Control.IsVisible(601) | Control.IsVisible(52) | Control.IsVisible(53) | [Control.IsVisible(507) + !Skin.HasSetting(alternatebiglistlayout)] | Control.IsVisible(54)</visible>
			<control type="image">
				<left>0</left>
				<top>0</top>
				<width>696</width>
				<height>1080</height>
				<texture border="1">vignette.png</texture>
			</control>
			<control type="image">
				<left>696r</left>
				<top>0</top>
				<width>696</width>
				<height>1080</height>
				<texture flipx="true" border="1">vignette.png</texture>
			</control>
		</control>
		<include>NewInfoPanel</include>
		<control type="group">
			<include>Window_OpenClose_Animation</include>
			<visible>Control.IsVisible(50) | [Control.IsVisible(51) + !Skin.HasSetting(Enable.AlternateInfowall)] | Control.IsVisible(52) | Control.IsVisible(53) | Control.IsVisible(54) | Control.IsVisible(55) | Control.IsVisible(56) | Control.IsVisible(57) | Control.IsVisible(58) | Control.IsVisible(499) | Control.IsVisible(500) | Control.IsVisible(601) | Control.IsVisible(602) | Control.IsVisible(509) | [Control.IsVisible(507) + !Skin.HasSetting(alternatebiglistlayout)] | Window.IsActive(script-NextAired-TVGuide.xml) | Window.IsActive(script-NextAired-TVGuide2.xml) | Window.IsActive(SettingsCategory.xml) | Window.IsActive(script-globalsearch-main.xml) | Window.IsActive(weather) | [Control.IsVisible(506) + Container.Content(movies) + IsEmpty(Skin.String(506.movies.ViewFloorStatus))] | [Control.IsVisible(506) + Container.Content(tvshows) + IsEmpty(Skin.String(506.tvshows.ViewFloorStatus))] | [Control.IsVisible(506) + Container.Content(seasons) + IsEmpty(Skin.String(506.seasons.ViewFloorStatus))] | [Control.IsVisible(506) + Container.Content(episodes) + IsEmpty(Skin.String(506.episodes.ViewFloorStatus))] | Window.IsActive(script-globalsearch-main.xml) | Window.IsActive(skinsettings) | Window.IsActive(filemanager) | [Window.IsActive(addoninformation) + Control.IsVisible(503)]</visible>
			<include>ViewAnimation</include>
			<animation effect="slide" start="0,0" end="0,80" time="720" tween="cubic" easing="inout" condition="![[Control.IsVisible(52) + !Window.IsActive(systeminfo)] | Control.IsVisible(53) | Control.IsVisible(54) | Control.IsVisible(56) | Control.IsVisible(500) | Control.IsVisible(57)] | Window.IsActive(skinsettings) | Window.IsActive(1140)">Conditional</animation>
			<animation effect="slide" start="0,0" end="0,40" time="720" tween="cubic" easing="inout" condition="Control.IsVisible(506) + !Window.IsActive(skinsettings)">Conditional</animation>
			<animation effect="slide" end="0,70" time="0" reversible="false" condition="Control.IsVisible(53) + Container.Content(genres)">Conditional</animation>
			<control type="image">
				<left>0</left>
				<top>400</top>
				<width>FullScreenWidth</width>
				<height>680</height>
				<texture>floor.png</texture>
				<colordiffuse>$VAR[ThemeLabelColor]</colordiffuse>
			</control>
		</control>
		<control type="group">
			<include>Window_OpenClose_Animation</include>
			<control type="image">
				<include>FullscreenDimensions</include>
				<texture border="1">logo_back.png</texture>
				<visible>Control.IsVisible(59) | Control.IsVisible(591) | Control.IsVisible(592)</visible>
			</control>
		</control>
	</include>
	<include name="VideoGenreFanart">
		<control type="image" id="4980">
			<description>Normal Default Background Image</description>
			<include>FullscreenDimensions</include>
			<include>AnimatedBackgroundAnimation</include>
			<aspectratio>scale</aspectratio>
			<fadetime>FanartCrossfadeTime</fadetime>
			<texture background="true" fallback="special://skin/backgrounds/fallback_movies.jpg">$INFO[Skin.String(VideoGenreFanartPath)]$INFO[ListItem.Label,,.jpg]</texture>
			<visible>Container.Content(genres)</visible>
		</control>
	</include>
	<include name="MusicGenreFanart">
		<control type="image">
			<description>Normal Default Background Image</description>
			<include>FullscreenDimensions</include>
			<include>AnimatedBackgroundAnimation</include>
			<aspectratio>scale</aspectratio>
			<fadetime>FanartCrossfadeTime</fadetime>
			<texture background="true" fallback="special://skin/backgrounds/fallback_music.jpg">$INFO[Skin.String(MusicGenreFanartPath)]$INFO[ListItem.Label,,.jpg]</texture>
			<visible>Container.Content(genres)</visible>
		</control>
	</include>
	<include name="GlobalFanart">
		<control type="list" id="9033">
			<include>HiddenList</include>
			<content>
				<include condition="Window.IsActive(pictures)">PicturesFallback</include>
				<include condition="Window.IsActive(musiclibrary) | Window.IsActive(musicplaylist)">MusicFallback</include>
				<include condition="Window.IsActive(MyPVRChannels.xml) | Window.IsActive(MyPVRGuide.xml) | Window.IsActive(MyPVRRecordings.xml) | Window.IsActive(MyPVRSearch.xml) | Window.IsActive(MyPVRTimers.xml)">LiveTVFallback</include>
				<include condition="Window.IsActive(programs)">AppsFallback</include>
				<include condition="Window.IsActive(SettingsCategory.xml) | Window.IsActive(systeminfo) | Window.IsActive(skinsettings) | Window.IsActive(settings) | Window.IsActive(addonbrowser) | Window.IsActive(filemanager) | Window.IsActive(eventlog)">SystemFallback</include>
				<include condition="Window.IsActive(videos) | Window.IsActive(videoplaylist)">VideoFallback</include>
				<item>
					<onclick>noop</onclick>
					<thumb>$INFO[Window(home).Property(fakelabel)]</thumb>
					<visible>no</visible>
				</item>
			</content>
		</control>
		<control type="group">
			<visible>![Control.IsVisible(509) + Window.IsActive(videos)]</visible>
			<control type="multiimage">
				<description>Normal Default Background Image</description>
				<include>FullscreenDimensions</include>
				<include>AnimatedBackgroundAnimation</include>
				<imagepath fallback="$INFO[Skin.String(CustomDefaultBackground)]" background="true">$VAR[GlobalBackgroundVar]</imagepath>
				<include condition="StringCompare(Skin.String(FanartTimePerImage),5)">FanartTimePerImage5</include>
				<include condition="StringCompare(Skin.String(FanartTimePerImage),6)">FanartTimePerImage6</include>
				<include condition="IsEmpty(Skin.String(FanartTimePerImage))">FanartTimePerImage7</include>
				<include condition="StringCompare(Skin.String(FanartTimePerImage),8)">FanartTimePerImage8</include>
				<include condition="StringCompare(Skin.String(FanartTimePerImage),9)">FanartTimePerImage9</include>
				<include condition="StringCompare(Skin.String(FanartTimePerImage),10)">FanartTimePerImage10</include>
				<include condition="StringCompare(Skin.String(FanartTimePerImage),15)">FanartTimePerImage15</include>
				<include condition="StringCompare(Skin.String(FanartTimePerImage),20)">FanartTimePerImage20</include>
				<include condition="StringCompare(Skin.String(FanartTimePerImage),30)">FanartTimePerImage30</include>
				<include condition="StringCompare(Skin.String(FanartTimePerImage),60)">FanartTimePerImage60</include>
				<include condition="StringCompare(Skin.String(FanartTimePerImage),90)">FanartTimePerImage90</include>
			</control>
			<!-- Live Background Movie Set -->
			<include condition="Skin.HasSetting(Enable.Set.LiveBackground)">LiveBackgroundSets</include>
		</control>
		<!-- MyFlix Background -->
		<control type="group">
			<visible>Control.IsVisible(509) + !Window.IsActive(skinsettings)</visible>
			<control type="image">
				<include>FullscreenDimensions</include>
				<texture>black.png</texture>
			</control>
			<control type="multiimage">
				<description>MyFlix Background Image</description>
				<left>412</left>
				<width>1520</width>
				<height>855</height>
				<imagepath fallback="$INFO[Skin.String(CustomDefaultBackground)]" background="true" diffuse="views/myflix/fanart_diffuse.png">$VAR[GlobalBackgroundVar]</imagepath>
				<include condition="StringCompare(Skin.String(FanartTimePerImage),5)">FanartTimePerImage5</include>
				<include condition="StringCompare(Skin.String(FanartTimePerImage),6)">FanartTimePerImage6</include>
				<include condition="IsEmpty(Skin.String(FanartTimePerImage))">FanartTimePerImage7</include>
				<include condition="StringCompare(Skin.String(FanartTimePerImage),8)">FanartTimePerImage8</include>
				<include condition="StringCompare(Skin.String(FanartTimePerImage),9)">FanartTimePerImage9</include>
				<include condition="StringCompare(Skin.String(FanartTimePerImage),10)">FanartTimePerImage10</include>
				<include condition="StringCompare(Skin.String(FanartTimePerImage),15)">FanartTimePerImage15</include>
				<include condition="StringCompare(Skin.String(FanartTimePerImage),20)">FanartTimePerImage20</include>
				<include condition="StringCompare(Skin.String(FanartTimePerImage),30)">FanartTimePerImage30</include>
				<include condition="StringCompare(Skin.String(FanartTimePerImage),60)">FanartTimePerImage60</include>
				<include condition="StringCompare(Skin.String(FanartTimePerImage),90)">FanartTimePerImage90</include>
			</control>
		</control>
	</include>
	<include name="HomeFanart">
		<control type="multiimage">
			<description>Normal Default Background Image</description>
			<include>FullscreenDimensions</include>
			<include>AnimatedBackgroundAnimation</include>
			<imagepath fallback="$INFO[Skin.String(CustomDefaultBackground)]" background="true">$VAR[HomeBackgroundVar]</imagepath>
			<include condition="StringCompare(Skin.String(FanartTimePerImage),5)">FanartTimePerImage5</include>
			<include condition="StringCompare(Skin.String(FanartTimePerImage),6)">FanartTimePerImage6</include>
			<include condition="IsEmpty(Skin.String(FanartTimePerImage))">FanartTimePerImage7</include>
			<include condition="StringCompare(Skin.String(FanartTimePerImage),8)">FanartTimePerImage8</include>
			<include condition="StringCompare(Skin.String(FanartTimePerImage),9)">FanartTimePerImage9</include>
			<include condition="StringCompare(Skin.String(FanartTimePerImage),10)">FanartTimePerImage10</include>
			<include condition="StringCompare(Skin.String(FanartTimePerImage),15)">FanartTimePerImage15</include>
			<include condition="StringCompare(Skin.String(FanartTimePerImage),20)">FanartTimePerImage20</include>
			<include condition="StringCompare(Skin.String(FanartTimePerImage),30)">FanartTimePerImage30</include>
			<include condition="StringCompare(Skin.String(FanartTimePerImage),60)">FanartTimePerImage60</include>
			<include condition="StringCompare(Skin.String(FanartTimePerImage),90)">FanartTimePerImage90</include>
			<visible>[!Control.IsVisible(8660) + !Control.IsVisible(8661) + !Player.HasAudio + Skin.HasSetting(Enable.ArtistSlideshowOnHome)] | [!Control.IsVisible(8660) + !Control.IsVisible(8661) + !Skin.HasSetting(Enable.ArtistSlideshowOnHome)]</visible>
		</control>
		<control type="multiimage">
			<include>FullscreenDimensions</include>
			<include>AnimatedBackgroundAnimation</include>
			<imagepath background="true">$INFO[Window(Visualisation).Property(ArtistSlideshow)]</imagepath>
			<include condition="StringCompare(Skin.String(FanartTimePerImage),5)">FanartTimePerImage5</include>
			<include condition="StringCompare(Skin.String(FanartTimePerImage),6)">FanartTimePerImage6</include>
			<include condition="IsEmpty(Skin.String(FanartTimePerImage))">FanartTimePerImage7</include>
			<include condition="StringCompare(Skin.String(FanartTimePerImage),8)">FanartTimePerImage8</include>
			<include condition="StringCompare(Skin.String(FanartTimePerImage),9)">FanartTimePerImage9</include>
			<include condition="StringCompare(Skin.String(FanartTimePerImage),10)">FanartTimePerImage10</include>
			<include condition="StringCompare(Skin.String(FanartTimePerImage),15)">FanartTimePerImage15</include>
			<include condition="StringCompare(Skin.String(FanartTimePerImage),20)">FanartTimePerImage20</include>
			<include condition="StringCompare(Skin.String(FanartTimePerImage),30)">FanartTimePerImage30</include>
			<include condition="StringCompare(Skin.String(FanartTimePerImage),60)">FanartTimePerImage60</include>
			<include condition="StringCompare(Skin.String(FanartTimePerImage),90)">FanartTimePerImage90</include>
			<visible>!Control.IsVisible(8660) + !Control.IsVisible(8661) + Player.HasAudio + Skin.HasSetting(Enable.ArtistSlideshowOnHome) + IsEmpty(Window(Home).Property(script.cinemavision.running))</visible>
		</control>
	</include>
	<include name="WidgetHomeFanart">
		<control type="multiimage" id="8660">
			<include>FullscreenDimensions</include>
			<include>AnimatedBackgroundAnimation</include>
			<include>VisibleFadeEffect</include>
			<imagepath background="true">$PARAM[imagePath]</imagepath>
			<visible>$PARAM[Visible] + !$PARAM[isWeather] + ![Container($PARAM[id]).OnNext | Container($PARAM[id]).OnPrevious]</visible>
		</control>
		<control type="group" id="8661">
			<visible>$PARAM[Visible] + $PARAM[isWeather]</visible>
			<control type="multiimage">
				<include>FullscreenDimensions</include>
				<include>AnimatedBackgroundAnimation</include>
				<include>VisibleFadeEffect</include>
				<imagepath background="true">$PARAM[imagePath]</imagepath>
				<visible>!Skin.HasSetting(weatherfanart.multi) + ![Container($PARAM[id]).OnNext | Container($PARAM[id]).OnPrevious]</visible>
			</control>
			<control type="multiimage">
				<include>FullscreenDimensions</include>
				<include>AnimatedBackgroundAnimation</include>
				<include>VisibleFadeEffect</include>
				<imagepath background="true">$PARAM[imagePathMulti]</imagepath>
				<visible>Skin.HasSetting(weatherfanart.multi) + ![Container($PARAM[id]).OnNext | Container($PARAM[id]).OnPrevious]</visible>
			</control>
		</control>
	</include>
	<include name="TVShowNextAiredBackground">
		<control type="group">
			<visible>!IsEmpty(Window(home).Property(TVGuide.BackgroundFanart))</visible>
			<include name="TVGuideFanart">
				<param name="FanartImageControlID">200</param>
			</include>
			<include name="TVGuideFanart">
				<param name="FanartImageControlID">201</param>
			</include>
			<include name="TVGuideFanart">
				<param name="FanartImageControlID">202</param>
			</include>
			<include name="TVGuideFanart">
				<param name="FanartImageControlID">203</param>
			</include>
			<include name="TVGuideFanart">
				<param name="FanartImageControlID">204</param>
			</include>
			<include name="TVGuideFanart">
				<param name="FanartImageControlID">205</param>
			</include>
			<include name="TVGuideFanart">
				<param name="FanartImageControlID">206</param>
			</include>
			<include name="TVGuideFanart">
				<param name="FanartImageControlID">207</param>
			</include>
			<include name="TVGuideFanart">
				<param name="FanartImageControlID">208</param>
			</include>
			<include name="TVGuideFanart">
				<param name="FanartImageControlID">209</param>
			</include>
			<include name="TVGuideFanart">
				<param name="FanartImageControlID">210</param>
			</include>
			<include name="TVGuideFanart">
				<param name="FanartImageControlID">211</param>
			</include>
			<include name="TVGuideFanart">
				<param name="FanartImageControlID">212</param>
			</include>
			<include name="TVGuideFanart">
				<param name="FanartImageControlID">213</param>
			</include>
			<include name="TVGuideFanart">
				<param name="FanartImageControlID">214</param>
			</include>
			<include name="TVGuideFanart">
				<param name="FanartImageControlID">215</param>
			</include>
		</control>
	</include>
	<include name="WeatherBackground">
		<control type="multiimage">
			<include>FullscreenDimensions</include>
			<include>AnimatedBackgroundAnimation</include>
			<imagepath background="true">$INFO[Skin.String(weatherfanart.path)]$INFO[Window(Weather).Property(Current.FanartCode)]$VAR[WeatherBackgroundTypeVar]</imagepath>
			<include condition="StringCompare(Skin.String(FanartTimePerImage),5)">FanartTimePerImage5</include>
			<include condition="StringCompare(Skin.String(FanartTimePerImage),6)">FanartTimePerImage6</include>
			<include condition="IsEmpty(Skin.String(FanartTimePerImage))">FanartTimePerImage7</include>
			<include condition="StringCompare(Skin.String(FanartTimePerImage),8)">FanartTimePerImage8</include>
			<include condition="StringCompare(Skin.String(FanartTimePerImage),9)">FanartTimePerImage9</include>
			<include condition="StringCompare(Skin.String(FanartTimePerImage),10)">FanartTimePerImage10</include>
			<include condition="StringCompare(Skin.String(FanartTimePerImage),15)">FanartTimePerImage15</include>
			<include condition="StringCompare(Skin.String(FanartTimePerImage),20)">FanartTimePerImage20</include>
			<include condition="StringCompare(Skin.String(FanartTimePerImage),30)">FanartTimePerImage30</include>
			<include condition="StringCompare(Skin.String(FanartTimePerImage),60)">FanartTimePerImage60</include>
			<include condition="StringCompare(Skin.String(FanartTimePerImage),90)">FanartTimePerImage90</include>
			<randomize>true</randomize>
			<fadetime>1000</fadetime>
			<include>VisibleFadeEffect</include>
			<visible>!IsEmpty(Skin.String(weatherfanart.path))</visible>
			<animation effect="fade" time="200">WindowClose</animation>
		</control>
	</include>
	<include name="SnowBackground">
		<!-- <control type="image">
			<include>FullscreenDimensions</include>
			<texture background="true">snow.gif</texture>
		</control> -->
		<control type="group">
			<visible>Skin.HasSetting(MakeItSnow)</visible>
			<control type="group">
				<left>100</left>
				<control type="image">
					<left>60</left>
					<width>35</width>
					<height>35</height>
					<texture>snow/snow3.png</texture>
					<aspectratio scalediffuse="false">keep</aspectratio>
					<animation effect="slide" start="0,-50" end="0,1180" time="19000" delay="0" reversible="false" loop="true" condition="true">Conditional</animation>
					<animation effect="rotate" end="-360" time="12000" loop="true" center="auto" condition="true">Conditional</animation>
					<animation effect="rotatey" end="-360" time="8000" loop="true" center="auto" condition="true">Conditional</animation>
				</control>
				<control type="image">
					<left>260</left>
					<width>35</width>
					<height>35</height>
					<texture>snow/snow5.png</texture>
					<aspectratio scalediffuse="false">keep</aspectratio>
					<animation effect="slide" start="0,-600" end="0,1180" time="28000" delay="0" reversible="false" loop="true" condition="true">Conditional</animation>
					<animation effect="rotate" end="-360" time="12000" loop="true" center="auto" condition="true">Conditional</animation>
					<animation effect="rotatey" end="-360" time="14000" loop="true" center="auto" condition="true">Conditional</animation>
				</control>
				<control type="image">
					<left>380</left>
					<width>35</width>
					<height>35</height>
					<texture>snow/snow2.png</texture>
					<aspectratio scalediffuse="false">keep</aspectratio>
					<animation effect="slide" start="0,-960" end="0,1180" time="34000" delay="0" reversible="false" loop="true" condition="true">Conditional</animation>
					<animation effect="rotate" end="-360" time="10000" loop="true" center="auto" condition="true">Conditional</animation>
					<animation effect="rotatey" end="-360" time="17000" loop="true" center="auto" condition="true">Conditional</animation>
				</control>
				<control type="image">
					<left>622</left>
					<width>35</width>
					<height>35</height>
					<texture>snow/snow4.png</texture>
					<aspectratio scalediffuse="false">keep</aspectratio>
					<animation effect="slide" start="0,-100" end="0,1180" time="20000" delay="0" reversible="false" loop="true" condition="true">Conditional</animation>
					<animation effect="rotate" end="-360" time="8000" loop="true" center="auto" condition="true">Conditional</animation>
					<animation effect="rotatey" end="-360" time="10000" loop="true" center="auto" condition="true">Conditional</animation>
				</control>
				<control type="image">
					<left>960</left>
					<width>35</width>
					<height>35</height>
					<texture>snow/snow2.png</texture>
					<aspectratio scalediffuse="false">keep</aspectratio>
					<animation effect="slide" start="0,-500" end="0,1180" time="24000" delay="0" reversible="false" loop="true" condition="true">Conditional</animation>
					<animation effect="rotate" end="-360" time="12000" loop="true" center="auto" condition="true">Conditional</animation>
					<animation effect="rotatey" end="-360" time="12000" loop="true" center="auto" condition="true">Conditional</animation>
				</control>
				<control type="image">
					<left>1200</left>
					<width>35</width>
					<height>35</height>
					<texture>snow/snow3.png</texture>
					<aspectratio scalediffuse="false">keep</aspectratio>
					<animation effect="slide" start="0,-260" end="0,1180" time="18000" delay="0" reversible="false" loop="true" condition="true">Conditional</animation>
					<animation effect="rotate" end="-360" time="12000" loop="true" center="auto" condition="true">Conditional</animation>
					<animation effect="rotatey" end="-360" time="9000" loop="true" center="auto" condition="true">Conditional</animation>
				</control>
				<control type="image">
					<left>1426</left>
					<width>35</width>
					<height>35</height>
					<texture>snow/snow5.png</texture>
					<aspectratio scalediffuse="false">keep</aspectratio>
					<animation effect="slide" start="0,-850" end="0,1180" time="24000" delay="0" reversible="false" loop="true" condition="true">Conditional</animation>
					<animation effect="rotate" end="-360" time="12000" loop="true" center="auto" condition="true">Conditional</animation>
					<animation effect="rotatey" end="-360" time="12000" loop="true" center="auto" condition="true">Conditional</animation>
				</control>
				<control type="image">
					<left>1587</left>
					<width>35</width>
					<height>35</height>
					<texture>snow/snow4.png</texture>
					<aspectratio scalediffuse="false">keep</aspectratio>
					<animation effect="slide" start="0,-1080" end="0,1180" time="35000" delay="0" reversible="false" loop="true" condition="true">Conditional</animation>
					<animation effect="rotate" end="-360" time="12000" loop="true" center="auto" condition="true">Conditional</animation>
					<animation effect="rotatey" end="-360" time="17500" loop="true" center="auto" condition="true">Conditional</animation>
				</control>
			</control>
			<control type="group">
				<control type="image">
					<left>60</left>
					<width>35</width>
					<height>35</height>
					<texture>snow/snow.png</texture>
					<aspectratio scalediffuse="false">keep</aspectratio>
					<animation effect="slide" start="0,-450" end="0,1180" time="24000" delay="0" reversible="false" loop="true" condition="true">Conditional</animation>
					<animation effect="rotate" end="-360" time="12000" loop="true" center="auto" condition="true">Conditional</animation>
					<animation effect="rotatey" end="-360" time="12000" loop="true" center="auto" condition="true">Conditional</animation>
				</control>
				<control type="image">
					<left>260</left>
					<width>35</width>
					<height>35</height>
					<texture>snow/snow.png</texture>
					<aspectratio scalediffuse="false">keep</aspectratio>
					<animation effect="slide" start="0,-200" end="0,1180" time="18000" delay="0" reversible="false" loop="true" condition="true">Conditional</animation>
					<animation effect="rotate" end="-360" time="12000" loop="true" center="auto" condition="true">Conditional</animation>
					<animation effect="rotatey" end="-360" time="9000" loop="true" center="auto" condition="true">Conditional</animation>
				</control>
				<control type="image">
					<left>380</left>
					<width>35</width>
					<height>35</height>
					<texture>snow/snow.png</texture>
					<aspectratio scalediffuse="false">keep</aspectratio>
					<animation effect="slide" start="0,-500" end="0,1180" time="25000" delay="0" reversible="false" loop="true" condition="true">Conditional</animation>
					<animation effect="rotate" end="-360" time="10000" loop="true" center="auto" condition="true">Conditional</animation>
					<animation effect="rotatey" end="-360" time="13500" loop="true" center="auto" condition="true">Conditional</animation>
				</control>
				<control type="image">
					<left>622</left>
					<width>35</width>
					<height>35</height>
					<texture>snow/snow.png</texture>
					<aspectratio scalediffuse="false">keep</aspectratio>
					<animation effect="slide" start="0,-800" end="0,1180" time="32000" delay="0" reversible="false" loop="true" condition="true">Conditional</animation>
					<animation effect="rotate" end="-360" time="8000" loop="true" center="auto" condition="true">Conditional</animation>
					<animation effect="rotatey" end="-360" time="16000" loop="true" center="auto" condition="true">Conditional</animation>
				</control>
				<control type="image">
					<left>960</left>
					<width>35</width>
					<height>35</height>
					<texture>snow/snow.png</texture>
					<aspectratio scalediffuse="false">keep</aspectratio>
					<animation effect="slide" start="0,-50" end="0,1180" time="18000" delay="0" reversible="false" loop="true" condition="true">Conditional</animation>
					<animation effect="rotate" end="-360" time="12000" loop="true" center="auto" condition="true">Conditional</animation>
					<animation effect="rotatey" end="-360" time="9000" loop="true" center="auto" condition="true">Conditional</animation>
				</control>
				<control type="image">
					<left>1200</left>
					<width>35</width>
					<height>35</height>
					<texture>snow/snow.png</texture>
					<aspectratio scalediffuse="false">keep</aspectratio>
					<animation effect="slide" start="0,-960" end="0,1180" time="30000" delay="0" reversible="false" loop="true" condition="true">Conditional</animation>
					<animation effect="rotate" end="-360" time="12000" loop="true" center="auto" condition="true">Conditional</animation>
					<animation effect="rotatey" end="-360" time="15000" loop="true" center="auto" condition="true">Conditional</animation>
				</control>
				<control type="image">
					<left>1426</left>
					<width>35</width>
					<height>35</height>
					<texture>snow/snow.png</texture>
					<aspectratio scalediffuse="false">keep</aspectratio>
					<animation effect="slide" start="0,-160" end="0,1180" time="20000" delay="0" reversible="false" loop="true" condition="true">Conditional</animation>
					<animation effect="rotate" end="-360" time="12000" loop="true" center="auto" condition="true">Conditional</animation>
					<animation effect="rotatey" end="-360" time="10000" loop="true" center="auto" condition="true">Conditional</animation>
				</control>
				<control type="image">
					<left>1587</left>
					<width>35</width>
					<height>35</height>
					<texture>snow/snow.png</texture>
					<aspectratio scalediffuse="false">keep</aspectratio>
					<animation effect="slide" start="0,-300" end="0,1180" time="20000" delay="0" reversible="false" loop="true" condition="true">Conditional</animation>
					<animation effect="rotate" end="-360" time="12000" loop="true" center="auto" condition="true">Conditional</animation>
					<animation effect="rotatey" end="-360" time="10000" loop="true" center="auto" condition="true">Conditional</animation>
				</control>
			</control>
			<control type="group">
				<control type="image">
					<left>520</left>
					<width>55</width>
					<height>55</height>
					<texture>snow/snow3.png</texture>
					<aspectratio scalediffuse="false">keep</aspectratio>
					<animation effect="slide" start="0,-200" end="0,1180" time="22000" delay="0" reversible="false" loop="true" condition="true">Conditional</animation>
					<animation effect="rotate" end="-360" time="12000" loop="true" center="auto" condition="true">Conditional</animation>
					<animation effect="rotatey" end="-360" time="11000" loop="true" center="auto" condition="true">Conditional</animation>
				</control>
				<control type="image">
					<left>730</left>
					<width>55</width>
					<height>55</height>
					<texture>snow/snow5.png</texture>
					<aspectratio scalediffuse="false">keep</aspectratio>
					<animation effect="slide" start="0,-300" end="0,1180" time="25000" delay="0" reversible="false" loop="true" condition="true">Conditional</animation>
					<animation effect="rotate" end="-360" time="12000" loop="true" center="auto" condition="true">Conditional</animation>
					<animation effect="rotatey" end="-360" time="12500" loop="true" center="auto" condition="true">Conditional</animation>
				</control>
				<control type="image">
					<left>980</left>
					<width>55</width>
					<height>55</height>
					<texture>snow/snow2.png</texture>
					<aspectratio scalediffuse="false">keep</aspectratio>
					<animation effect="slide" start="0,-560" end="0,1180" time="30000" delay="0" reversible="false" loop="true" condition="true">Conditional</animation>
					<animation effect="rotate" end="-360" time="10000" loop="true" center="auto" condition="true">Conditional</animation>
					<animation effect="rotatey" end="-360" time="15000" loop="true" center="auto" condition="true">Conditional</animation>
				</control>
				<control type="image">
					<left>1100</left>
					<width>55</width>
					<height>55</height>
					<texture>snow/snow4.png</texture>
					<aspectratio scalediffuse="false">keep</aspectratio>
					<animation effect="slide" start="0,-700" end="0,1180" time="24000" delay="0" reversible="false" loop="true" condition="true">Conditional</animation>
					<animation effect="rotate" end="-360" time="8000" loop="true" center="auto" condition="true">Conditional</animation>
					<animation effect="rotatey" end="-360" time="12000" loop="true" center="auto" condition="true">Conditional</animation>
				</control>
				<control type="image">
					<left>1375</left>
					<width>55</width>
					<height>55</height>
					<texture>snow/snow2.png</texture>
					<aspectratio scalediffuse="false">keep</aspectratio>
					<animation effect="slide" start="0,-1000" end="0,1180" time="35000" delay="0" reversible="false" loop="true" condition="true">Conditional</animation>
					<animation effect="rotate" end="-360" time="12000" loop="true" center="auto" condition="true">Conditional</animation>
					<animation effect="rotatey" end="-360" time="17500" loop="true" center="auto" condition="true">Conditional</animation>
				</control>
				<control type="image">
					<left>1615</left>
					<width>55</width>
					<height>55</height>
					<texture>snow/snow3.png</texture>
					<aspectratio scalediffuse="false">keep</aspectratio>
					<animation effect="slide" start="0,-460" end="0,1180" time="23000" delay="0" reversible="false" loop="true" condition="true">Conditional</animation>
					<animation effect="rotate" end="-360" time="12000" loop="true" center="auto" condition="true">Conditional</animation>
					<animation effect="rotatey" end="-360" time="11500" loop="true" center="auto" condition="true">Conditional</animation>
				</control>
				<control type="image">
					<left>1826</left>
					<width>55</width>
					<height>55</height>
					<texture>snow/snow5.png</texture>
					<aspectratio scalediffuse="false">keep</aspectratio>
					<animation effect="slide" start="0,-450" end="0,1180" time="24000" delay="0" reversible="false" loop="true" condition="true">Conditional</animation>
					<animation effect="rotate" end="-360" time="12000" loop="true" center="auto" condition="true">Conditional</animation>
					<animation effect="rotatey" end="-360" time="12000" loop="true" center="auto" condition="true">Conditional</animation>
				</control>
			</control>
		</control>
	</include>
	<include name="MusicFallback">
		<item>
			<onclick>noop</onclick>
			<thumb>$INFO[Skin.String(Music.Fallback)]</thumb>
		</item>
	</include>
	<include name="SystemFallback">
		<item>
			<onclick>noop</onclick>
			<thumb>$INFO[Skin.String(System.Fallback)]</thumb>
		</item>
	</include>
	<include name="LiveTVFallback">
		<item>
			<onclick>noop</onclick>
			<thumb>$INFO[Skin.String(LiveTV.Fallback)]</thumb>
		</item>
	</include>
	<include name="PicturesFallback">
		<item>
			<onclick>noop</onclick>
			<thumb>$INFO[Skin.String(Pictures.Fallback)]</thumb>
		</item>
	</include>
	<include name="AppsFallback">
		<item>
			<onclick>noop</onclick>
			<thumb>$INFO[Skin.String(Apps.Fallback)]</thumb>
		</item>
	</include>
	<include name="VideoFallback">
		<item>
			<onclick>noop</onclick>
			<thumb>$INFO[Skin.String(Movies.Fallback)]</thumb>
			<visible>Container.Content(movies)</visible>
		</item>
		<item>
			<onclick>noop</onclick>
			<thumb>$INFO[Skin.String(TVShows.Fallback)]</thumb>
			<visible>Container.Content(tvshows) | Container.Content(seasons) | Container.Content(episodes)</visible>
		</item>
		<item>
			<onclick>noop</onclick>
			<thumb>$INFO[Skin.String(MusicVideos.Fallback)]</thumb>
			<visible>Container.Content(musicvideos)</visible>
		</item>
		<item>
			<onclick>noop</onclick>
			<thumb>$INFO[Skin.String(Videos.Fallback)]</thumb>
			<visible>![Container.Content(tvshows) | Container.Content(seasons) | Container.Content(episodes) | Container.Content(movies)]</visible>
		</item>
	</include>
	<include name="GlobalSearchBG">
		<control type="image">
			<include>AnimatedBackgroundAnimation</include>
			<texture background="true" fallback="special://skin/backgrounds/fallback_movies.jpg">$INFO[Skin.String(CustomDefaultBackground)]</texture>
			<aspectratio>scale</aspectratio>
			<fadetime>600</fadetime>
			<animation effect="fade" time="600">Visible</animation>
			<animation effect="fade" time="600">Hidden</animation>
			<animation effect="fade" time="200">WindowClose</animation>
		</control>
		<include name="GlobalSearchFanart">
			<param name="FanartImageControlID">111</param>
		</include>
		<include name="GlobalSearchFanart">
			<param name="FanartImageControlID">121</param>
		</include>
		<include name="GlobalSearchFanart">
			<param name="FanartImageControlID">131</param>
		</include>
		<include name="GlobalSearchFanart">
			<param name="FanartImageControlID">141</param>
		</include>
		<include name="GlobalSearchFanart">
			<param name="FanartImageControlID">151</param>
		</include>
		<include name="GlobalSearchFanart">
			<param name="FanartImageControlID">161</param>
		</include>
		<include name="GlobalSearchFanart">
			<param name="FanartImageControlID">171</param>
		</include>
		<include name="GlobalSearchFanart">
			<param name="FanartImageControlID">181</param>
		</include>
		<include name="GlobalSearchFanart">
			<param name="FanartImageControlID">211</param>
		</include>
	</include>
	<!-- Fanart Time Per Image -->
	<include name="FanartTimePerImage5">
		<timeperimage>5000</timeperimage>
	</include>
	<include name="FanartTimePerImage6">
		<timeperimage>6000</timeperimage>
	</include>
	<include name="FanartTimePerImage7">
		<timeperimage>7000</timeperimage>
	</include>
	<include name="FanartTimePerImage8">
		<timeperimage>8000</timeperimage>
	</include>
	<include name="FanartTimePerImage9">
		<timeperimage>9000</timeperimage>
	</include>
	<include name="FanartTimePerImage10">
		<timeperimage>10000</timeperimage>
	</include>
	<include name="FanartTimePerImage15">
		<timeperimage>15000</timeperimage>
	</include>
	<include name="FanartTimePerImage20">
		<timeperimage>20000</timeperimage>
	</include>
	<include name="FanartTimePerImage30">
		<timeperimage>30000</timeperimage>
	</include>
	<include name="FanartTimePerImage60">
		<timeperimage>60000</timeperimage>
	</include>
	<include name="FanartTimePerImage90">
		<timeperimage>90000</timeperimage>
	</include>
	<!-- Extrafanart Fadelabel Pause -->
	<include name="FadelabelPauseAtEnd5">
		<pauseatend>5000</pauseatend>
	</include>
	<include name="FadelabelPauseAtEnd6">
		<pauseatend>6000</pauseatend>
	</include>
	<include name="FadelabelPauseAtEnd7">
		<pauseatend>7000</pauseatend>
	</include>
	<include name="FadelabelPauseAtEnd8">
		<pauseatend>8000</pauseatend>
	</include>
	<include name="FadelabelPauseAtEnd9">
		<pauseatend>9000</pauseatend>
	</include>
	<include name="FadelabelPauseAtEnd10">
		<pauseatend>10000</pauseatend>
	</include>
	<include name="FadelabelPauseAtEnd15">
		<pauseatend>15000</pauseatend>
	</include>
	<include name="FadelabelPauseAtEnd20">
		<pauseatend>20000</pauseatend>
	</include>
	<include name="FadelabelPauseAtEnd30">
		<pauseatend>30000</pauseatend>
	</include>
	<include name="FadelabelPauseAtEnd60">
		<pauseatend>60000</pauseatend>
	</include>
	<include name="FadelabelPauseAtEnd90">
		<pauseatend>90000</pauseatend>
	</include>
</includes>