<?xml version="1.0" encoding="UTF-8"?>
<includes>
	<!-- Main Menu Includes -->
	<include name="MainMenuListContent">
		<left>-290</left>
		<top>62</top>
		<width>2800</width>
		<height>100</height>
		<onleft>9000</onleft>
		<onright>9000</onright>
		<movement>1</movement>
		<onup condition="System.HasMediaDVD | Control.IsVisible(9027)">9020</onup>
		<onup condition="Control.IsVisible(90010) + ![System.HasMediaDVD | Control.IsVisible(9027)]">90010</onup>
		<onup condition="!Control.IsVisible(90010) + Control.IsVisible(90020) + ![System.HasMediaDVD | Control.IsVisible(9027)]">90020</onup>
		<ondown>9001</ondown>
		<pagecontrol>-</pagecontrol>
		<scrolltime tween="quadratic" easing="out">300</scrolltime>
		<include condition="StringCompare(Skin.String(MainMenu.Layout),$LOCALIZE[536])">FocusPosition4</include>
		<include condition="!StringCompare(Skin.String(MainMenu.Layout),$LOCALIZE[536])">FocusPosition2</include>
		<orientation>Horizontal</orientation>
		<animation effect="slide" start="0" end="-350,0" time="320" tween="cubic" easing="inout" condition="StringCompare(Skin.String(MainMenu.Layout),3 $LOCALIZE[31025])">Conditional</animation>
		<animation effect="slide" start="0" end="126,0" time="320" tween="cubic" easing="inout" condition="StringCompare(Skin.String(MainMenu.Layout),$LOCALIZE[536])">Conditional</animation>
		<animation effect="slide" start="0" end="0,20" time="320" tween="cubic" easing="inout" condition="StringCompare(Skin.String(MainMenu.Layout),$LOCALIZE[536]) + Skin.HasSetting(Disable.IconsMenuLabel)">Conditional</animation>
		<itemlayout height="100" width="500" condition="IsEmpty(Skin.String(MainMenu.Layout))">
			<control type="label">
				<width>500</width>
				<height>90</height>
				<font>font_MainMenu</font>
				<textcolor>$VAR[UnfocusedMainMenuColor]</textcolor>
				<align>center</align>
				<aligny>center</aligny>
				<label>$INFO[ListItem.Label]</label>
			</control>
		</itemlayout>
		<focusedlayout height="100" width="500" condition="IsEmpty(Skin.String(MainMenu.Layout))">
			<control type="label">
				<width>500</width>
				<height>90</height>
				<font>font_MainMenu</font>
				<textcolor>$VAR[UnfocusedMainMenuColor]</textcolor>
				<align>center</align>
				<aligny>center</aligny>
				<label>$INFO[ListItem.Label]</label>
			</control>
			<control type="label">
				<width>500</width>
				<height>90</height>
				<font>font_MainMenu</font>
				<textcolor>$VAR[FocusedMainMenuColor]</textcolor>
				<align>center</align>
				<aligny>center</aligny>
				<label>$INFO[ListItem.Label]</label>
				<visible>Control.HasFocus(9000)</visible>
				<include>VisibleFadeEffect</include>
			</control>
		</focusedlayout>
		<itemlayout height="100" width="640" condition="StringCompare(Skin.String(MainMenu.Layout),3 $LOCALIZE[31025]) + !IsEmpty(Skin.String(MainMenu.Layout))">
			<control type="label">
				<width>640</width>
				<height>90</height>
				<font>font_MainMenu</font>
				<textcolor>$VAR[UnfocusedMainMenuColor]</textcolor>
				<align>center</align>
				<aligny>center</aligny>
				<label>$INFO[ListItem.Label]</label>
			</control>
		</itemlayout>
		<focusedlayout height="100" width="640" condition="StringCompare(Skin.String(MainMenu.Layout),3 $LOCALIZE[31025]) + !IsEmpty(Skin.String(MainMenu.Layout))">
			<control type="label">
				<width>640</width>
				<height>90</height>
				<font>font_MainMenu</font>
				<textcolor>$VAR[UnfocusedMainMenuColor]</textcolor>
				<align>center</align>
				<aligny>center</aligny>
				<label>$INFO[ListItem.Label]</label>
			</control>
			<control type="label">
				<width>640</width>
				<height>90</height>
				<font>font_MainMenu</font>
				<textcolor>$VAR[FocusedMainMenuColor]</textcolor>
				<align>center</align>
				<aligny>center</aligny>
				<label>$INFO[ListItem.Label]</label>
				<visible>Control.HasFocus(9000)</visible>
				<include>VisibleFadeEffect</include>
			</control>
		</focusedlayout>
		<itemlayout height="100" width="250" condition="StringCompare(Skin.String(MainMenu.Layout),$LOCALIZE[536]) + !IsEmpty(Skin.String(MainMenu.Layout))">
			<control type="image">
				<left>72</left>
				<top>-23</top>
				<width>105</width>
				<height>105</height>
				<texture background="true">$INFO[ListItem.Icon]</texture>
				<colordiffuse>$VAR[UnfocusedMainMenuColor]</colordiffuse>
			</control>
			<control type="label">
				<top>60</top>
				<width>250</width>
				<height>41</height>
				<font>font13_title</font>
				<textcolor>$VAR[UnfocusedMainMenuIconLabelColor]</textcolor>
				<align>center</align>
				<aligny>center</aligny>
				<label>[UPPERCASE]$INFO[ListItem.Label][/UPPERCASE]</label>
				<visible>StringCompare(Skin.String(MainMenu.Layout),$LOCALIZE[536]) + !Skin.HasSetting(Disable.IconsMenuLabel)</visible>
			</control>
		</itemlayout>
		<focusedlayout height="100" width="250" condition="StringCompare(Skin.String(MainMenu.Layout),$LOCALIZE[536]) + !IsEmpty(Skin.String(MainMenu.Layout))">
			<control type="image">
				<left>72</left>
				<top>-23</top>
				<width>105</width>
				<height>105</height>
				<texture background="true">$INFO[ListItem.Icon]</texture>
				<colordiffuse>$VAR[UnfocusedMainMenuColor]</colordiffuse>
			</control>
			<control type="image">
				<left>72</left>
				<top>-23</top>
				<width>105</width>
				<height>105</height>
				<texture background="true">$INFO[ListItem.Icon]</texture>
				<visible>Control.HasFocus(9000)</visible>
				<include>VisibleFadeEffect</include>
				<colordiffuse>$VAR[FocusedMainMenuColor]</colordiffuse>
			</control>
			<control type="label">
				<top>60</top>
				<width>250</width>
				<height>41</height>
				<font>font13_title</font>
				<textcolor>$VAR[UnfocusedMainMenuIconLabelColor]</textcolor>
				<align>center</align>
				<aligny>center</aligny>
				<label>[UPPERCASE]$INFO[ListItem.Label][/UPPERCASE]</label>
				<visible>StringCompare(Skin.String(MainMenu.Layout),$LOCALIZE[536]) + !Skin.HasSetting(Disable.IconsMenuLabel)</visible>
			</control>
			<control type="label">
				<top>60</top>
				<width>250</width>
				<height>41</height>
				<font>font13_title</font>
				<textcolor>$VAR[FocusedMainMenuIconLabelColor]</textcolor>
				<align>center</align>
				<aligny>center</aligny>
				<label>[UPPERCASE]$INFO[ListItem.Label][/UPPERCASE]</label>
				<visible>Control.HasFocus(9000) + StringCompare(Skin.String(MainMenu.Layout),$LOCALIZE[536]) + !Skin.HasSetting(Disable.IconsMenuLabel)</visible>
			</control>
		</focusedlayout>
		<content>
			<include>skinshortcuts-mainmenu</include>
		</content>
	</include>
	<include name="OneMainMenuItemListContent">
		<control type="wraplist" id="9000">
			<left>0</left>
			<top>62</top>
			<width>1920</width>
			<height>100</height>
			<onleft>9000</onleft>
			<onright>9000</onright>
			<onup condition="System.HasMediaDVD | Control.IsVisible(9027)">9020</onup>
			<onup condition="Control.IsVisible(90010) + ![System.HasMediaDVD | Control.IsVisible(9027)]">90010</onup>
			<onup condition="!Control.IsVisible(90010) + Control.IsVisible(90020) + ![System.HasMediaDVD | Control.IsVisible(9027)]">90020</onup>
			<ondown>9001</ondown>
			<pagecontrol>-</pagecontrol>
			<scrolltime tween="quadratic" easing="out">400</scrolltime>
			<orientation>Horizontal</orientation>
			<itemlayout height="100" width="1920">
				<control type="label">
					<width>FullScreenWidth</width>
					<height>90</height>
					<font>font_MainMenu</font>
					<textcolor>$VAR[UnfocusedMainMenuColor]</textcolor>
					<align>center</align>
					<aligny>center</aligny>
					<label>$INFO[ListItem.Label]</label>
				</control>
			</itemlayout>
			<focusedlayout height="100" width="1920">
				<control type="label">
					<width>FullScreenWidth</width>
					<height>90</height>
					<font>font_MainMenu</font>
					<textcolor>$VAR[UnfocusedMainMenuColor]</textcolor>
					<align>center</align>
					<aligny>center</aligny>
					<label>$INFO[ListItem.Label]</label>
				</control>
				<control type="label">
					<width>FullScreenWidth</width>
					<height>90</height>
					<font>font_MainMenu</font>
					<textcolor>$VAR[FocusedMainMenuColor]</textcolor>
					<align>center</align>
					<aligny>center</aligny>
					<label>$INFO[ListItem.Label]</label>
					<visible>Control.HasFocus(9000)</visible>
					<include>VisibleFadeEffect</include>
				</control>
			</focusedlayout>
			<content>
				<include>skinshortcuts-mainmenu</include>
			</content>
		</control>
	</include>
	<include name="VerticalMainMenuListContent">
		<left>37</left>
		<top>48</top>
		<width>400</width>
		<height>980</height>
		<onup>9000</onup>
		<ondown>9000</ondown>
		<onleft>90001</onleft>
		<onright condition="Control.IsVisible(90010)">90010</onright>
		<onright condition="!Control.IsVisible(90010) + Control.IsVisible(90020)">90020</onright>
		<onright condition="!Control.IsVisible(90010) + !Control.IsVisible(90020) + [System.HasMediaDVD | Control.IsVisible(9027)]">9020</onright>
		<pagecontrol>-</pagecontrol>
		<focusposition>3</focusposition>
		<scrolltime tween="quadratic" easing="out">200</scrolltime>
		<animation effect="fade" time="200" start="100" end="50" reversible="true" condition="Control.HasFocus(9010)">Conditional</animation>
		<itemlayout height="140" width="430">
			<control type="label">
				<left>0</left>
				<width>380</width>
				<height>140</height>
				<font>font_VerticalMainMenu</font>
				<textcolor>$VAR[UnfocusedMainMenuColor]</textcolor>
				<align>right</align>
				<aligny>center</aligny>
				<label>$INFO[ListItem.Label]</label>
			</control>
		</itemlayout>
		<focusedlayout height="140" width="430">
			<control type="label">
				<left>0</left>
				<width>380</width>
				<height>140</height>
				<font>font_VerticalMainMenu</font>
				<textcolor>$VAR[UnfocusedMainMenuColor]</textcolor>
				<align>right</align>
				<aligny>center</aligny>
				<label>$INFO[ListItem.Label]</label>
			</control>
			<control type="label">
				<left>0</left>
				<width>380</width>
				<height>140</height>
				<font>font_VerticalMainMenu</font>
				<textcolor>$VAR[FocusedMainMenuColor]</textcolor>
				<align>right</align>
				<aligny>center</aligny>
				<label>$INFO[ListItem.Label]</label>
				<visible>Control.HasFocus(9000)</visible>
				<include>VisibleFadeEffect</include>
			</control>
		</focusedlayout>
		<content>
			<include>skinshortcuts-mainmenu</include>
		</content>
	</include>
	<include name="MainMenuListFixed">
		<control type="fixedlist" id="9000">
			<include>MainMenuListContent</include>
		</control>
	</include>
	<include name="MainMenuListWrapped">
		<control type="wraplist" id="9000">
			<include>MainMenuListContent</include>
		</control>
	</include>
	<include name="VerticalMainMenuListFixed">
		<control type="fixedlist" id="9000">
			<include>VerticalMainMenuListContent</include>
		</control>
	</include>
	<include name="VerticalMainMenuListWrapped">
		<control type="wraplist" id="9000">
			<include>VerticalMainMenuListContent</include>
		</control>
	</include>
	<include name="FocusPosition4">
		<focusposition>4</focusposition>
	</include>
	<include name="FocusPosition2">
		<focusposition>2</focusposition>
	</include>
</includes>