<?xml version="1.0" encoding="UTF-8"?>
<window>
	<defaultcontrol>5</defaultcontrol>
	<coordinates>
		<system>1</system>
		<left>199</left>
		<top>210</top>
	</coordinates>
	<include>dialogeffect</include>
	<controls>
		<control type="image">
			<description>background image</description>
			<left>0</left>
			<top>0</top>
			<width>1522</width>
			<height>660</height>
			<texture border="40">dialogs/default/bg.png</texture>
		</control>
		<control type="label" id="2">
			<description>header label</description>
			<left>30</left>
			<top>32</top>
			<width>1462</width>
			<height>40</height>
			<font>font15_title</font>
			<label>587</label>
			<align>center</align>
			<textcolor>dialogheader</textcolor>
		</control>
		<control type="image">
			<left>30</left>
			<top>86</top>
			<width>1140</width>
			<height>542</height>
			<texture border="5">dialogs/default/inner.png</texture>
		</control>
		<control type="grouplist" id="5">
			<description>control area</description>
			<left>31</left>
			<top>88</top>
			<width>1138</width>
			<height>540</height>
			<itemgap>0</itemgap>
			<pagecontrol>6</pagecontrol>
			<onup>5</onup>
			<ondown>5</ondown>
			<onleft>9001</onleft>
			<onright>6</onright>
		</control>
		<control type="scrollbar" id="6">
			<left>1170</left>
			<top>88</top>
			<width>8</width>
			<height>540</height>
			<texturesliderbackground>-</texturesliderbackground>
			<texturesliderbar colordiffuse="55ffffff" border="1">scrollbar/texturesliderbar2.png</texturesliderbar>
			<texturesliderbarfocus border="1">scrollbar/texturesliderbar2.png</texturesliderbarfocus>
			<onleft>5</onleft>
			<onright>9001</onright>
			<showonepage>false</showonepage>
			<orientation>vertical</orientation>
		</control>
		<control type="button" id="7">
			<description>Default Button</description>
			<left>0</left>
			<top>0</top>
			<height>60</height>
			<font>font14</font>
			<textcolor>grey2</textcolor>
			<focusedcolor>white</focusedcolor>
			<texturefocus colordiffuse="$VAR[HighlightBarColor]" border="3">listselect_fo.png</texturefocus>
			<texturenofocus border="1">separator2.png</texturenofocus>
		</control>
		<control type="radiobutton" id="8">
			<description>Default RadioButton</description>
			<font>font14</font>
			<textcolor>grey2</textcolor>
			<focusedcolor>white</focusedcolor>
			<texturefocus colordiffuse="$VAR[HighlightBarColor]" border="3">listselect_fo.png</texturefocus>
			<texturenofocus border="1">separator2.png</texturenofocus>
		</control>
		<control type="spincontrolex" id="9">
			<description>Default SpinControlex</description>
			<font>font14</font>
			<textcolor>grey2</textcolor>
			<focusedcolor>white</focusedcolor>
			<texturefocus colordiffuse="$VAR[HighlightBarColor]" border="3">listselect_fo.png</texturefocus>
			<texturenofocus border="1">separator2.png</texturenofocus>
			<aligny>center</aligny>
			<reverse>yes</reverse>
		</control>
		<control type="image" id="11">
			<description>separator image</description>
			<height>2</height>
			<texture border="0,0,0,2">separator2.png</texture>
			<visible>!IsEmpty(Control.GetLabel(14))</visible>
		</control>
		<control type="label" id="14">
			<description>Default Label</description>
			<left>0</left>
			<top>0</top>
			<height>58</height>
			<font>font14</font>
			<align>center</align>
			<textcolor>dialogheader</textcolor>
		</control>
		<!-- right group -->
		<control type="group">
			<left>1182</left>
			<top>88</top>
			<control type="image">
				<left>-1</left>
				<top>-2</top>
				<width>312</width>
				<height>542</height>
				<texture border="5">dialogs/default/inner.png</texture>
			</control>
			<control type="grouplist" id="9001">
				<onup>9001</onup>
				<onleft>6</onleft>
				<onright>5</onright>
				<ondown>9001</ondown>
				<control type="button" id="28">
					<description>Ok Button</description>
					<width>310</width>
					<align>left</align>
					<textcolor>grey2</textcolor>
					<focusedcolor>white</focusedcolor>
					<label>186</label>
					<font>font15</font>
				</control>
				<control type="button" id="29">
					<description>Cancel Button</description>
					<width>310</width>
					<align>left</align>
					<textcolor>grey2</textcolor>
					<focusedcolor>white</focusedcolor>
					<label>222</label>
					<font>font15</font>
				</control>
			</control>
		</control>
	</controls>
</window>