<?xml version="1.0" encoding="UTF-8"?>
<window type="dialog">
	<defaultcontrol always="true">603</defaultcontrol>
	<visible>Window.IsActive(PlayerControls) + !Window.IsActive(FullscreenVideo) + !Window.IsActive(Visualisation)</visible>
	<coordinates>
		<system>1</system>
		<left>0</left>
		<top>0</top>
	</coordinates>
	<controls>
		<!-- <control type="multiimage">
			<animation effect="fade" time="600">WindowOpen</animation>
			<animation effect="fade" time="600">WindowClose</animation>
			<imagepath fallback="special://skin/backgrounds/fallback_music.jpg" background="true">$INFO[Player.Art(fanart)]</imagepath>
		</control> -->
		<control type="group">
			<animation effect="slide" start="0,-238" end="0,0" time="240" tween="quadratic">WindowOpen</animation>
			<animation effect="slide" end="0,-238" start="0,0" time="240" tween="quadratic">WindowClose</animation>
			<control type="image">
				<left>0</left>
				<top>-1</top>
				<width>FullScreenWidth</width>
				<height>137</height>
				<texture border="1,0,1,40">topbar.png</texture>
			</control>
			<control type="grouplist" id="202">
				<top>0</top>
				<height>144</height>
				<width>FullScreenWidth</width>
				<align>center</align>
				<itemgap>0</itemgap>
				<scrolltime tween="sine">200</scrolltime>
				<orientation>horizontal</orientation>
				<onup>700</onup>
				<ondown>709</ondown>
				<onleft>202</onleft>
				<onright>202</onright>
				<control type="button" id="700">
					<textoffsety>60</textoffsety>
					<texturefocus>osd/buttons/OSDPlaylistFO.png</texturefocus>
					<texturenofocus>osd/buttons/OSDPlaylistNF.png</texturenofocus>
					<label>-</label>
					<width>100</width>
					<height>100</height>
					<font>-</font>
					<onclick condition="Player.HasAudio">ActivateWindow(MusicPlaylist)</onclick>
					<onclick condition="Player.HasVideo">ActivateWindow(VideoPlaylist)</onclick>
				</control>
				<control type="button" id="600">
					<texturefocus>osd/buttons/OSDPrevTrackFO.png</texturefocus>
					<texturenofocus>osd/buttons/OSDPrevTrackNF.png</texturenofocus>
					<label>-</label>
					<width>100</width>
					<height>100</height>
					<font>-</font>
					<onclick>PlayerControl(Previous)</onclick>
				</control>
				<control type="button" id="601">
					<texturefocus>osd/buttons/OSDRewindFO.png</texturefocus>
					<texturenofocus>osd/buttons/OSDRewindNF.png</texturenofocus>
					<label>-</label>
					<width>100</width>
					<height>100</height>
					<font>-</font>
					<onclick>PlayerControl(Rewind)</onclick>
				</control>
				<control type="togglebutton" id="602">
					<texturefocus>osd/buttons/OSDPauseFO.png</texturefocus>
					<texturenofocus>osd/buttons/OSDPauseNF.png</texturenofocus>
					<alttexturefocus>osd/buttons/OSDPlayFO.png</alttexturefocus>
					<alttexturenofocus>osd/buttons/OSDPlayNF.png</alttexturenofocus>
					<label>-</label>
					<altlabel>208</altlabel>
					<width>100</width>
					<height>100</height>
					<font>-</font>
					<usealttexture>Player.Paused | Player.Forwarding | Player.Rewinding</usealttexture>
					<onclick>PlayerControl(Play)</onclick>
				</control>
				<control type="button" id="603">
					<texturefocus>osd/buttons/OSDStopFO.png</texturefocus>
					<texturenofocus>osd/buttons/OSDStopNF.png</texturenofocus>
					<label>-</label>
					<width>100</width>
					<height>100</height>
					<font>-</font>
					<onclick>PlayerControl(Stop)</onclick>
				</control>
				<control type="button" id="604">
					<texturefocus>osd/buttons/OSDForwardFO.png</texturefocus>
					<texturenofocus>osd/buttons/OSDForwardNF.png</texturenofocus>
					<label>-</label>
					<width>100</width>
					<height>100</height>
					<font>-</font>
					<onclick>PlayerControl(Forward)</onclick>
				</control>
				<control type="button" id="605">
					<texturefocus>osd/buttons/OSDNextTrackFO.png</texturefocus>
					<texturenofocus>osd/buttons/OSDNextTrackNF.png</texturenofocus>
					<label>-</label>
					<width>100</width>
					<height>100</height>
					<font>-</font>
					<onclick>PlayerControl(Next)</onclick>
				</control>
				<control type="togglebutton" id="704">
					<texturefocus>osd/buttons/OSDRandomOffFO.png</texturefocus>
					<texturenofocus>osd/buttons/OSDRandomOffNF.png</texturenofocus>
					<alttexturefocus>osd/buttons/OSDRandomOnFO.png</alttexturefocus>
					<alttexturenofocus>osd/buttons/OSDRandomOnNF.png</alttexturenofocus>
					<label>-</label>
					<width>100</width>
					<height>100</height>
					<font>-</font>
					<usealttexture>Playlist.IsRandom</usealttexture>
					<onclick>PlayerControl(Random)</onclick>
				</control>
				<control type="button" id="707">
					<width>0.1</width>
					<height>0.1</height>
					<texturefocus>-</texturefocus>
					<texturenofocus>-</texturenofocus>
					<label>$LOCALIZE[486]$INFO[Playlist.Repeat, : ]</label>
					<font>-</font>
					<onclick>PlayerControl(Repeat)</onclick>
				</control>
				<control type="image" id="708">
					<texture>$VAR[MusicOSDRepeatButtonVar]</texture>
					<width>100</width>
					<height>100</height>
				</control>
				<control type="button" id="709">
					<texturefocus>osd/buttons/OSDChannelListFO.png</texturefocus>
					<texturenofocus>osd/buttons/OSDChannelListNF.png</texturenofocus>
					<label>-</label>
					<width>100</width>
					<height>100</height>
					<font>-</font>
					<onclick>Close</onclick>
					<onclick>Skin.ToggleSetting(Enable.ScreenshotMode)</onclick>
					<onclick>Notification($LOCALIZE[19098]:,Taking a Screenshot,1500,icon.png)</onclick>
					<onclick>AlarmClock(Take a Screenshot,TakeScreenshot,00:03,silent)</onclick>
					<onclick>AlarmClock(Reset ScreenshotMode,Skin.Reset(Enable.ScreenshotMode),00:04,silent)</onclick>
				</control>
			</control>
		</control>
		<!--<control type="group">
			<include>dialogeffect</include>-->
		<!--<control type="image">
				<left>240</left>
				<top>270</top>
				<width>540</width>
				<height>540</height>
				<aspectratio align="right">keep</aspectratio>
				<texture background="true">$INFO[Player(1).Art(thumb)]</texture>
				<bordertexture border="20">thumbs/thumb_shadow.png</bordertexture>
				<bordersize>20</bordersize>
			</control>-->
		<!--<control type="image">
				<left>440</left>
				<top>270</top>
				<width>540</width>
				<height>540</height>
				<aspectratio align="right">keep</aspectratio>
				<texture background="true">$INFO[Player.Art(thumb)]</texture>
				<bordertexture border="20">thumbs/thumb_shadow.png</bordertexture>
				<bordersize>20</bordersize>
			</control>
		</control>-->
	</controls>
</window>