<?xml version="1.0" encoding="UTF-8"?>
<window>
	<defaultcontrol always="true">3012</defaultcontrol>
	<controls>
		<control type="group">
			<animation effect="slide" start="0,255" end="0,0" time="300">WindowOpen</animation>
			<control type="image">
				<top>955</top>
				<width>1920</width>
				<height>125</height>
				<texture colordiffuse="aaffffff">black.png</texture>
			</control>
			<control type="image" id="80055">
				<left>0</left>
				<top>827</top>
				<width>450</width>
				<height>253</height>
				<aspectratio aligny="bottom">keep</aspectratio>
				<texture background="true">$VAR[PlayerArtworkVar]</texture>
			</control>
			<control type="image">
				<left>10</left>
				<top>827</top>
				<width>450</width>
				<height>253</height>
				<texture>$INFO[Control.GetLabel(3008)]</texture>
				<aspectratio aligny="bottom">keep</aspectratio>
				<bordertexture border="20">thumbs/thumb_shadow.png</bordertexture>
				<bordersize>20</bordersize>
				<visible>IsEmpty(Control.GetLabel(80055))</visible>
			</control>
			<control type="group">
				<left>450</left>
				<top>955</top>
				<control type="label">
					<top>10</top>
					<height>40</height>
					<width>1270</width>
					<font>font15</font>
					<textoffsetx>15</textoffsetx>
					<textcolor>$VAR[ThemeLabelColor]</textcolor>
					<shadowcolor>black</shadowcolor>
					<label>$ADDON[service.nextup.notification 30008]..</label>
				</control>
				<control type="label">
					<top>55</top>
					<height>60</height>
					<width>1270</width>
					<font>font48_title</font>
					<textoffsetx>20</textoffsetx>
					<shadowcolor>black</shadowcolor>
					<scroll>true</scroll>
					<label>$INFO[Control.GetLabel(3002),[COLOR=grey2],[/COLOR]]$INFO[Control.GetLabel(3000), ,]</label>
				</control>
				<control type="button" id="3012">
					<description>Watch Now</description>
					<left>1270</left>
					<top>12.5</top>
					<width>100</width>
					<height>100</height>
					<onleft>3013</onleft>
					<onright>3013</onright>
					<texturefocus>osd/buttons/OSDPlayFO.png</texturefocus>
					<texturenofocus>osd/buttons/OSDPlayNF.png</texturenofocus>
				</control>
				<control type="button" id="3013">
					<description>Cancel</description>
					<left>1360</left>
					<top>12.5</top>
					<width>100</width>
					<height>100</height>
					<onleft>3012</onleft>
					<onright>3012</onright>
					<texturefocus>osd/buttons/OSDStopFO.png</texturefocus>
					<texturenofocus>osd/buttons/OSDStopNF.png</texturenofocus>
				</control>
			</control>
		</control>
		<control type="group">
			<visible>false</visible>
			<control type="label" id="3000">
				<description>Title</description>
			</control>
			<control type="textbox" id="3001">
				<description>Plot</description>
			</control>
			<control type="label" id="3002">
				<description>season/episode</description>
			</control>
			<control type="label" id="3003">
				<description>rating</description>
			</control>
			<control type="label" id="3004">
				<description>first aired</description>
			</control>
			<control type="image" id="3006">
				<description>clearart</description>
			</control>
			<control type="image" id="3008">
				<description>ep thumb</description>
			</control>
			<control type="image" id="3009">
				<description>poster</description>
			</control>
			<control type="image" id="3010">
				<description>landscape</description>
			</control>
		</control>
	</controls>
</window>