<?xml version="1.0" encoding="UTF-8"?>
<window type="dialog">
	<defaultcontrol always="true">90001</defaultcontrol>
	<onunload>ClearProperty(skinshortcuts-management-widget,10000)</onunload>
	<controls>
		<control type="group">
			<visible>IsEmpty(Window.Property(additionalDialog))</visible>
			<left>0</left>
			<top>128</top>
			<control type="list" id="211">
				<left>82</left>
				<top>32</top>
				<width>356</width>
				<height>740</height>
				<onright>90001</onright>
				<onup>211</onup>
				<ondown>211</ondown>
				<scrolltime tween="quadratic" easing="out">200</scrolltime>
				<include>SettingsFadeEffect</include>
				<itemlayout height="90" width="356">
					<control type="image">
						<top>30</top>
						<width>356</width>
						<height>60</height>
						<texture border="1">separator2.png</texture>
					</control>
					<control type="label">
						<width>356</width>
						<height>90</height>
						<font>font15_title</font>
						<textoffsetx>20</textoffsetx>
						<textcolor>grey2</textcolor>
						<selectedcolor>$VAR[ThemeLabelColor]</selectedcolor>
						<align>right</align>
						<aligny>center</aligny>
						<label>$INFO[ListItem.Label]</label>
						<visible>!StringCompare(Skin.String(MainMenu.Layout),$LOCALIZE[536])</visible>
					</control>
					<control type="label">
						<left>50</left>
						<width>306</width>
						<height>90</height>
						<font>font15_title</font>
						<textoffsetx>20</textoffsetx>
						<textcolor>grey2</textcolor>
						<selectedcolor>$VAR[ThemeLabelColor]</selectedcolor>
						<align>right</align>
						<aligny>center</aligny>
						<label>$INFO[ListItem.Label]</label>
						<visible>StringCompare(Skin.String(MainMenu.Layout),$LOCALIZE[536])</visible>
					</control>
					<control type="image">
						<left>0</left>
						<top>10</top>
						<width>66</width>
						<height>66</height>
						<texture colordiffuse="grey2">$INFO[ListItem.Icon]</texture>
						<visible>StringCompare(Skin.String(MainMenu.Layout),$LOCALIZE[536])</visible>
					</control>
				</itemlayout>
				<focusedlayout height="90" width="356">
					<control type="image">
						<top>30</top>
						<width>356</width>
						<height>60</height>
						<texture border="1">separator2.png</texture>
					</control>
					<control type="image">
						<width>356</width>
						<height>90</height>
						<texture colordiffuse="$VAR[HighlightBarColor]" border="4">listselect_fo.png</texture>
						<animation effect="fade" start="100" end="40" time="300" tween="sine" easing="inout" condition="!Control.HasFocus(211)">Conditional</animation>
					</control>
					<control type="label">
						<width>356</width>
						<height>90</height>
						<font>font15_title</font>
						<textoffsetx>20</textoffsetx>
						<textcolor>white</textcolor>
						<selectedcolor>$VAR[ThemeLabelColor]</selectedcolor>
						<align>right</align>
						<aligny>center</aligny>
						<label>$INFO[ListItem.Label]</label>
						<visible>!StringCompare(Skin.String(MainMenu.Layout),$LOCALIZE[536])</visible>
						<animation effect="fade" start="100" end="50" time="300" tween="sine" easing="inout" condition="!Control.HasFocus(211)">Conditional</animation>
					</control>
					<control type="label">
						<left>50</left>
						<width>306</width>
						<height>90</height>
						<font>font15_title</font>
						<textoffsetx>20</textoffsetx>
						<textcolor>white</textcolor>
						<selectedcolor>$VAR[ThemeLabelColor]</selectedcolor>
						<align>right</align>
						<aligny>center</aligny>
						<label>$INFO[ListItem.Label]</label>
						<visible>StringCompare(Skin.String(MainMenu.Layout),$LOCALIZE[536])</visible>
						<animation effect="fade" start="100" end="50" time="300" tween="sine" easing="inout" condition="!Control.HasFocus(211)">Conditional</animation>
					</control>
					<control type="image">
						<left>0</left>
						<top>10</top>
						<width>66</width>
						<height>66</height>
						<texture>$INFO[ListItem.Icon]</texture>
						<visible>StringCompare(Skin.String(MainMenu.Layout),$LOCALIZE[536])</visible>
						<animation effect="fade" start="100" end="50" time="300" tween="sine" easing="inout" condition="!Control.HasFocus(211)">Conditional</animation>
					</control>
				</focusedlayout>
			</control>
			<control type="textbox">
				<description>description area</description>
				<left>552</left>
				<top>754</top>
				<width>1256</width>
				<height>115</height>
				<font>font15_textbox</font>
				<align>left</align>
				<textcolor>grey2</textcolor>
				<label>$VAR[MainMenuCustomizerDescriptionVar]</label>
				<autoscroll time="3000" delay="4000" repeat="5000">true</autoscroll>
				<animation effect="fade" start="0" end="100" time="300" tween="sine" easing="inout">Visible</animation>
				<animation effect="fade" start="100" end="0" time="0" tween="sine" easing="inout">Hidden</animation>
			</control>
			<control type="grouplist" id="90001">
				<description>control area</description>
				<left>522</left>
				<top>32</top>
				<width>1316</width>
				<height>720</height>
				<itemgap>0</itemgap>
				<onleft>211</onleft>
				<onup>90001</onup>
				<ondown>90001</ondown>
				<control type="button" id="401">
					<description>Choose shortcut</description>
					<width>1316</width>
					<height>90</height>
					<textoffsetx>30</textoffsetx>
					<font>font15</font>
					<label>$ADDON[script.skinshortcuts 32048]</label>
					<texturenofocus border="1">separator5.png</texturenofocus>
				</control>
				<control type="button" id="305">
					<description>Change label</description>
					<width>1316</width>
					<height>90</height>
					<textoffsetx>30</textoffsetx>
					<font>font15</font>
					<label>$ADDON[script.skinshortcuts 32025]</label>
					<label2>$INFO[Container(211).ListItem.Label]</label2>
					<texturenofocus border="1">separator5.png</texturenofocus>
				</control>
				<control type="button" id="307">
					<description>Change action</description>
					<width>1316</width>
					<height>90</height>
					<textoffsetx>30</textoffsetx>
					<font>font15</font>
					<label>$ADDON[script.skinshortcuts 32027]</label>
					<label2>$INFO[Container(211).ListItem.Property(displaypath)]</label2>
					<texturenofocus border="1">separator5.png</texturenofocus>
				</control>
				<control type="button" id="405">
					<description>Edit submenu</description>
					<width>1316</width>
					<height>90</height>
					<textoffsetx>30</textoffsetx>
					<font>font15</font>
					<label>$LOCALIZE[31080]</label>
					<visible>StringCompare(Window.Property(groupname),mainmenu)</visible>
					<texturenofocus border="1">separator5.png</texturenofocus>
				</control>
				<control type="button" id="310">
					<description>Change background</description>
					<width>1316</width>
					<height>90</height>
					<textoffsetx>30</textoffsetx>
					<font>font15</font>
					<label>$ADDON[script.skinshortcuts 32045]</label>
					<label2>$INFO[Window.Property(backgroundName)]</label2>
					<onclick condition="!Skin.HasSetting(WarnedOnFileManager)">SetProperty(Notify,True,home)</onclick>
					<onclick condition="!Skin.HasSetting(WarnedOnFileManager)">SetProperty(NotifyFileManager,True,home)</onclick>
					<texturenofocus border="1">separator5.png</texturenofocus>
					<visible>!SubString(Window.Property(groupname),.1,right)</visible>
				</control>
				<control type="button" id="306">
					<description>Change icon</description>
					<width>1316</width>
					<height>90</height>
					<textoffsetx>30</textoffsetx>
					<font>font15</font>
					<label>$LOCALIZE[31047]</label>
					<label2>-</label2>
					<visible>StringCompare(Skin.String(MainMenu.Layout),$LOCALIZE[536]) | SubString(Window.Property(groupname),.1,right)</visible>
					<texturenofocus border="1">separator5.png</texturenofocus>
				</control>
				<control type="button" id="510">
					<description>Choose infoline</description>
					<width>1316</width>
					<height>90</height>
					<textoffsetx>30</textoffsetx>
					<font>font15</font>
					<label>$LOCALIZE[31049]</label>
					<label2>$INFO[Container(211).ListItem.Property(InfoLine)]</label2>
					<visible>StringCompare(Window.Property(groupname),mainmenu)</visible>
					<onclick>SetProperty(chooseProperty,InfoLine)</onclick>
					<onclick>SendClick(404)</onclick>
					<texturenofocus border="1">separator5.png</texturenofocus>
				</control>
				<control type="button" id="800">
					<description>Widget 1</description>
					<width>1316</width>
					<height>90</height>
					<textoffsetx>30</textoffsetx>
					<font>font15</font>
					<label>$ADDON[script.skinshortcuts 32044] 1</label>
					<label2>$INFO[Window.Property(widgetStyle)]</label2>
					<onclick>SetProperty(skinshortcuts-management-widget,1,10000)</onclick>
					<onclick>Control.SetFocus(1001)</onclick>
					<visible>StringCompare(Window.Property(groupname),mainmenu)</visible>
					<texturenofocus border="1">separator5.png</texturenofocus>
				</control>
				<control type="button" id="801">
					<description>Widget 2</description>
					<width>1316</width>
					<height>90</height>
					<textoffsetx>30</textoffsetx>
					<font>font15</font>
					<label>$ADDON[script.skinshortcuts 32044] 2</label>
					<label2>$INFO[Window.Property(widgetStyle.2)]</label2>
					<onclick>SetProperty(skinshortcuts-management-widget,2,10000)</onclick>
					<onclick>Control.SetFocus(2001)</onclick>
					<visible>StringCompare(Window.Property(groupname),mainmenu)</visible>
					<texturenofocus border="1">separator5.png</texturenofocus>
				</control>
				<control type="radiobutton" id="519">
					<description>Show Live TV Widget</description>
					<width>1316</width>
					<height>90</height>
					<textoffsetx>30</textoffsetx>
					<font>font15</font>
					<label>$LOCALIZE[31273]</label>
					<onclick condition="!IsEmpty(Container(211).ListItem.Property(widgetLiveTV))">SetProperty(customProperty,widgetLiveTV)</onclick>
					<onclick condition="IsEmpty(Container(211).ListItem.Property(widgetLiveTV))">SetProperty(customProperty,widgetLiveTV)</onclick>
					<onclick condition="IsEmpty(Container(211).ListItem.Property(widgetLiveTV))">SetProperty(customValue,true)</onclick>
					<onclick>SendClick(404)</onclick>
					<selected>!IsEmpty(Container(211).ListItem.Property(widgetLiveTV))</selected>
					<visible>StringCompare(Window.Property(groupname),mainmenu)</visible>
					<texturenofocus border="1">separator5.png</texturenofocus>
				</control>
				<control type="button" id="303">
					<description>Move up</description>
					<width>1316</width>
					<height>90</height>
					<textoffsetx>30</textoffsetx>
					<font>font15</font>
					<texturenofocus border="1">separator5.png</texturenofocus>
				</control>
				<control type="button" id="304">
					<description>Move down</description>
					<width>1316</width>
					<height>90</height>
					<textoffsetx>30</textoffsetx>
					<font>font15</font>
					<texturenofocus border="1">separator5.png</texturenofocus>
				</control>
				<control type="button" id="301">
					<description>Add shortcut</description>
					<width>1316</width>
					<height>90</height>
					<textoffsetx>30</textoffsetx>
					<font>font15</font>
					<label>$ADDON[script.skinshortcuts 32000]</label>
					<texturenofocus border="1">separator5.png</texturenofocus>
				</control>
				<control type="button" id="302">
					<description>Delete shortcut</description>
					<width>1316</width>
					<height>90</height>
					<textoffsetx>30</textoffsetx>
					<font>font15</font>
					<texturenofocus border="1">separator5.png</texturenofocus>
				</control>
				<control type="button" id="308">
					<description>Restore shortcuts</description>
					<width>1316</width>
					<height>90</height>
					<textoffsetx>30</textoffsetx>
					<font>font15</font>
					<label>$ADDON[script.skinshortcuts 32028]</label>
					<texturenofocus border="1">separator5.png</texturenofocus>
					<visible>!SubString(Window.Property(groupname),.1,right)</visible>
				</control>
			</control>
		</control>
		<!-- Widget 1 settings -->
		<control type="group">
			<left>357</left>
			<top>240</top>
			<visible>[ControlGroup(6000).HasFocus | Control.HasFocus(6001) | Control.HasFocus(6002)] + IsEmpty(Window.Property(additionalDialog))</visible>
			<animation type="Visible" reversible="false">
				<effect type="zoom" start="150" end="100" center="960,540" time="300" tween="cubic" easing="out" />
				<effect type="fade" end="100" time="150" />
			</animation>
			<animation type="Hidden" reversible="false">
				<effect type="fade" start="100" end="0" time="100" delay="100" />
				<effect type="zoom" start="100" end="130" center="960,540" time="200" tween="cubic" easing="in" />
			</animation>
			<control type="image">
				<left>157</left>
				<top>0</top>
				<width>892</width>
				<height>600</height>
				<texture border="40">dialogs/default/bg.png</texture>
			</control>
			<control type="image">
				<left>187</left>
				<top>86</top>
				<width>832</width>
				<height>482</height>
				<texture border="5">dialogs/default/inner.png</texture>
			</control>
			<control type="label">
				<left>30</left>
				<top>32</top>
				<width>1140</width>
				<height>40</height>
				<font>font15_title</font>
				<label>31700</label>
				<align>center</align>
				<textcolor>dialogheader</textcolor>
			</control>
			<control type="button" id="6001">
				<left>-357</left>
				<top>-240</top>
				<width>1920</width>
				<height>1080</height>
				<onclick>noop</onclick>
				<texturefocus>noop</texturefocus>
				<texturenofocus>noop</texturenofocus>
				<alttexturefocus>noop</alttexturefocus>
				<alttexturenofocus>noop</alttexturenofocus>
				<onleft>6000</onleft>
				<onright>6000</onright>
				<onup>6000</onup>
				<ondown>6000</ondown>
				<onback>noop</onback>
			</control>
			<control type="grouplist" id="6000">
				<left>189</left>
				<top>88</top>
				<width>830</width>
				<height>480</height>
				<onright>6002</onright>
				<pagecontrol>6002</pagecontrol>
				<scrolltime tween="quadratic" easing="out">200</scrolltime>
				<!-- Widget 1 -->
				<control type="button" id="1001">
					<description>Change widget style 1</description>
					<include>WidgetSettingsButtonCommonValues</include>
					<label>31701</label>
					<label2>$VAR[WidgetStyleLabelVar]</label2>
				</control>
				<control type="button" id="1002">
					<description>Change widget background 1</description>
					<include>WidgetSettingsButtonCommonValues</include>
					<label>31702</label>
					<label2>$VAR[WidgetBackgroundLabelVar]</label2>
					<visible>!IsEmpty(Window.Property(widgetStyle)) + !Skin.HasSetting(Enable.GlobalWidgetBack)</visible>
				</control>
				<control type="button" id="1003">
					<description>Change widget title 1</description>
					<include>WidgetSettingsButtonCommonValues</include>
					<label>31703</label>
					<label2>$VAR[WidgetTitleLabelVar]</label2>
					<visible>!IsEmpty(Window.Property(widgetStyle)) + !Substring(Window.Property(widgetStyle),List)</visible>
				</control>
				<control type="button" id="1020">
					<description>Change list widget text 1</description>
					<include>WidgetSettingsButtonCommonValues</include>
					<label>31704</label>
					<label2>$VAR[WidgetListLabelVar]</label2>
					<visible>!IsEmpty(Window.Property(widgetStyle)) + Substring(Window.Property(widgetStyle),List) + !StringCompare(Window.Property(widgetArt),Banner) + !StringCompare(Window.Property(widgetType),system) + !StringCompare(Window.Property(widgetType),weather)</visible>
				</control>
				<control type="button" id="1021">
					<description>Enable panel widget info 1</description>
					<include>WidgetSettingsButtonCommonValues</include>
					<label>31705</label>
					<label2>$VAR[WidgetPanelInfoVar]</label2>
					<visible>!IsEmpty(Window.Property(widgetStyle)) + !Substring(Window.Property(widgetStyle),List) + !Skin.HasSetting(Enable.PanelInfo)</visible>
				</control>
				<!-- Custom list -->
				<control type="button" id="406">
					<description>Setup custom widget list</description>
					<include>WidgetSettingsButtonCommonValues</include>
					<label>31710</label>
					<visible>StringCompare(Window.Property(widgetType),custom) | [SubString(Window.Property(widgetStyle),Mixed) + [StringCompare(Window.Property(widgetType.a),custom) | StringCompare(Window.Property(widgetType.b),custom) | StringCompare(Window.Property(widgetType.c),custom) | StringCompare(Window.Property(widgetType.d),custom)]]</visible>
				</control>
				<control type="button" id="312">
					<description>Change widget 1</description>
					<include>WidgetSettingsButtonCommonValues</include>
					<label>$ADDON[script.skinshortcuts 32044]</label>
					<label2>$INFO[Window.Property(widgetName)]</label2>
					<onclick>SetProperty(customProperty,widgetArt)</onclick>
					<onclick>SendClick(404)</onclick>
					<visible>!IsEmpty(Window.Property(widgetStyle))</visible>
				</control>
				<control type="button" id="1004">
					<description>Change widget art 1</description>
					<include>WidgetSmallSettingsButtonCommonValues</include>
					<label> - $LOCALIZE[31706]</label>
					<label2>$VAR[WidgetArtLabelVar]</label2>
					<visible>[!IsEmpty(Window.Property(widgetPath)) + !IsEmpty(Window.Property(widgetStyle))] + [!StringCompare(Window.Property(widgetType),system) | !Substring(Window.Property(widgetStyle),List)]</visible>
				</control>
				<control type="button" id="1008">
					<description>Change widget case 1</description>
					<include>WidgetSmallSettingsButtonCommonValues</include>
					<label> - $LOCALIZE[31707]</label>
					<label2>$VAR[WidgetCaseLabelVar]</label2>
					<visible>[!IsEmpty(Window.Property(widgetPath)) + !IsEmpty(Window.Property(widgetStyle))] + [!StringCompare(Window.Property(widgetType),system) | !Substring(Window.Property(widgetStyle),List)]</visible>
				</control>
				<control type="button" id="1012">
					<description>Change widget 1 sort by</description>
					<include>WidgetSmallSettingsButtonCommonValues</include>
					<label> - $LOCALIZE[31708]</label>
					<label2>$VAR[WidgetSortbyLabelVar]</label2>
					<visible>!IsEmpty(Window.Property(widgetPath)) + !IsEmpty(Window.Property(widgetStyle))</visible>
				</control>
				<control type="button" id="1016">
					<description>Change widget 1 sort order</description>
					<include>WidgetSmallSettingsButtonCommonValues</include>
					<label> - $LOCALIZE[31709]</label>
					<label2>$VAR[WidgetSortLabelVar]</label2>
					<visible>!IsEmpty(Window.Property(widgetPath)) + !IsEmpty(Window.Property(widgetStyle))</visible>
				</control>
				<!-- Widget 1 - Mixed B-->
				<control type="button" id="1052">
					<description>Change widget 1b</description>
					<include>WidgetSettingsButtonCommonValues</include>
					<label>$ADDON[script.skinshortcuts 32044] 2</label>
					<label2>$INFO[Window.Property(widgetName.b)]</label2>
					<onclick>SetProperty(widgetID,b)</onclick>
					<onclick>SendClick(312)</onclick>
					<onclick>SetProperty(customProperty,widgetArt.b)</onclick>
					<onclick>SendClick(404)</onclick>
					<visible>StringCompare(Window.Property(widgetStyle),Mixed) | StringCompare(Window.Property(widgetStyle),Extended Mixed)</visible>
				</control>
				<control type="button" id="1005">
					<description>Change widget art 1b</description>
					<include>WidgetSmallSettingsButtonCommonValues</include>
					<label> - $LOCALIZE[31706]</label>
					<label2>$VAR[WidgetArtBLabelVar]</label2>
					<visible>!IsEmpty(Window.Property(widgetPath.b))</visible>
					<visible>StringCompare(Window.Property(widgetStyle),Mixed) | StringCompare(Window.Property(widgetStyle),Extended Mixed)</visible>
				</control>
				<control type="button" id="1009">
					<description>Change widget case 1b</description>
					<include>WidgetSmallSettingsButtonCommonValues</include>
					<label> - $LOCALIZE[31707]</label>
					<label2>$VAR[WidgetCaseBLabelVar]</label2>
					<visible>!IsEmpty(Window.Property(widgetPath.b))</visible>
					<visible>StringCompare(Window.Property(widgetStyle),Mixed) | StringCompare(Window.Property(widgetStyle),Extended Mixed)</visible>
				</control>
				<control type="button" id="1013">
					<description>Change widget 1b sort by</description>
					<include>WidgetSmallSettingsButtonCommonValues</include>
					<label> - $LOCALIZE[31708]</label>
					<label2>$VAR[WidgetSortbyBLabelVar]</label2>
					<visible>!IsEmpty(Window.Property(widgetPath.b))</visible>
					<visible>StringCompare(Window.Property(widgetStyle),Mixed) | StringCompare(Window.Property(widgetStyle),Extended Mixed)</visible>
				</control>
				<control type="button" id="1017">
					<description>Change widget 1b sort order</description>
					<include>WidgetSmallSettingsButtonCommonValues</include>
					<label> - $LOCALIZE[31709]</label>
					<label2>$VAR[WidgetSortBLabelVar]</label2>
					<visible>!IsEmpty(Window.Property(widgetPath.b))</visible>
					<visible>StringCompare(Window.Property(widgetStyle),Mixed) | StringCompare(Window.Property(widgetStyle),Extended Mixed)</visible>
				</control>
				<!-- Widget 1 - Mixed C-->
				<control type="button" id="1053">
					<description>Change widget 1c</description>
					<include>WidgetSettingsButtonCommonValues</include>
					<label>$ADDON[script.skinshortcuts 32044] 3</label>
					<label2>$INFO[Window.Property(widgetName.c)]</label2>
					<onclick>SetProperty(widgetID,c)</onclick>
					<onclick>SendClick(312)</onclick>
					<onclick>SetProperty(customProperty,widgetArt.c)</onclick>
					<onclick>SendClick(404)</onclick>
					<visible>StringCompare(Window.Property(widgetStyle),Mixed) | StringCompare(Window.Property(widgetStyle),Extended Mixed)</visible>
				</control>
				<control type="button" id="1006">
					<description>Change widget art 1c</description>
					<include>WidgetSmallSettingsButtonCommonValues</include>
					<label> - $LOCALIZE[31706]</label>
					<label2>$VAR[WidgetArtCLabelVar]</label2>
					<visible>!IsEmpty(Window.Property(widgetPath.c))</visible>
					<visible>StringCompare(Window.Property(widgetStyle),Mixed) | StringCompare(Window.Property(widgetStyle),Extended Mixed)</visible>
				</control>
				<control type="button" id="1010">
					<description>Change widget case 1c</description>
					<include>WidgetSmallSettingsButtonCommonValues</include>
					<label> - $LOCALIZE[31707]</label>
					<label2>$VAR[WidgetCaseCLabelVar]</label2>
					<visible>!IsEmpty(Window.Property(widgetPath.c))</visible>
					<visible>StringCompare(Window.Property(widgetStyle),Mixed) | StringCompare(Window.Property(widgetStyle),Extended Mixed)</visible>
				</control>
				<control type="button" id="1014">
					<description>Change widget 1c sort by</description>
					<include>WidgetSmallSettingsButtonCommonValues</include>
					<label> - $LOCALIZE[31708]</label>
					<label2>$VAR[WidgetSortbyCLabelVar]</label2>
					<visible>!IsEmpty(Window.Property(widgetPath.c))</visible>
					<visible>StringCompare(Window.Property(widgetStyle),Mixed) | StringCompare(Window.Property(widgetStyle),Extended Mixed)</visible>
				</control>
				<control type="button" id="1018">
					<description>Change widget 1c sort order</description>
					<include>WidgetSmallSettingsButtonCommonValues</include>
					<label> - $LOCALIZE[31709]</label>
					<label2>$VAR[WidgetSortCLabelVar]</label2>
					<visible>!IsEmpty(Window.Property(widgetPath.c))</visible>
					<visible>StringCompare(Window.Property(widgetStyle),Mixed) | StringCompare(Window.Property(widgetStyle),Extended Mixed)</visible>
				</control>
				<!-- Widget 1 - Mixed D-->
				<control type="button" id="1054">
					<description>Change widget 1d</description>
					<include>WidgetSettingsButtonCommonValues</include>
					<label>$ADDON[script.skinshortcuts 32044] 4</label>
					<label2>$INFO[Window.Property(widgetName.d)]</label2>
					<onclick>SetProperty(widgetID,d)</onclick>
					<onclick>SendClick(312)</onclick>
					<onclick>SetProperty(customProperty,widgetArt.d)</onclick>
					<onclick>SendClick(404)</onclick>
					<visible>StringCompare(Window.Property(widgetStyle),Extended Mixed)</visible>
				</control>
				<control type="button" id="1007">
					<description>Change widget art 1d</description>
					<include>WidgetSmallSettingsButtonCommonValues</include>
					<label> - $LOCALIZE[31706]</label>
					<label2>$VAR[WidgetArtDLabelVar]</label2>
					<visible>!IsEmpty(Window.Property(widgetPath.d))</visible>
					<visible>StringCompare(Window.Property(widgetStyle),Extended Mixed)</visible>
				</control>
				<control type="button" id="1011">
					<description>Change widget case 1d</description>
					<include>WidgetSmallSettingsButtonCommonValues</include>
					<label> - $LOCALIZE[31707]</label>
					<label2>$VAR[WidgetCaseDLabelVar]</label2>
					<visible>!IsEmpty(Window.Property(widgetPath.d))</visible>
					<visible>StringCompare(Window.Property(widgetStyle),Extended Mixed)</visible>
				</control>
				<control type="button" id="1015">
					<description>Change widget 1d sort by</description>
					<include>WidgetSmallSettingsButtonCommonValues</include>
					<label> - $LOCALIZE[31708]</label>
					<label2>$VAR[WidgetSortbyDLabelVar]</label2>
					<visible>!IsEmpty(Window.Property(widgetPath.d))</visible>
					<visible>StringCompare(Window.Property(widgetStyle),Extended Mixed)</visible>
				</control>
				<control type="button" id="1019">
					<description>Change widget 1d sort order</description>
					<include>WidgetSmallSettingsButtonCommonValues</include>
					<label> - $LOCALIZE[31709]</label>
					<label2>$VAR[WidgetSortDLabelVar]</label2>
					<visible>!IsEmpty(Window.Property(widgetPath.d))</visible>
					<visible>StringCompare(Window.Property(widgetStyle),Extended Mixed)</visible>
				</control>
			</control>
			<control type="scrollbar" id="6002">
				<left>1021</left>
				<top>88</top>
				<height>480</height>
				<width>14</width>
				<onleft>6000</onleft>
				<showonepage>false</showonepage>
				<texturesliderbackground>-</texturesliderbackground>
				<texturesliderbar colordiffuse="55ffffff" border="4">scrollbar/texturesliderbar3.png</texturesliderbar>
				<texturesliderbarfocus border="4">scrollbar/texturesliderbar3.png</texturesliderbarfocus>
			</control>
		</control>
		<!-- Widget 2 settings -->
		<control type="group">
			<left>357</left>
			<top>240</top>
			<visible>[ControlGroup(7000).HasFocus | Control.HasFocus(7001) | Control.HasFocus(7002)] + IsEmpty(Window.Property(additionalDialog))</visible>
			<animation type="Visible" reversible="false">
				<effect type="zoom" start="150" end="100" center="960,540" time="300" tween="cubic" easing="out" />
				<effect type="fade" end="100" time="150" />
			</animation>
			<animation type="Hidden" reversible="false">
				<effect type="fade" start="100" end="0" time="100" delay="100" />
				<effect type="zoom" start="100" end="130" center="960,540" time="200" tween="cubic" easing="in" />
			</animation>
			<control type="image">
				<left>157</left>
				<top>0</top>
				<width>892</width>
				<height>600</height>
				<texture border="40">dialogs/default/bg.png</texture>
			</control>
			<control type="image">
				<left>187</left>
				<top>86</top>
				<width>832</width>
				<height>482</height>
				<texture border="5">dialogs/default/inner.png</texture>
			</control>
			<control type="label">
				<left>30</left>
				<top>32</top>
				<width>1140</width>
				<height>40</height>
				<font>font15_title</font>
				<label>31700</label>
				<align>center</align>
				<textcolor>dialogheader</textcolor>
			</control>
			<control type="button" id="7001">
				<left>-357</left>
				<top>-240</top>
				<width>1920</width>
				<height>1080</height>
				<onclick>noop</onclick>
				<texturefocus>noop</texturefocus>
				<texturenofocus>noop</texturenofocus>
				<alttexturefocus>noop</alttexturefocus>
				<alttexturenofocus>noop</alttexturenofocus>
				<onleft>7000</onleft>
				<onright>7000</onright>
				<onup>7000</onup>
				<ondown>7000</ondown>
			</control>
			<control type="grouplist" id="7000">
				<left>189</left>
				<top>88</top>
				<width>830</width>
				<height>480</height>
				<onright>7002</onright>
				<pagecontrol>7002</pagecontrol>
				<scrolltime tween="quadratic" easing="out">200</scrolltime>
				<!-- Widget 2 -->
				<control type="button" id="2001">
					<description>Change widget style 2</description>
					<include>WidgetSettingsButtonCommonValues</include>
					<label>31701</label>
					<label2>$VAR[WidgetStyle2LabelVar]</label2>
				</control>
				<control type="button" id="2002">
					<description>Change widget background 2</description>
					<include>WidgetSettingsButtonCommonValues</include>
					<label>31702</label>
					<label2>$VAR[WidgetBackground2LabelVar]</label2>
					<visible>!IsEmpty(Window.Property(widgetStyle.2)) + !Skin.HasSetting(Enable.GlobalWidgetBack)</visible>
				</control>
				<control type="button" id="2003">
					<description>Change widget title 2</description>
					<include>WidgetSettingsButtonCommonValues</include>
					<label>31703</label>
					<label2>$VAR[WidgetTitle2LabelVar]</label2>
					<visible>!IsEmpty(Window.Property(widgetStyle.2)) + !Substring(Window.Property(widgetStyle.2),List)</visible>
				</control>
				<control type="button" id="2020">
					<description>Change list widget text 2</description>
					<include>WidgetSettingsButtonCommonValues</include>
					<label>31704</label>
					<label2>$VAR[WidgetList2LabelVar]</label2>
					<visible>!IsEmpty(Window.Property(widgetStyle.2)) + Substring(Window.Property(widgetStyle.2),List) + !StringCompare(Window.Property(widgetArt.2),Banner) + !StringCompare(Window.Property(widgetType.2),system) + !StringCompare(Window.Property(widgetType.2),weather)</visible>
				</control>
				<control type="button" id="2021">
					<description>Enable panel widget info 2</description>
					<include>WidgetSettingsButtonCommonValues</include>
					<label>31705</label>
					<label2>$VAR[WidgetPanelInfo2Var]</label2>
					<visible>!IsEmpty(Window.Property(widgetStyle.2)) + !Substring(Window.Property(widgetStyle.2),List) + !Skin.HasSetting(Enable.PanelInfo)</visible>
				</control>
				<!-- Custom list -->
				<control type="button" id="407">
					<description>Setup custom widget list</description>
					<include>WidgetSettingsButtonCommonValues</include>
					<label>31710</label>
					<visible>StringCompare(Window.Property(widgetType.2),custom) | [SubString(Window.Property(widgetStyle.2),Mixed) + [StringCompare(Window.Property(widgetType.2a),custom) | StringCompare(Window.Property(widgetType.2b),custom) | StringCompare(Window.Property(widgetType.2c),custom) | StringCompare(Window.Property(widgetType.2d),custom)]]</visible>
				</control>
				<control type="button" id="2051">
					<description>Change widget 2</description>
					<include>WidgetSettingsButtonCommonValues</include>
					<label>$ADDON[script.skinshortcuts 32044]</label>
					<label2>$INFO[Window.Property(widgetName.2)]</label2>
					<onclick>SetProperty(widgetID,2)</onclick>
					<onclick>SendClick(312)</onclick>
					<onclick>SetProperty(customProperty,widgetArt.2)</onclick>
					<onclick>SendClick(404)</onclick>
					<visible>!IsEmpty(Window.Property(widgetStyle.2))</visible>
				</control>
				<control type="button" id="2004">
					<description>Change widget art 2</description>
					<include>WidgetSmallSettingsButtonCommonValues</include>
					<label> - $LOCALIZE[31706]</label>
					<label2>$VAR[WidgetArt2LabelVar]</label2>
					<visible>[!IsEmpty(Window.Property(widgetPath.2)) + !IsEmpty(Window.Property(widgetStyle.2))] + [!StringCompare(Window.Property(widgetType.2),system) | !Substring(Window.Property(widgetStyle.2),List)]</visible>
				</control>
				<control type="button" id="2008">
					<description>Change widget case 2</description>
					<include>WidgetSmallSettingsButtonCommonValues</include>
					<label> - $LOCALIZE[31707]</label>
					<label2>$VAR[WidgetCase2LabelVar]</label2>
					<visible>[!IsEmpty(Window.Property(widgetPath.2)) + !IsEmpty(Window.Property(widgetStyle.2))] + [!StringCompare(Window.Property(widgetType.2),system) | !Substring(Window.Property(widgetStyle.2),List)]</visible>
				</control>
				<control type="button" id="2012">
					<description>Change widget 2 sort by</description>
					<include>WidgetSmallSettingsButtonCommonValues</include>
					<label> - $LOCALIZE[31708]</label>
					<label2>$VAR[WidgetSortby2LabelVar]</label2>
					<visible>!IsEmpty(Window.Property(widgetPath.2)) + !IsEmpty(Window.Property(widgetStyle.2))</visible>
				</control>
				<control type="button" id="2016">
					<description>Change widget 2 sort order</description>
					<include>WidgetSmallSettingsButtonCommonValues</include>
					<label> - $LOCALIZE[31709]</label>
					<label2>$VAR[WidgetSort2LabelVar]</label2>
					<visible>!IsEmpty(Window.Property(widgetPath.2)) + !IsEmpty(Window.Property(widgetStyle.2))</visible>
				</control>
				<!-- Widget 2 - Mixed B-->
				<control type="button" id="2052">
					<description>Change widget 2b</description>
					<include>WidgetSettingsButtonCommonValues</include>
					<label>$ADDON[script.skinshortcuts 32044] 2</label>
					<label2>$INFO[Window.Property(widgetName.2b)]</label2>
					<onclick>SetProperty(widgetID,2b)</onclick>
					<onclick>SendClick(312)</onclick>
					<onclick>SetProperty(customProperty,widgetArt.2b)</onclick>
					<onclick>SendClick(404)</onclick>
					<visible>StringCompare(Window.Property(widgetStyle.2),Mixed) | StringCompare(Window.Property(widgetStyle.2),Extended Mixed)</visible>
				</control>
				<control type="button" id="2005">
					<description>Change widget art 2b</description>
					<include>WidgetSmallSettingsButtonCommonValues</include>
					<label> - $LOCALIZE[31706]</label>
					<label2>$VAR[WidgetArt2BLabelVar]</label2>
					<visible>!IsEmpty(Window.Property(widgetPath.2b))</visible>
					<visible>StringCompare(Window.Property(widgetStyle.2),Mixed) | StringCompare(Window.Property(widgetStyle.2),Extended Mixed)</visible>
				</control>
				<control type="button" id="2009">
					<description>Change widget case 2b</description>
					<include>WidgetSmallSettingsButtonCommonValues</include>
					<label> - $LOCALIZE[31707]</label>
					<label2>$VAR[WidgetCase2BLabelVar]</label2>
					<visible>!IsEmpty(Window.Property(widgetPath.2b))</visible>
					<visible>StringCompare(Window.Property(widgetStyle.2),Mixed) | StringCompare(Window.Property(widgetStyle.2),Extended Mixed)</visible>
				</control>
				<control type="button" id="2013">
					<description>Change widget 2b sort by</description>
					<include>WidgetSmallSettingsButtonCommonValues</include>
					<label> - $LOCALIZE[31708]</label>
					<label2>$VAR[WidgetSortby2BLabelVar]</label2>
					<visible>!IsEmpty(Window.Property(widgetPath.2b))</visible>
					<visible>StringCompare(Window.Property(widgetStyle.2),Mixed) | StringCompare(Window.Property(widgetStyle.2),Extended Mixed)</visible>
				</control>
				<control type="button" id="2017">
					<description>Change widget 2b sort order</description>
					<include>WidgetSmallSettingsButtonCommonValues</include>
					<label> - $LOCALIZE[31709]</label>
					<label2>$VAR[WidgetSort2BLabelVar]</label2>
					<visible>!IsEmpty(Window.Property(widgetPath.2b))</visible>
					<visible>StringCompare(Window.Property(widgetStyle.2),Mixed) | StringCompare(Window.Property(widgetStyle.2),Extended Mixed)</visible>
				</control>
				<!-- Widget 2 - Mixed C-->
				<control type="button" id="2053">
					<description>Change widget 2c</description>
					<include>WidgetSettingsButtonCommonValues</include>
					<label>$ADDON[script.skinshortcuts 32044] 3</label>
					<label2>$INFO[Window.Property(widgetName.2c)]</label2>
					<onclick>SetProperty(widgetID,2c)</onclick>
					<onclick>SendClick(312)</onclick>
					<onclick>SetProperty(customProperty,widgetArt.2c)</onclick>
					<onclick>SendClick(404)</onclick>
					<visible>StringCompare(Window.Property(widgetStyle.2),Mixed) | StringCompare(Window.Property(widgetStyle.2),Extended Mixed)</visible>
				</control>
				<control type="button" id="2006">
					<description>Change widget art 2c</description>
					<include>WidgetSmallSettingsButtonCommonValues</include>
					<label> - $LOCALIZE[31706]</label>
					<label2>$VAR[WidgetArt2CLabelVar]</label2>
					<visible>!IsEmpty(Window.Property(widgetPath.2c))</visible>
					<visible>StringCompare(Window.Property(widgetStyle.2),Mixed) | StringCompare(Window.Property(widgetStyle.2),Extended Mixed)</visible>
				</control>
				<control type="button" id="2010">
					<description>Change widget case 2c</description>
					<include>WidgetSmallSettingsButtonCommonValues</include>
					<label> - $LOCALIZE[31707]</label>
					<label2>$VAR[WidgetCase2CLabelVar]</label2>
					<visible>!IsEmpty(Window.Property(widgetPath.2c))</visible>
					<visible>StringCompare(Window.Property(widgetStyle.2),Mixed) | StringCompare(Window.Property(widgetStyle.2),Extended Mixed)</visible>
				</control>
				<control type="button" id="2014">
					<description>Change widget 2c sort by</description>
					<include>WidgetSmallSettingsButtonCommonValues</include>
					<label> - $LOCALIZE[31708]</label>
					<label2>$VAR[WidgetSortby2CLabelVar]</label2>
					<visible>!IsEmpty(Window.Property(widgetPath.2c))</visible>
					<visible>StringCompare(Window.Property(widgetStyle.2),Mixed) | StringCompare(Window.Property(widgetStyle.2),Extended Mixed)</visible>
				</control>
				<control type="button" id="2018">
					<description>Change widget 2c sort order</description>
					<include>WidgetSmallSettingsButtonCommonValues</include>
					<label> - $LOCALIZE[31709]</label>
					<label2>$VAR[WidgetSort2CLabelVar]</label2>
					<visible>!IsEmpty(Window.Property(widgetPath.2c))</visible>
					<visible>StringCompare(Window.Property(widgetStyle.2),Mixed) | StringCompare(Window.Property(widgetStyle.2),Extended Mixed)</visible>
				</control>
				<!-- Widget 2 - Mixed D-->
				<control type="button" id="2054">
					<description>Change widget 2d</description>
					<include>WidgetSettingsButtonCommonValues</include>
					<label>$ADDON[script.skinshortcuts 32044] 4</label>
					<label2>$INFO[Window.Property(widgetName.2d)]</label2>
					<onclick>SetProperty(widgetID,2d)</onclick>
					<onclick>SendClick(312)</onclick>
					<onclick>SetProperty(customProperty,widgetArt.2d)</onclick>
					<onclick>SendClick(404)</onclick>
					<visible>StringCompare(Window.Property(widgetStyle.2),Extended Mixed)</visible>
				</control>
				<control type="button" id="2007">
					<description>Change widget art 2d</description>
					<include>WidgetSmallSettingsButtonCommonValues</include>
					<label> - $LOCALIZE[31706]</label>
					<label2>$VAR[WidgetArt2DLabelVar]</label2>
					<visible>!IsEmpty(Window.Property(widgetPath.2d))</visible>
					<visible>StringCompare(Window.Property(widgetStyle.2),Extended Mixed)</visible>
				</control>
				<control type="button" id="2011">
					<description>Change widget case 2d</description>
					<include>WidgetSmallSettingsButtonCommonValues</include>
					<label> - $LOCALIZE[31707]</label>
					<label2>$VAR[WidgetCase2DLabelVar]</label2>
					<visible>!IsEmpty(Window.Property(widgetPath.2d))</visible>
					<visible>StringCompare(Window.Property(widgetStyle.2),Extended Mixed)</visible>
				</control>
				<control type="button" id="2015">
					<description>Change widget 2d sort by</description>
					<include>WidgetSmallSettingsButtonCommonValues</include>
					<label> - $LOCALIZE[31708]</label>
					<label2>$VAR[WidgetSortby2DLabelVar]</label2>
					<visible>!IsEmpty(Window.Property(widgetPath.2d))</visible>
					<visible>StringCompare(Window.Property(widgetStyle.2),Extended Mixed)</visible>
				</control>
				<control type="button" id="2019">
					<description>Change widget 2d sort order</description>
					<include>WidgetSmallSettingsButtonCommonValues</include>
					<label> - $LOCALIZE[31709]</label>
					<label2>$VAR[WidgetSort2DLabelVar]</label2>
					<visible>!IsEmpty(Window.Property(widgetPath.2d))</visible>
					<visible>StringCompare(Window.Property(widgetStyle.2),Extended Mixed)</visible>
				</control>
			</control>
			<control type="scrollbar" id="7002">
				<left>1021</left>
				<top>88</top>
				<height>480</height>
				<width>14</width>
				<onleft>7000</onleft>
				<showonepage>false</showonepage>
				<texturesliderbackground>-</texturesliderbackground>
				<texturesliderbar colordiffuse="55ffffff" border="4">scrollbar/texturesliderbar3.png</texturesliderbar>
				<texturesliderbarfocus border="4">scrollbar/texturesliderbar3.png</texturesliderbarfocus>
			</control>
		</control>
		<!-- 404, for setting custom property -->
		<control type="button" id="404">
			<visible>False</visible>
			<left>-100000</left>
			<top>-100000</top>
			<width>1</width>
			<height>1</height>
			<onclick>noop</onclick>
		</control>
	</controls>
</window>
