<?xml version="1.0" encoding="UTF-8"?>
<window>
	<defaultcontrol always="false">101</defaultcontrol>
	<coordinates>
		<system>1</system>
		<left>0</left>
		<top>0</top>
	</coordinates>
	<controls>
		<control type="group">
			<animation effect="slide" end="0,0" start="0,-540" time="200" tween="quadratic" easing="out">WindowOpen</animation>
			<animation effect="slide" start="0,0" end="0,-540" time="200" tween="quadratic" easing="out">WindowClose</animation>
			<control type="image">
				<left>0</left>
				<top>0</top>
				<width>FullScreenWidth</width>
				<height>370</height>
				<texture colordiffuse="8CFFFFFF" border="1,1,1,40">topbar.png</texture>
			</control>
			<!-- ** Required ** Do not change <id> or <type> (Text box for lyrics) -->
			<control type="textbox" id="100">
				<description>textarea</description>
				<left>45</left>
				<top>5</top>
				<width>1830</width>
				<height>255</height>
				<align>center</align>
				<font>fontScriptLyrics</font>
				<textcolor>white</textcolor>
				<pagecontrol>101</pagecontrol>
			</control>
			<!-- ** Required ** Do not change <id> or <type> (Smooth scrolling list for lyrics) -->
			<control type="list" id="110">
				<left>45</left>
				<top>5</top>
				<width>1830</width>
				<height>325</height>
				<onleft>111</onleft>
				<onright>111</onright>
				<onup>110</onup>
				<ondown>110</ondown>
				<pagecontrol>111</pagecontrol>
				<scrolltime tween="quadratic" easing="out">200</scrolltime>
				<itemlayout height="65">
					<control type="label">
						<width>1830</width>
						<height>50</height>
						<font>fontScriptLyrics</font>
						<textcolor>white</textcolor>
						<align>center</align>
						<selectedcolor>$VAR[ThemeLabelColor]</selectedcolor>
						<info>ListItem.Label</info>
					</control>
				</itemlayout>
				<focusedlayout height="65">
					<control type="label">
						<width>1830</width>
						<height>50</height>
						<font>fontScriptLyrics</font>
						<align>center</align>
						<textcolor>$VAR[ThemeLabelColor]</textcolor>
						<label fallback="--">$INFO[ListItem.Label]</label>
					</control>
				</focusedlayout>
			</control>
			<!-- ** Required ** Do not change <id> or <type> (Song Chooser if it gets it wrong) -->
			<control type="list" id="120">
				<left>45</left>
				<top>5</top>
				<width>1830</width>
				<height>250</height>
				<onleft>121</onleft>
				<onright>121</onright>
				<onup>120</onup>
				<ondown>120</ondown>
				<pagecontrol>121</pagecontrol>
				<scrolltime tween="quadratic" easing="out">200</scrolltime>
				<itemlayout height="60" width="1830">
					<control type="image">
						<left>1</left>
						<top>0</top>
						<width>1820</width>
						<height>60</height>
						<texture border="1">separator2.png</texture>
					</control>
					<control type="label">
						<width>1820</width>
						<height>60</height>
						<font>fontScriptLyrics</font>
						<textoffsetx>15</textoffsetx>
						<textcolor>white</textcolor>
						<selectedcolor>$VAR[ThemeLabelColor]</selectedcolor>
						<align>left</align>
						<aligny>center</aligny>
						<label>$INFO[ListItem.Label]</label>
					</control>
					<control type="label">
						<width>1820</width>
						<height>60</height>
						<font>fontScriptLyrics</font>
						<textoffsetx>15</textoffsetx>
						<textcolor>white</textcolor>
						<selectedcolor>$VAR[ThemeLabelColor]</selectedcolor>
						<align>right</align>
						<label>$INFO[ListItem.Label2]</label>
					</control>
				</itemlayout>
				<focusedlayout height="60" width="1830">
					<control type="image">
						<left>1</left>
						<width>1820</width>
						<height>60</height>
						<texture colordiffuse="$VAR[HighlightBarColor]" border="5">listselect_fo.png</texture>
						<visible>Control.HasFocus(120)</visible>
						<include>VisibleFadeEffect</include>
					</control>
					<control type="label">
						<width>1820</width>
						<height>60</height>
						<font>fontScriptLyrics</font>
						<textoffsetx>15</textoffsetx>
						<textcolor>white</textcolor>
						<selectedcolor>$VAR[ThemeLabelColor]</selectedcolor>
						<align>left</align>
						<aligny>center</aligny>
						<label>$INFO[ListItem.Label]</label>
						<animation effect="fade" start="100" end="70" time="300" tween="sine" easing="inout" condition="!Control.HasFocus(120)">Conditional</animation>
					</control>
					<control type="label">
						<width>1820</width>
						<height>60</height>
						<font>fontScriptLyrics</font>
						<textoffsetx>15</textoffsetx>
						<textcolor>grey</textcolor>
						<selectedcolor>$VAR[ThemeLabelColor]</selectedcolor>
						<align>right</align>
						<label>$INFO[ListItem.Label2]</label>
						<animation effect="fade" start="100" end="70" time="300" tween="sine" easing="inout" condition="!Control.HasFocus(120)">Conditional</animation>
					</control>
				</focusedlayout>
			</control>
			<control type="label">
				<description>Scraper label</description>
				<left>870</left>
				<top>1020</top>
				<width>825</width>
				<height>45</height>
				<label>$LOCALIZE[31205] - $INFO[Control.GetLabel(200)]</label>
				<font>font12_title</font>
				<align>right</align>
				<aligny>center</aligny>
				<textcolor>grey2</textcolor>
				<visible>false</visible>
			</control>
			<control type="label" id="200">
				<description>Scraper label</description>
				<visible>false</visible>
			</control>
		</control>
		<!-- ** Required ** Do not change <id> or <type> -->
		<!-- ** Required ** Do not change <id> or <type> -->
	</controls>
</window>