<?xml version="1.0" encoding="UTF-8"?>
<window>
	<defaultcontrol>1001</defaultcontrol>
	<animation type="WindowOpen" reversible="false">
		<effect type="zoom" start="150" end="100" center="1180,518" time="300" tween="cubic" easing="out" />
		<effect type="fade" end="100" time="150" />
	</animation>
	<animation type="WindowClose" reversible="false">
		<effect type="fade" start="100" end="0" time="100" delay="100" />
		<effect type="zoom" start="100" end="130" center="1180,518" time="200" tween="cubic" easing="in" />
	</animation>
	<coordinates>
		<system>1</system>
		<left>925</left>
		<top>458</top>
	</coordinates>
	<controls>
		<!-- assume the context menu contains 1 button. code the size/position of all controls based on that -->
		<control type="image" id="999">
			<left>0</left>
			<top>-30</top>
			<width>510</width>
			<height>120</height>
			<texture border="40">dialog_back3.png</texture>
		</control>
		<control type="button" id="1001">
			<left>30</left>
			<top>0</top>
			<width>450</width>
			<height>60</height>
			<font>font14</font>
			<align>center</align>
			<textcolor>grey2</textcolor>
			<focusedcolor>white</focusedcolor>
			<texturefocus colordiffuse="$VAR[HighlightBarColor]" border="5">listselect_fo.png</texturefocus>
			<onleft>1001</onleft>
			<onright>1001</onright>
			<onup>1003</onup>
			<ondown>1002</ondown>
		</control>
		<control type="button" id="1002">
			<left>30</left>
			<top>60</top>
			<width>450</width>
			<height>60</height>
			<font>font14</font>
			<align>center</align>
			<textcolor>grey2</textcolor>
			<focusedcolor>white</focusedcolor>
			<texturefocus colordiffuse="$VAR[HighlightBarColor]" border="5">listselect_fo.png</texturefocus>
			<onleft>1002</onleft>
			<onright>1002</onright>
			<onup>1001</onup>
			<ondown>1003</ondown>
		</control>
		<control type="button" id="1003">
			<left>480</left>
			<top>120</top>
			<width>450</width>
			<height>60</height>
			<font>font14</font>
			<align>center</align>
			<textcolor>grey2</textcolor>
			<focusedcolor>white</focusedcolor>
			<texturefocus colordiffuse="$VAR[HighlightBarColor]" border="5">listselect_fo.png</texturefocus>
			<onleft>1003</onleft>
			<onright>1003</onright>
			<onup>1002</onup>
			<ondown>1001</ondown>
		</control>
	</controls>
</window>