<?xml version="1.0" encoding="UTF-8"?>
<window>
	<coordinates>
		<system>1</system>
		<left>0</left>
		<top>0</top>
	</coordinates>
	<onload condition="VideoPlayer.Content(livetv)">SetFocus(808)</onload>
	<onload condition="!VideoPlayer.Content(livetv) + Skin.HasSetting(Disable.PlayerControlButtons)">SetFocus(703)</onload>
	<onload condition="!VideoPlayer.Content(livetv) + !Skin.HasSetting(Disable.PlayerControlButtons)">SetFocus(602)</onload>
	<controls>
		<control type="slider">
			<description>Seek Slider</description>
			<left>0</left>
			<top>1014</top>
			<width>FullScreenWidth</width>
			<height>64</height>
			<texturesliderbar>seekslider2.png</texturesliderbar>
			<textureslidernib>-</textureslidernib>
			<textureslidernibfocus>-</textureslidernibfocus>
			<action>seek</action>
			<visible>!VideoPlayer.Content(LiveTV)</visible>
		</control>
		<control type="group">
			<animation effect="slide" end="0,-238" time="240" tween="quadratic" condition="Window.IsVisible(SliderDialog) | Window.IsVisible(PVROSDGuide) | Window.IsVisible(PVROSDTeletext) | Window.IsVisible(PVROSDChannels) | Window.IsVisible(OSDVideoSettings) | Window.IsVisible(OSDAudioSettings) | Window.IsVisible(VideoBookmarks) | Window.IsVisible(1118)">Conditional</animation>
			<animation effect="slide" start="0,-238" end="0,0" time="240" tween="quadratic">WindowOpen</animation>
			<animation effect="slide" end="0,-238" start="0,0" time="240" tween="quadratic">WindowClose</animation>
			<top>0</top>
			<control type="image">
				<left>0</left>
				<top>0</top>
				<width>FullScreenWidth</width>
				<height>136</height>
				<texture colordiffuse="E6FFFFFF" border="1,1,1,40">topbar.png</texture>
			</control>
			<control type="grouplist" id="202">
				<top>0</top>
				<height>144</height>
				<width>FullScreenWidth</width>
				<align>center</align>
				<itemgap>0</itemgap>
				<scrolltime tween="sine">200</scrolltime>
				<orientation>horizontal</orientation>
				<onup>701</onup>
				<ondown>707</ondown>
				<onleft>202</onleft>
				<onright>202</onright>
				<visible>!VideoPlayer.Content(LiveTV)</visible>
				<control type="button" id="700">
					<textoffsety>60</textoffsety>
					<texturefocus>osd/buttons/OSDBookMarksFO.png</texturefocus>
					<texturenofocus>osd/buttons/OSDBookMarksNF.png</texturenofocus>
					<label>-</label>
					<width>100</width>
					<height>100</height>
					<font>-</font>
					<onclick>ActivateWindow(videobookmarks)</onclick>
				</control>
				<control type="button" id="701">
					<texturefocus>osd/buttons/OSDAudioFO.png</texturefocus>
					<texturenofocus>osd/buttons/OSDAudioNF.png</texturenofocus>
					<label>-</label>
					<width>100</width>
					<height>100</height>
					<font>-</font>
					<onclick>ActivateWindow(osdaudiosettings)</onclick>
				</control>
				<control type="button" id="702">
					<texturefocus>osd/buttons/OSDVideoFO.png</texturefocus>
					<texturenofocus>osd/buttons/OSDVideoNF.png</texturenofocus>
					<label>-</label>
					<width>100</width>
					<height>100</height>
					<font>-</font>
					<onclick>ActivateWindow(osdvideosettings)</onclick>
				</control>
				<!-- <control type="label">
					<width>300</width>
					<height>100</height>
					<include>HiddenObject</include>
					<visible>Skin.HasSetting(Disable.PlayerControlButtons)</visible>
				</control> -->
				<control type="button" id="600">
					<texturefocus>osd/buttons/OSDPrevTrackFO.png</texturefocus>
					<texturenofocus>osd/buttons/OSDPrevTrackNF.png</texturenofocus>
					<label>-</label>
					<width>100</width>
					<height>100</height>
					<font>-</font>
					<onclick>PlayerControl(Previous)</onclick>
					<visible>!Skin.HasSetting(Disable.PlayerControlButtons)</visible>
				</control>
				<control type="button" id="601">
					<texturefocus>osd/buttons/OSDRewindFO.png</texturefocus>
					<texturenofocus>osd/buttons/OSDRewindNF.png</texturenofocus>
					<label>-</label>
					<width>100</width>
					<height>100</height>
					<font>-</font>
					<onclick>PlayerControl(Rewind)</onclick>
					<visible>!Skin.HasSetting(Disable.PlayerControlButtons)</visible>
				</control>
				<control type="togglebutton" id="602">
					<texturefocus>osd/buttons/OSDPauseFO.png</texturefocus>
					<texturenofocus>osd/buttons/OSDPauseNF.png</texturenofocus>
					<alttexturefocus>osd/buttons/OSDPlayFO.png</alttexturefocus>
					<alttexturenofocus>osd/buttons/OSDPlayNF.png</alttexturenofocus>
					<label>-</label>
					<altlabel>208</altlabel>
					<width>100</width>
					<height>100</height>
					<font>-</font>
					<usealttexture>Player.Paused | Player.Forwarding | Player.Rewinding</usealttexture>
					<onclick>PlayerControl(Play)</onclick>
					<visible>!Skin.HasSetting(Disable.PlayerControlButtons)</visible>
				</control>
				<control type="button" id="603">
					<texturefocus>osd/buttons/OSDStopFO.png</texturefocus>
					<texturenofocus>osd/buttons/OSDStopNF.png</texturenofocus>
					<label>-</label>
					<width>100</width>
					<height>100</height>
					<font>-</font>
					<onclick>PlayerControl(Stop)</onclick>
					<visible>!Skin.HasSetting(Disable.PlayerControlButtons)</visible>
				</control>
				<control type="button" id="604">
					<texturefocus>osd/buttons/OSDForwardFO.png</texturefocus>
					<texturenofocus>osd/buttons/OSDForwardNF.png</texturenofocus>
					<label>-</label>
					<width>100</width>
					<height>100</height>
					<font>-</font>
					<onclick>PlayerControl(Forward)</onclick>
					<visible>!Skin.HasSetting(Disable.PlayerControlButtons)</visible>
				</control>
				<control type="button" id="605">
					<texturefocus>osd/buttons/OSDNextTrackFO.png</texturefocus>
					<texturenofocus>osd/buttons/OSDNextTrackNF.png</texturenofocus>
					<label>-</label>
					<width>100</width>
					<height>100</height>
					<font>-</font>
					<onclick>PlayerControl(Next)</onclick>
					<visible>!Skin.HasSetting(Disable.PlayerControlButtons)</visible>
				</control>
				<!-- <control type="label">
					<width>300</width>
					<height>100</height>
					<include>HiddenObject</include>
				</control> -->
				<control type="button" id="703">
					<texturefocus>osd/buttons/OSDSubtitlesFO.png</texturefocus>
					<texturenofocus>osd/buttons/OSDSubtitlesNF.png</texturenofocus>
					<label>-</label>
					<width>100</width>
					<height>100</height>
					<font>-</font>
					<onclick>Close</onclick>
					<onclick>ActivateWindow(SubtitleSearch)</onclick>
				</control>
				<control type="button" id="704">
					<texturefocus>osd/buttons/OSDDvdFO.png</texturefocus>
					<texturenofocus>osd/buttons/OSDDvdNF.png</texturenofocus>
					<label>-</label>
					<width>100</width>
					<height>100</height>
					<font>-</font>
					<onclick>PlayerControl(ShowVideoMenu)</onclick>
					<visible>VideoPlayer.HasMenu</visible>
				</control>
				<control type="button" id="705">
					<texturefocus>osd/buttons/OSDStereoscopicFO.png</texturefocus>
					<texturenofocus>osd/buttons/OSDStereoscopicNF.png</texturenofocus>
					<label>-</label>
					<width>100</width>
					<height>100</height>
					<font>-</font>
					<onclick>StereoMode</onclick>
					<visible>VideoPlayer.IsStereoscopic</visible>
				</control>
				<control type="button" id="706">
					<texturefocus>osd/buttons/OSDInfoFO.png</texturefocus>
					<texturenofocus>osd/buttons/OSDInfoNF.png</texturenofocus>
					<label>-</label>
					<width>100</width>
					<height>100</height>
					<font>-</font>
					<onclick>Close</onclick>
					<onclick>ActivateWindow(1118)</onclick>
					<visible>VideoPlayer.Content(movies) | VideoPlayer.Content(episodes)</visible>
				</control>
				<control type="button" id="707">
					<texturefocus>osd/buttons/OSDChannelListFO.png</texturefocus>
					<texturenofocus>osd/buttons/OSDChannelListNF.png</texturenofocus>
					<label>-</label>
					<width>100</width>
					<height>100</height>
					<font>-</font>
					<onclick>Close</onclick>
					<onclick>Skin.ToggleSetting(Enable.ScreenshotMode)</onclick>
					<onclick>Notification($LOCALIZE[19098]:,Taking a Screenshot,1500,icon.png)</onclick>
					<onclick>AlarmClock(Take a Screenshot,TakeScreenshot,00:03,silent)</onclick>
					<onclick>AlarmClock(Reset ScreenshotMode,Skin.Reset(Enable.ScreenshotMode),00:04,silent)</onclick>
					<visible>VideoPlayer.Content(movies) | VideoPlayer.Content(episodes)</visible>
				</control>
				<control type="button" id="709">
					<texturefocus>osd/buttons/OSDSkinFO.png</texturefocus>
					<texturenofocus>osd/buttons/OSDSkinNF.png</texturenofocus>
					<label>-</label>
					<width>100</width>
					<height>100</height>
					<font>-</font>
					<onclick>Dialog.Close(videoosd)</onclick>
					<onclick>ActivateWindow(1115)</onclick>
					<onclick>SetProperty(OSD.Settings,True,home)</onclick>
				</control>
			</control>
			<control type="grouplist" id="202">
				<top>0</top>
				<height>144</height>
				<width>FullScreenWidth</width>
				<align>center</align>
				<itemgap>0</itemgap>
				<scrolltime tween="sine">200</scrolltime>
				<orientation>horizontal</orientation>
				<onup>800</onup>
				<ondown>807</ondown>
				<onleft>202</onleft>
				<onright>202</onright>
				<visible>VideoPlayer.Content(LiveTV)</visible>
				<control type="button" id="800">
					<texturefocus>osd/buttons/OSDAudioFO.png</texturefocus>
					<texturenofocus>osd/buttons/OSDAudioNF.png</texturenofocus>
					<label>-</label>
					<width>100</width>
					<height>100</height>
					<font>-</font>
					<onclick>ActivateWindow(osdaudiosettings)</onclick>
				</control>
				<control type="button" id="801">
					<texturefocus>osd/buttons/OSDVideoFO.png</texturefocus>
					<texturenofocus>osd/buttons/OSDVideoNF.png</texturenofocus>
					<label>-</label>
					<width>100</width>
					<height>100</height>
					<font>-</font>
					<onclick>ActivateWindow(osdvideosettings)</onclick>
				</control>
				<control type="button" id="802">
					<texturefocus>osd/buttons/OSDChannelUPFO.png</texturefocus>
					<texturenofocus>osd/buttons/OSDChannelUPNF.png</texturenofocus>
					<label>-</label>
					<width>100</width>
					<height>100</height>
					<font>-</font>
					<onclick>PlayerControl(Previous)</onclick>
				</control>
				<control type="button" id="803">
					<textoffsety>60</textoffsety>
					<texturefocus>osd/buttons/OSDChannelDownFO.png</texturefocus>
					<texturenofocus>osd/buttons/OSDChannelDownNF.png</texturenofocus>
					<label>-</label>
					<width>100</width>
					<height>100</height>
					<font>-</font>
					<onclick>PlayerControl(Next)</onclick>
				</control>
				<control type="button" id="804">
					<texturefocus>osd/buttons/OSDRewindFO.png</texturefocus>
					<texturenofocus>osd/buttons/OSDRewindNF.png</texturenofocus>
					<label>-</label>
					<width>100</width>
					<height>100</height>
					<font>-</font>
					<onclick>PlayerControl(Rewind)</onclick>
					<enable>Player.SeekEnabled</enable>
				</control>
				<control type="togglebutton" id="812">
					<texturefocus>osd/buttons/OSDPauseFO.png</texturefocus>
					<texturenofocus>osd/buttons/OSDPauseNF.png</texturenofocus>
					<alttexturefocus>osd/buttons/OSDPlayFO.png</alttexturefocus>
					<alttexturenofocus>osd/buttons/OSDPlayNF.png</alttexturenofocus>
					<label>-</label>
					<altlabel>208</altlabel>
					<width>100</width>
					<height>100</height>
					<font>-</font>
					<usealttexture>Player.Paused | Player.Forwarding | Player.Rewinding</usealttexture>
					<onclick>PlayerControl(Play)</onclick>
					<enable>Player.PauseEnabled</enable>
				</control>
				<control type="button" id="805">
					<texturefocus>osd/buttons/OSDStopFO.png</texturefocus>
					<texturenofocus>osd/buttons/OSDStopNF.png</texturenofocus>
					<label>-</label>
					<width>100</width>
					<height>100</height>
					<font>-</font>
					<onclick>PlayerControl(Stop)</onclick>
				</control>
				<control type="button" id="806">
					<texturefocus>osd/buttons/OSDForwardFO.png</texturefocus>
					<texturenofocus>osd/buttons/OSDForwardNF.png</texturenofocus>
					<label>-</label>
					<width>100</width>
					<height>100</height>
					<font>-</font>
					<onclick>PlayerControl(Forward)</onclick>
					<enable>Player.SeekEnabled</enable>
				</control>
				<control type="togglebutton" id="10">
					<texturefocus>osd/buttons/OSDRecordOffFO.png</texturefocus>
					<texturenofocus>osd/buttons/OSDRecordOffNF.png</texturenofocus>
					<alttexturefocus>osd/buttons/OSDRecordOnFO.png</alttexturefocus>
					<alttexturenofocus>osd/buttons/OSDRecordOnNF.png</alttexturenofocus>
					<label>-</label>
					<altlabel>208</altlabel>
					<width>100</width>
					<height>100</height>
					<font>-</font>
					<onclick>PlayerControl(Record)</onclick>
					<enable>Player.CanRecord</enable>
					<usealttexture>Player.Recording</usealttexture>
				</control>
				<control type="button" id="807">
					<texturefocus>osd/buttons/OSDChannelListFO.png</texturefocus>
					<texturenofocus>osd/buttons/OSDChannelListNF.png</texturenofocus>
					<label>-</label>
					<width>100</width>
					<height>100</height>
					<font>-</font>
					<onclick>ActivateWindow(PVROSDChannels)</onclick>
					<onclick>Dialog.Close(VideoOSD)</onclick>
				</control>
				<control type="button" id="808">
					<texturefocus>osd/buttons/OSDepgFO.png</texturefocus>
					<texturenofocus>osd/buttons/OSDepgNF.png</texturenofocus>
					<label>-</label>
					<width>100</width>
					<height>100</height>
					<font>-</font>
					<onclick>ActivateWindow(PVROSDGuide)</onclick>
					<onclick>Dialog.Close(VideoOSD)</onclick>
				</control>
				<control type="button" id="809">
					<texturefocus>osd/buttons/OSDStereoscopicFO.png</texturefocus>
					<texturenofocus>osd/buttons/OSDStereoscopicNF.png</texturenofocus>
					<label>-</label>
					<width>100</width>
					<height>100</height>
					<font>-</font>
					<onclick>ToggleStereoMode</onclick>
					<visible>VideoPlayer.IsStereoscopic</visible>
				</control>
				<control type="button" id="810">
					<texturefocus>osd/buttons/OSDTeleTextFO.png</texturefocus>
					<texturenofocus>osd/buttons/OSDTeleTextNF.png</texturenofocus>
					<label>-</label>
					<width>100</width>
					<height>100</height>
					<font>-</font>
					<onclick>ActivateWindow(Teletext)</onclick>
				</control>
			</control>
		</control>
	</controls>
</window>