<?xml version="1.0" encoding="UTF-8"?>
<window>
	<defaultcontrol>-</defaultcontrol>
	<controls>
		<!-- codec info -->
		<control type="group" id="0">
			<animation effect="slide" start="0,-340" end="0,0" time="200">WindowOpen</animation>
			<animation effect="fade" time="200">WindowOpen</animation>
			<control type="image">
				<left>0</left>
				<top>0</top>
				<width>FullScreenWidth</width>
				<height>340</height>
				<texture border="1,1,1,40">topbar.png</texture>
				<animation effect="slide" start="0,0" end="0,-200" time="0" condition="![Control.isVisible(11) + Control.IsVisible(12)]">Conditional</animation>
			</control>
			<control type="grouplist" id="0">
				<left>30</left>
				<top>0</top>
				<width>FullScreenWidth</width>
				<height>300</height>
				<itemgap>10</itemgap>
				<control type="label" id="10">
					<description>row 1 label</description>
					<width>1770</width>
					<height>90</height>
					<align>left</align>
					<aligny>center</aligny>
					<font>font14</font>
					<textcolor>grey2</textcolor>
					<label>-</label>
				</control>
				<control type="label" id="11">
					<description>row 2 label</description>
					<width>1770</width>
					<height>90</height>
					<align>left</align>
					<aligny>center</aligny>
					<font>font14</font>
					<label>-</label>
					<textcolor>grey2</textcolor>
				</control>
				<control type="label" id="12">
					<description>row 3 label</description>
					<width>1770</width>
					<height>90</height>
					<align>left</align>
					<aligny>center</aligny>
					<font>font14</font>
					<label>-</label>
					<textcolor>grey2</textcolor>
				</control>
			</control>
		</control>
		<control type="group">
			<visible>Player.ShowCodec + VideoPlayer.Content(LiveTV) + system.getbool(pvrplayback.signalquality)</visible>
			<top>750</top>
			<animation effect="fade" time="200">WindowOpen</animation>
			<control type="image">
				<description>media info background image</description>
				<left>0</left>
				<top>0</top>
				<width>FullScreenWidth</width>
				<height>330</height>
				<texture>black-back.png</texture>
			</control>
			<control type="label">
				<description>Header</description>
				<left>30</left>
				<top>8</top>
				<width>1800</width>
				<height>38</height>
				<label>$LOCALIZE[19005]</label>
				<align>left</align>
				<aligny>center</aligny>
				<font>font13_title</font>
				<textcolor>$VAR[ThemeLabelColor]</textcolor>
			</control>
			<control type="label">
				<description>Backend</description>
				<left>30</left>
				<top>60</top>
				<width>248</width>
				<height>38</height>
				<label>$LOCALIZE[19012]:</label>
				<align>left</align>
				<aligny>center</aligny>
				<font>font14</font>
				<textcolor>grey2</textcolor>
			</control>
			<control type="label">
				<description>Backend value</description>
				<left>330</left>
				<top>60</top>
				<width>1500</width>
				<height>38</height>
				<label>$INFO[PVR.ActStreamClient]</label>
				<align>left</align>
				<aligny>center</aligny>
				<font>font14</font>
				<textcolor>white</textcolor>
			</control>
			<control type="label">
				<description>Device</description>
				<left>30</left>
				<top>98</top>
				<width>248</width>
				<height>38</height>
				<label>$LOCALIZE[19006]:</label>
				<align>left</align>
				<aligny>center</aligny>
				<font>font14</font>
				<textcolor>grey2</textcolor>
			</control>
			<control type="label">
				<description>Device value</description>
				<left>330</left>
				<top>98</top>
				<width>1500</width>
				<height>38</height>
				<label>$INFO[PVR.ActStreamDevice]</label>
				<align>left</align>
				<aligny>center</aligny>
				<font>font14</font>
				<textcolor>white</textcolor>
			</control>
			<control type="label">
				<description>Status</description>
				<left>30</left>
				<top>135</top>
				<width>248</width>
				<height>38</height>
				<label>$LOCALIZE[19007]:</label>
				<align>left</align>
				<aligny>center</aligny>
				<font>font14</font>
				<textcolor>grey2</textcolor>
			</control>
			<control type="label">
				<description>Status value</description>
				<left>330</left>
				<top>135</top>
				<width>1500</width>
				<height>38</height>
				<label>$INFO[PVR.ActStreamStatus]</label>
				<align>left</align>
				<aligny>center</aligny>
				<font>font14</font>
				<textcolor>white</textcolor>
			</control>
			<control type="label">
				<description>Signal</description>
				<left>30</left>
				<top>172</top>
				<width>248</width>
				<height>38</height>
				<label>$LOCALIZE[19008]:</label>
				<align>left</align>
				<aligny>center</aligny>
				<font>font14</font>
				<textcolor>grey2</textcolor>
			</control>
			<control type="progress">
				<description>Progressbar</description>
				<left>330</left>
				<top>183</top>
				<width>1365</width>
				<height>21</height>
				<info>PVR.ActStreamProgrSignal</info>
			</control>
			<control type="label">
				<description>Signal value</description>
				<left>1800</left>
				<top>172</top>
				<width>270</width>
				<height>38</height>
				<label>$INFO[PVR.ActStreamSignal]</label>
				<align>left</align>
				<aligny>center</aligny>
				<font>font14</font>
				<textcolor>white</textcolor>
			</control>
			<control type="label">
				<description>SNR</description>
				<left>30</left>
				<top>210</top>
				<width>248</width>
				<height>38</height>
				<label>$LOCALIZE[19009]:</label>
				<align>left</align>
				<aligny>center</aligny>
				<font>font14</font>
				<textcolor>grey2</textcolor>
			</control>
			<control type="progress">
				<description>Progressbar</description>
				<left>330</left>
				<top>220</top>
				<width>1365</width>
				<height>21</height>
				<overlaytexture>-</overlaytexture>
				<info>PVR.ActStreamProgrSNR</info>
			</control>
			<control type="label">
				<description>SNR value</description>
				<left>1800</left>
				<top>210</top>
				<width>270</width>
				<height>38</height>
				<label>$INFO[PVR.ActStreamSNR]</label>
				<align>left</align>
				<aligny>center</aligny>
				<font>font14</font>
				<textcolor>white</textcolor>
			</control>
			<control type="label">
				<description>BER</description>
				<left>30</left>
				<top>248</top>
				<width>248</width>
				<height>38</height>
				<label>$LOCALIZE[19010]:</label>
				<align>left</align>
				<aligny>center</aligny>
				<font>font14</font>
				<textcolor>grey2</textcolor>
			</control>
			<control type="label">
				<description>BER value</description>
				<left>330</left>
				<top>248</top>
				<width>1500</width>
				<height>38</height>
				<label>$INFO[PVR.ActStreamBER]</label>
				<align>left</align>
				<aligny>center</aligny>
				<font>font14</font>
				<textcolor>white</textcolor>
			</control>
			<control type="label">
				<description>UNC</description>
				<left>645</left>
				<top>248</top>
				<width>248</width>
				<height>38</height>
				<label>$LOCALIZE[19011]:</label>
				<align>left</align>
				<aligny>center</aligny>
				<font>font14</font>
				<textcolor>grey2</textcolor>
			</control>
			<control type="label">
				<description>UNC value</description>
				<left>900</left>
				<top>248</top>
				<width>1500</width>
				<height>38</height>
				<label>$INFO[PVR.ActStreamUNC]</label>
				<align>left</align>
				<aligny>center</aligny>
				<font>font14</font>
				<textcolor>white</textcolor>
			</control>
			<control type="label">
				<description>Encryption</description>
				<left>30</left>
				<top>285</top>
				<width>248</width>
				<height>38</height>
				<label>$LOCALIZE[19015]:</label>
				<align>left</align>
				<aligny>center</aligny>
				<font>font14</font>
				<textcolor>grey2</textcolor>
			</control>
			<control type="label">
				<description>Encryption value</description>
				<left>330</left>
				<top>285</top>
				<width>1500</width>
				<height>38</height>
				<label>$INFO[PVR.ActStreamEncryptionName]</label>
				<align>left</align>
				<aligny>center</aligny>
				<font>font14</font>
				<textcolor>white</textcolor>
			</control>
		</control>
	</controls>
</window>