<?xml version="1.0" encoding="utf-8"?>
<includes>
	<include name="ShiftPosterThumbs">
		<control type="image">
			<left>-12</left>
			<top>150</top>
			<width>340</width>
			<height>470</height>
			<texture background="true">$VAR[PosterThumbVar]</texture>
			<bordertexture border="20">thumbs/thumb_shadow.png</bordertexture>
			<bordersize>20</bordersize>
		</control>
		<control type="image">
			<left>-12</left>
			<top>620</top>
			<width>340</width>
			<height>470</height>
			<texture background="true" flipy="true" diffuse="thumbs/thumb_diffuse.png">$VAR[PosterThumbVar]</texture>
			<animation effect="fade" start="100" end="30" time="400">Focus</animation>
			<animation effect="fade" start="30" end="100" time="400">UnFocus</animation>
		</control>
		<control type="image">
			<left>-45</left>
			<top>125</top>
			<width>375</width>
			<height>505</height>
			<texture background="true" fallback="$VAR[CaseTypePathVar]p.png" >$VAR[CaseTypePathVar]$VAR[GlobalCaseVar]</texture>
			<visible>[Container.Content(movies) |Container.Content(tvshows) | Container.Content(seasons)] + Skin.HasSetting(Enable.Shift.Covers)</visible>
		</control>
		<control type="image">
			<left>-45</left>
			<top>594</top>
			<width>375</width>
			<height>450</height>
			<texture background="true" flipy="true" fallback="$VAR[CaseTypePathVar]p.png" diffuse="thumbs/thumb_diffuse.png">$VAR[CaseTypePathVar]$VAR[GlobalCaseVar]</texture>
			<animation effect="fade" start="100" end="30" time="400">Focus</animation>
			<animation effect="fade" start="30" end="100" time="400">UnFocus</animation>
			<visible>[Container.Content(movies) |Container.Content(tvshows) | Container.Content(seasons)] + Skin.HasSetting(Enable.Shift.Covers)</visible>
		</control>
		<control type="image">
			<left>-5</left>
			<top>160</top>
			<width>85</width>
			<height>90</height>
			<aspectratio>keep</aspectratio>
			<texture background="true">oscars.png</texture>
			<visible>Skin.HasSetting(oscars57) + [SubString(ListItem.FileName,.oscars) | StringCompare(Container.FolderPath,special://profile/playlists/video/BestPicture.xsp)]</visible>
		</control>
		<control type="image">
			<left>239</left>
			<top>169</top>
			<width>80</width>
			<height>80</height>
			<texture>$VAR[OverlayVar]</texture>
			<aspectratio align="center" aligny="top">keep</aspectratio>
			<bordersize>1</bordersize>
			<visible>[!IsEmpty(Skin.String(57.Movies.DisableOverlay)) + Container.Content(movies)] | [!IsEmpty(Skin.String(57.TV.DisableOverlay)) + Container.Content(tvshows)] | [!IsEmpty(Skin.String(57.Seasons.DisableOverlay)) + Container.Content(seasons)]</visible>
		</control>
		<control type="group">
			<left>32</left>
			<top>170</top>
			<include condition="Skin.HasSetting(Disable.UnwatchedIcon)">UnwatchedIcon</include>
		</control>
	</include>
	<include name="ShiftPosterThumbsSmall">
		<control type="image">
			<left>120</left>
			<top>345</top>
			<width>200</width>
			<height>275</height>
			<texture background="true">$VAR[PosterThumbVar]</texture>
			<bordertexture border="20">thumbs/thumb_shadow.png</bordertexture>
			<bordersize>20</bordersize>
		</control>
		<control type="image">
			<left>140</left>
			<top>601</top>
			<width>160</width>
			<height>225</height>
			<texture background="true" flipy="true" diffuse="thumbs/thumb_diffuse.png">$VAR[PosterThumbVar]</texture>
			<animation effect="fade" start="100" end="30" time="200">Focus</animation>
			<animation effect="fade" start="30" end="100" time="200">UnFocus</animation>
		</control>
		<control type="image">
			<left>105</left>
			<top>370</top>
			<width>85</width>
			<height>60</height>
			<aspectratio>keep</aspectratio>
			<texture background="true">oscars.png</texture>
			<visible>Skin.HasSetting(oscars57small) + [SubString(ListItem.FileName,.oscars) | StringCompare(Container.FolderPath,special://profile/playlists/video/BestPicture.xsp)]</visible>
		</control>
		<control type="image">
			<left>110</left>
			<top>342</top>
			<width>200</width>
			<height>275</height>
			<texture background="true" fallback="$VAR[CaseTypePathVar]p.png">$VAR[CaseTypePathVar]$VAR[GlobalCaseVar]</texture>
			<visible>[Container.Content(movies) |Container.Content(tvshows) | Container.Content(seasons)] + Skin.HasSetting(Enable.Shift.Covers)</visible>
		</control>
		<control type="image">
			<left>250</left>
			<top>364</top>
			<width>50</width>
			<height>50</height>
			<texture>$VAR[OverlayVar]</texture>
			<aspectratio align="center" aligny="top">keep</aspectratio>
			<bordersize>1</bordersize>
			<visible>[!IsEmpty(Skin.String(57.Movies.DisableOverlay)) + Container.Content(movies)] | [!IsEmpty(Skin.String(57.TV.DisableOverlay)) + Container.Content(tvshows)] | [!IsEmpty(Skin.String(57.Seasons.DisableOverlay)) + Container.Content(seasons)]</visible>
		</control>
		<control type="group">
			<left>135</left>
			<top>368</top>
			<include condition="Skin.HasSetting(Disable.UnwatchedIcon)">UnwatchedIcon</include>
		</control>
	</include>
	<include name="ShiftSquareThumbs">
		<control type="image">
			<left>-12</left>
			<top>280</top>
			<width>340</width>
			<height>340</height>
			<aspectratio scalediffuse="false">scale</aspectratio>
			<texture background="true">$INFO[ListItem.Icon]</texture>
			<bordertexture border="20">thumbs/thumb_shadow.png</bordertexture>
			<bordersize>20</bordersize>
		</control>
		<control type="image">
			<left>8</left>
			<top>600</top>
			<width>300</width>
			<height>300</height>
			<aspectratio aligny="top" scalediffuse="false">scale</aspectratio>
			<texture background="true" flipy="true" diffuse="thumbs/thumb_diffuse.png">$INFO[ListItem.Icon]</texture>
			<animation effect="fade" start="100" end="30" time="400">Focus</animation>
			<animation effect="fade" start="30" end="100" time="400">UnFocus</animation>
		</control>
		<control type="image">
			<left>200</left>
			<top>149</top>
			<width>100</width>
			<height>100</height>
			<texture>$VAR[OverlayVar]</texture>
			<aspectratio align="center" aligny="top">keep</aspectratio>
			<bordersize>1</bordersize>
		</control>
	</include>
	<include name="ShiftThumbsSmall">
		<control type="group">
			<animation effect="zoom" center="230,500" start="100" end="140" time="200" tween="quadratic">Focus</animation>
			<animation effect="zoom" center="230,500" start="140" end="100" time="200" tween="quadratic">Unfocus</animation>
			<include>ShiftPosterThumbsSmall</include>
		</control>
	</include>
	<include name="PosterShift">
		<control type="group">
			<include>ViewAnimation</include>
			<visible>Control.IsVisible(57) + !Window.IsActive(addoninformation)</visible>
			<control type="fixedlist" id="57">
				<left>-130</left>
				<top>300</top>
				<width>2100</width>
				<height>750</height>
				<onup>4401</onup>
				<onleft>57</onleft>
				<onright>57</onright>
				<ondown condition="Control.IsVisible(95760)">95760</ondown>
				<ondown condition="!Control.IsVisible(95760)">4400</ondown>
				<orientation>horizontal</orientation>
				<viewtype label="31079">BigWrap</viewtype>
				<pagecontrol>95760</pagecontrol>
				<preloaditems>2</preloaditems>
				<scrolltime tween="quadratic">400</scrolltime>
				<focusposition>1</focusposition>
				<visible>Container.Content(movies) | Container.Content(tvshows) | Container.Content(musicvideos) | Container.Content(seasons) | Container.Content(genres) | Container.Content(sets) | Container.Content(addons)</visible>
				<itemlayout width="315" height="750" condition="!Skin.HasSetting(Enable.Shift.Small) + !Container.Content(addons)">
					<include>ShiftPosterThumbs</include>
				</itemlayout>
				<focusedlayout width="315" height="750" condition="!Skin.HasSetting(Enable.Shift.Small) + !Container.Content(addons)">
					<control type="image">
						<left>-26</left>
						<top>125</top>
						<width>370</width>
						<height>380</height>
						<aligny>bottom</aligny>
						<aspectratio>keep</aspectratio>
						<texture background="true">$INFO[ListItem.Art(discart)]</texture>
						<animation effect="slide" delay="1200" start="0,100" end="0,-260" time="400" tween="quadratic">Focus</animation>
						<animation type="UnFocus" reversible="false">
							<effect type="slide" start="0,-260" end=",50" time="200" tween="quadratic" />
						</animation>
						<animation effect="zoom" start="100" end="70" center="auto" time="200" condition="!Control.HasFocus(57)">Conditional</animation>
						<animation effect="slide" end="0,40" time="0" tween="cubic" easing="inout" condition="!Skin.HasSetting(Enable.Shift.Covers)">Conditional</animation>
						<!--<animation type="Conditional" reversible="false" condition="true" loop="true">
							<effect type="rotate" start="0" end="-360" delay="3500" time="3500" tween="quadratic" easing="out" center="auto" loop="true" reversible="false" />
						</animation>-->
					<visible>Skin.HasSetting(Enable.Shift.Discart)</visible>
					<bordersize>7</bordersize>
				</control>
				<control type="group">
					<animation effect="zoom" center="auto" start="100" end="120" time="400" tween="quadratic" reversible="false">Focus</animation>
					<animation effect="zoom" center="auto" start="120" end="100" time="400" tween="quadratic" reversible="false">Unfocus</animation>
					<include>ShiftPosterThumbs</include>
				</control>
				</focusedlayout>
				<itemlayout width="185" height="500" condition="Skin.HasSetting(Enable.Shift.Small) + !Container.Content(addons)">
					<include>ShiftThumbsSmall</include>
				</itemlayout>
				<focusedlayout width="185" height="500" condition="Skin.HasSetting(Enable.Shift.Small) + !Container.Content(addons)">
				<!-- <control type="image">
					<left>100</left>
					<top>350</top>
					<width>235</width>
					<height>235</height>
					<aligny>bottom</aligny>
					<aspectratio>keep</aspectratio>
					<texture background="true">$INFO[ListItem.Art(discart)]</texture>
					<animation effect="slide" delay="1200" start="0,50" end="0,-180" time="400" tween="quadratic">Focus</animation>
					<animation effect="slide" reversible="false" start="0,-180" end=",50" time="200" tween="quadratic">UnFocus</animation>
					<animation effect="fade" start="0" end="100" center="auto" time="0" condition="!Control.HasFocus(57)">Conditional</animation>
					<animation effect="zoom" start="100" end="70" center="auto" time="0" condition="Control.HasFocus(75)">Conditional</animation>-->

						<!--<animation type="Conditional" reversible="false" condition="true" loop="true">
							<effect type="rotate" start="0" end="-360" delay="3500" time="3500" tween="quadratic" easing="out" center="auto" loop="true" reversible="false" />
						</animation>

					<visible>Skin.HasSetting(Enable.Shift.Discart)</visible>
					<bordersize>7</bordersize>
				</control> -->
				<include>ShiftThumbsSmall</include>
				</focusedlayout>
				<itemlayout width="315" height="750" condition="Container.Content(addons)">
					<include>ShiftSquareThumbs</include>
				</itemlayout>
				<focusedlayout width="315" height="750" condition="Container.Content(addons)">
					<control type="group">
						<animation effect="zoom" center="150,450" start="100" end="130" time="400" tween="quadratic" reversible="false">Focus</animation>
						<animation effect="zoom" center="150,450" start="130" end="100" time="400" tween="quadratic" reversible="false">Unfocus</animation>
						<include>ShiftSquareThumbs</include>
					</control>
				</focusedlayout>
			</control>
			<control type="scrollbar" id="95760">
				<left>0</left>
				<top>950</top>
				<width>FullScreenWidth</width>
				<height>12</height>
				<onup>50</onup>
				<ondown>4400</ondown>
				<texturesliderbackground border="1">-</texturesliderbackground>
				<texturesliderbar border="6,0,6,0">scrollbar/texturesliderbar_hor.png</texturesliderbar>
				<texturesliderbarfocus border="6,0,6,0">scrollbar/texturesliderbarfocus_hor.png</texturesliderbarfocus>
				<textureslidernib>-</textureslidernib>
				<textureslidernibfocus>-</textureslidernibfocus>
				<showonepage>false</showonepage>
				<orientation>horizontal</orientation>
				<animation effect="fade" start="100" end="0" time="500" delay="500" condition="!Control.HasFocus(95760) + !Container.Scrolling">Conditional</animation>
			</control>
		</control>
	</include>
	<include name="AlbumShift">
		<control type="group">
			<include>ViewAnimation</include>
			<visible>Control.IsVisible(57) + !Window.IsActive(addoninformation)</visible>
			<control type="fixedlist" id="57">
				<left>-120</left>
				<top>300</top>
				<width>2100</width>
				<height>750</height>
				<onup>SetProperty(MediaMenu,True,home)</onup>
				<onup>SetFocus(9050)</onup>
				<onleft>57</onleft>
				<onright>57</onright>
				<ondown>61</ondown>
				<orientation>horizontal</orientation>
				<viewtype label="31079">BigWrap</viewtype>
				<pagecontrol>61</pagecontrol>
				<scrolltime tween="quadratic">400</scrolltime>
				<focusposition>1</focusposition>
				<visible>Container.Content(addons) | Container.Content(songs) | Container.Content(artists) | Container.Content(albums) | Container.Content(genres) | [Window.IsActive(musiclibrary) + Container.Content(files)]</visible>
				<itemlayout width="315" height="750">
					<include>ShiftSquareThumbs</include>
				</itemlayout>
				<focusedlayout width="315" height="750">
					<control type="image">
						<left>-35</left>
						<top>340</top>
						<width>390</width>
						<height>400</height>
						<aspectratio>keep</aspectratio>
						<texture background="true">$INFO[ListItem.Art(discart)]</texture>
						<animation effect="slide" delay="1600" end="0,-260" time="320" tween="quadratic">Focus</animation>
						<animation effect="slide" start="0,-260" end="0" time="400" tween="quadratic" easing="in">Unfocus</animation>
						<animation effect="zoom" start="100" end="70" center="auto" time="400" condition="!Control.HasFocus(57)">Conditional</animation>
						<visible>!IsEmpty(ListItem.Art(discart))</visible>
						<bordersize>7</bordersize>
					</control>
					<control type="group">
						<animation effect="zoom" center="150,450" start="100" end="130" time="400" tween="quadratic" reversible="false">Focus</animation>
						<animation effect="zoom" center="150,450" start="130" end="100" time="400" tween="quadratic" reversible="false">Unfocus</animation>
						<include>ShiftSquareThumbs</include>
					</control>
				</focusedlayout>
			</control>
			<control type="scrollbar" id="61">
				<left>0</left>
				<top>970</top>
				<width>FullScreenWidth</width>
				<height>12</height>
				<onup>57</onup>
				<ondown>noop</ondown>
				<texturesliderbackground border="1">-</texturesliderbackground>
				<texturesliderbar border="6,0,6,0">scrollbar/texturesliderbar_hor.png</texturesliderbar>
				<texturesliderbarfocus border="6,0,6,0">scrollbar/texturesliderbarfocus_hor.png</texturesliderbarfocus>
				<textureslidernib>-</textureslidernib>
				<textureslidernibfocus>-</textureslidernibfocus>
				<showonepage>false</showonepage>
				<orientation>horizontal</orientation>
				<animation effect="fade" start="100" end="0" time="500" delay="500" condition="!Control.HasFocus(61) + !Container.Scrolling">Conditional</animation>
			</control>
		</control>
	</include>
	<include name="GamesShift">
		<control type="group">
			<include>ViewAnimation</include>
			<visible>Control.IsVisible(57) + Window.IsActive(programs)</visible>
			<control type="fixedlist" id="57">
				<left>-130</left>
				<top>300</top>
				<width>2100</width>
				<height>750</height>
				<onup>SetProperty(MediaMenu,True,home)</onup>
				<onup>SetFocus(9050)</onup>
				<onleft>57</onleft>
				<onright>57</onright>
				<ondown>75</ondown>
				<orientation>horizontal</orientation>
				<viewtype label="31079">BigWrap</viewtype>
				<pagecontrol>75</pagecontrol>
				<preloaditems>2</preloaditems>
				<scrolltime tween="quadratic">400</scrolltime>
				<focusposition>1</focusposition>
				<visible>SubString(Container.FolderPath,plugin.program.advanced.launcher)</visible>
				<itemlayout width="315" height="750" condition="!Skin.HasSetting(Enable.Shift.Small)">
					<include>ShiftPosterThumbs</include>
				</itemlayout>
				<focusedlayout width="315" height="750" condition="!Skin.HasSetting(Enable.Shift.Small)">
					<control type="group">
						<animation effect="zoom" center="auto" start="100" end="120" time="400" tween="quadratic" reversible="false">Focus</animation>
						<animation effect="zoom" center="auto" start="120" end="100" time="400" tween="quadratic" reversible="false">Unfocus</animation>
						<include>ShiftPosterThumbs</include>
					</control>
				</focusedlayout>
				<itemlayout width="185" height="500" condition="Skin.HasSetting(Enable.Shift.Small)">
					<include>ShiftThumbsSmall</include>
				</itemlayout>
				<focusedlayout width="185" height="500" condition="Skin.HasSetting(Enable.Shift.Small)">
				<include>ShiftThumbsSmall</include>
				</focusedlayout>
			</control>
			<control type="scrollbar" id="75">
				<left>0</left>
				<top>960</top>
				<width>FullScreenWidth</width>
				<height>12</height>
				<onup>57</onup>
				<ondown>noop</ondown>
				<texturesliderbackground border="1">-</texturesliderbackground>
				<texturesliderbar border="6,0,6,0">scrollbar/texturesliderbar_hor.png</texturesliderbar>
				<texturesliderbarfocus border="6,0,6,0">scrollbar/texturesliderbarfocus_hor.png</texturesliderbarfocus>
				<textureslidernib>-</textureslidernib>
				<textureslidernibfocus>-</textureslidernibfocus>
				<showonepage>false</showonepage>
				<orientation>horizontal</orientation>
				<animation effect="fade" start="100" end="0" time="500" delay="500" condition="!Control.HasFocus(75) + !Container.Scrolling">Conditional</animation>
			</control>
		</control>
	</include>
</includes>