<?xml version="1.0" encoding="UTF-8"?>
<includes>
	<include name="HomeRecentlyAddedInfo">
		<control type="group" id="9003">
			<onup>20</onup>
			<ondown condition="System.HasAddon(plugin.program.super.favourites) + System.HasAddon(script.extendedinfo)">609</ondown>
			<ondown condition="System.HasAddon(plugin.program.super.favourites) + !System.HasAddon(script.extendedinfo)">608</ondown>
			<ondown condition="!System.HasAddon(plugin.program.super.favourites) + System.HasAddon(script.extendedinfo)">609</ondown>
			<ondown condition="!System.HasAddon(plugin.program.super.favourites) + !System.HasAddon(script.extendedinfo)">603</ondown>
			<visible>!Window.IsVisible(Favourites)</visible>
			<include>VisibleFadeEffect</include>
			<animation effect="fade" time="300" delay="1000">WindowOpen</animation>
			<animation effect="fade" time="200">WindowClose</animation>
			<control type="group">
				<left>0</left>
				<top>50</top>
				<visible>Container(9000).Hasfocus(10)</visible>
				<include>VisibleFadeEffect</include>
				<control type="label">
					<description>Title label</description>
					<left>0</left>
					<top>220</top>
					<height>20</height>
					<width>1280</width>
					<label>$LOCALIZE[20342]: $VAR[MovieWidgetLabel]</label>
					<align>center</align>
					<aligny>center</aligny>
					<font>font12_title</font>
					<textcolor>white</textcolor>
					<shadowcolor>black</shadowcolor>
				</control>
				<control type="label">
					<description>Selected Movie label</description>
					<left>0</left>
					<top>260</top>
					<height>20</height>
					<width>1280</width>
					<label>$INFO[ListItem.Label]</label>
					<align>center</align>
					<aligny>center</aligny>
					<font>font12_title</font>
					<textcolor>white</textcolor>
					<shadowcolor>black</shadowcolor>
				</control>
				<control type="list" id="8000">
					<animation effect="slide" start="0,0" end="90,0" time="0" condition="StringCompare(Container(8000).NumItems,7)">conditional</animation>
					<animation effect="slide" start="0,0" end="180,0" time="0" condition="StringCompare(Container(8000).NumItems,6)">conditional</animation>
					<animation effect="slide" start="0,0" end="270,0" time="0" condition="StringCompare(Container(8000).NumItems,5)">conditional</animation>
					<animation effect="slide" start="0,0" end="360,0" time="0" condition="StringCompare(Container(8000).NumItems,4)">conditional</animation>
					<animation effect="slide" start="0,0" end="450,0" time="0" condition="StringCompare(Container(8000).NumItems,3)">conditional</animation>
					<animation effect="slide" start="0,0" end="540,0" time="0" condition="StringCompare(Container(8000).NumItems,2)">conditional</animation>
					<animation effect="slide" start="0,0" end="630,0" time="0" condition="StringCompare(Container(8000).NumItems,1)">conditional</animation>
					<left>10</left>
					<top>0</top>
					<width>1260</width>
					<height>220</height>
					<onleft>8000</onleft>
					<onright>8000</onright>
					<onup>20</onup>
					<ondown condition="System.HasAddon(plugin.program.super.favourites) + System.HasAddon(script.extendedinfo)">609</ondown>
					<ondown condition="System.HasAddon(plugin.program.super.favourites) + !System.HasAddon(script.extendedinfo)">608</ondown>
					<ondown condition="!System.HasAddon(plugin.program.super.favourites) + System.HasAddon(script.extendedinfo)">609</ondown>
					<ondown condition="!System.HasAddon(plugin.program.super.favourites) + !System.HasAddon(script.extendedinfo)">603</ondown>
					<viewtype label="535">list</viewtype>
					<pagecontrol>-</pagecontrol>
					<scrolltime>200</scrolltime>
					<orientation>Horizontal</orientation>
					<itemlayout height="220" width="140">
						<control type="image">
							<description>background</description>
							<left>0</left>
							<top>0</top>
							<width>140</width>
							<height>220</height>
							<texture  colordiffuse="$VAR[Color1]" border="15">RecentAddedBack.png</texture>
						</control>
						<control type="image">
							<left>0</left>
							<top>10</top>
							<width>140</width>
							<height>170</height>
							<texture background="true">$INFO[ListItem.Icon]</texture>
							<aspectratio>keep</aspectratio>
							<bordertexture border="5">button-nofocus.png</bordertexture>
							<bordersize>5</bordersize>
						</control>
						<control type="label">
							<left>10</left>
							<top>185</top>
							<width>120</width>
							<height>20</height>
							<font>font12</font>
							<textcolor>white</textcolor>
							<shadowcolor>black</shadowcolor>
							<selectedcolor>selected</selectedcolor>
							<align>center</align>
							<aligny>center</aligny>
							<label>$INFO[ListItem.Label]</label>
						</control>
					</itemlayout>
					<focusedlayout height="220" width="140">
						<control type="image">
							<description>background</description>
							<left>0</left>
							<top>0</top>
							<width>140</width>
							<height>220</height>
							<texture  colordiffuse="$VAR[Color1]" border="15">RecentAddedBack.png</texture>
						</control>
						<control type="image">
							<left>0</left>
							<top>10</top>
							<width>140</width>
							<height>170</height>
							<texture background="true">$INFO[ListItem.Icon]</texture>
							<aspectratio>keep</aspectratio>
							<bordertexture colordiffuse="$VAR[ColorFO1]" border="5">folder-focusnew.png</bordertexture>
							<bordersize>5</bordersize>
							<visible>Control.HasFocus(8000)</visible>
						</control>
						<control type="image">
							<left>0</left>
							<top>10</top>
							<width>140</width>
							<height>170</height>
							<texture>$INFO[ListItem.Icon]</texture>
							<aspectratio>keep</aspectratio>
							<bordertexture border="5">button-nofocus.png</bordertexture>
							<bordersize>5</bordersize>
							<visible>!Control.HasFocus(8000)</visible>
						</control>
						<control type="label">
							<left>10</left>
							<top>185</top>
							<width>120</width>
							<height>20</height>
							<font>font12</font>
							<textcolor>white</textcolor>
							<shadowcolor>black</shadowcolor>
							<selectedcolor>selected</selectedcolor>
							<align>center</align>
							<aligny>center</aligny>
							<label>$INFO[ListItem.Label]</label>
						</control>
						<control type="label">
							<left>10</left>
							<top>185</top>
							<width>120</width>
							<height>20</height>
							<font>font12</font>
							<textcolor>blue</textcolor>
							<selectedcolor>selected</selectedcolor>
							<align>center</align>
							<aligny>center</aligny>
							<label>$INFO[ListItem.Label]</label>
							<visible>Control.HasFocus(8000)</visible>
						</control>
					</focusedlayout>
					<content>$VAR[MovieWidgetContent]</content>
				</control>
				<control type="button">
					<description>left Arrow</description>
					<left>0</left>
					<top>90</top>
					<width>15</width>
					<height>40</height>
					<texturefocus>arrow-big-left.png</texturefocus>
					<texturenofocus>arrow-big-left.png</texturenofocus>
					<onclick>Control.Move(8000,-1)</onclick>
					<visible>Control.HasFocus(8000) + Container(8000).HasPrevious</visible>
					<include>VisibleFadeEffect</include>
				</control>
				<control type="button">
					<description>right Arrow</description>
					<left>1265</left>
					<top>90</top>
					<width>15</width>
					<height>40</height>
					<texturefocus>arrow-big-right.png</texturefocus>
					<texturenofocus>arrow-big-right.png</texturenofocus>
					<onclick>Control.Move(8000,1)</onclick>
					<visible>Control.HasFocus(8000) + Container(8000).HasNext</visible>
					<include>VisibleFadeEffect</include>
				</control>
			</control>
			<control type="group">
				<left>0</left>
				<top>50</top>
				<visible>Container(9000).Hasfocus(11)</visible>
				<include>VisibleFadeEffect</include>
				<control type="label">
					<description>Title label</description>
					<left>0</left>
					<top>220</top>
					<height>20</height>
					<width>1280</width>
					<label>$LOCALIZE[20343]: $VAR[TVShowWidgetLabel]</label>
					<align>center</align>
					<aligny>center</aligny>
					<font>font12_title</font>
					<textcolor>white</textcolor>
					<shadowcolor>black</shadowcolor>
				</control>
				<control type="list" id="8001">
					<animation effect="slide" start="0,0" end="120,0" time="0" condition="StringCompare(Container(8001).NumItems,5)">conditional</animation>
					<animation effect="slide" start="0,0" end="240,0" time="0" condition="StringCompare(Container(8001).NumItems,4)">conditional</animation>
					<animation effect="slide" start="0,0" end="360,0" time="0" condition="StringCompare(Container(8001).NumItems,3)">conditional</animation>
					<animation effect="slide" start="0,0" end="480,0" time="0" condition="StringCompare(Container(8001).NumItems,2)">conditional</animation>
					<animation effect="slide" start="0,0" end="600,0" time="0" condition="StringCompare(Container(8001).NumItems,1)">conditional</animation>
					<left>10</left>
					<top>0</top>
					<width>1260</width>
					<height>240</height>
					<onleft>8001</onleft>
					<onright>8001</onright>
					<onup>20</onup>
					<ondown condition="System.HasAddon(plugin.program.super.favourites) + System.HasAddon(script.extendedinfo)">609</ondown>
					<ondown condition="System.HasAddon(plugin.program.super.favourites) + !System.HasAddon(script.extendedinfo)">608</ondown>
					<ondown condition="!System.HasAddon(plugin.program.super.favourites) + System.HasAddon(script.extendedinfo)">609</ondown>
					<ondown condition="!System.HasAddon(plugin.program.super.favourites) + !System.HasAddon(script.extendedinfo)">603</ondown>
					<viewtype label="535">list</viewtype>
					<pagecontrol>-</pagecontrol>
					<scrolltime>200</scrolltime>
					<orientation>Horizontal</orientation>
					<focusposition>1</focusposition>
					<movement>2</movement>
					<itemlayout height="220" width="210">
						<control type="image">
							<description>background</description>
							<left>0</left>
							<top>0</top>
							<width>210</width>
							<height>220</height>
							<texture  colordiffuse="$VAR[Color1]" border="15">RecentAddedBack.png</texture>
						</control>
						<control type="image">
							<left>10</left>
							<top>10</top>
							<width>190</width>
							<height>155</height>
							<aspectratio>scale</aspectratio>
							<texture background="true">$INFO[ListItem.Icon]</texture>
							<bordertexture border="5">button-nofocus.png</bordertexture>
							<bordersize>5</bordersize>
						</control>
						<control type="label">
							<left>20</left>
							<top>168</top>
							<width>170</width>
							<height>20</height>
							<font>font10</font>
							<textcolor>grey2</textcolor>
							<shadowcolor>black</shadowcolor>
							<selectedcolor>selected</selectedcolor>
							<align>center</align>
							<aligny>center</aligny>
							<label>$INFO[ListItem.TVShowTitle]</label>
						</control>
						<control type="label">
							<left>20</left>
							<top>185</top>
							<width>170</width>
							<height>20</height>
							<font>font12</font>
							<textcolor>white</textcolor>
							<shadowcolor>black</shadowcolor>
							<selectedcolor>selected</selectedcolor>
							<align>center</align>
							<aligny>center</aligny>
							<label>$INFO[ListItem.Label]</label>
						</control>
					</itemlayout>
					<focusedlayout height="220" width="210">
						<control type="image">
							<description>background</description>
							<left>0</left>
							<top>0</top>
							<width>210</width>
							<height>220</height>
							<texture  colordiffuse="$VAR[Color1]" border="15">RecentAddedBack.png</texture>
						</control>
						<control type="image">
							<left>10</left>
							<top>10</top>
							<width>190</width>
							<height>155</height>
							<aspectratio>scale</aspectratio>
							<texture background="true">$INFO[ListItem.Icon]</texture>
							<bordertexture colordiffuse="$VAR[ColorFO1]" border="5">folder-focusnew.png</bordertexture>
							<bordersize>5</bordersize>
							<visible>Control.HasFocus(8001)</visible>
						</control>
						<control type="image">
							<left>10</left>
							<top>10</top>
							<width>190</width>
							<height>155</height>
							<aspectratio>scale</aspectratio>
							<texture>$INFO[ListItem.Icon]</texture>
							<bordertexture border="5">button-nofocus.png</bordertexture>
							<bordersize>5</bordersize>
							<visible>!Control.HasFocus(8001)</visible>
						</control>
						<control type="label">
							<left>10</left>
							<top>168</top>
							<width>190</width>
							<height>20</height>
							<font>font10</font>
							<textcolor>white</textcolor>
							<shadowcolor>black</shadowcolor>
							<selectedcolor>selected</selectedcolor>
							<align>center</align>
							<aligny>center</aligny>
							<label>$INFO[ListItem.TVShowtitle]</label>
						</control>
						<control type="label">
							<left>10</left>
							<top>185</top>
							<width>190</width>
							<height>20</height>
							<font>font12</font>
							<textcolor>blue</textcolor>
							<selectedcolor>selected</selectedcolor>
							<align>center</align>
							<aligny>center</aligny>
							<label>$INFO[ListItem.Label]</label>
						</control>
					</focusedlayout>
					<content>$VAR[TVShowWidgetContent]</content>
				</control>
				<control type="button">
					<description>left Arrow</description>
					<left>0</left>
					<top>90</top>
					<width>15</width>
					<height>40</height>
					<texturefocus>arrow-big-left.png</texturefocus>
					<texturenofocus>arrow-big-left.png</texturenofocus>
					<onclick>Control.Move(8001,-1)</onclick>
					<visible>Control.HasFocus(8001) + Container(8001).HasPrevious</visible>
					<include>VisibleFadeEffect</include>
				</control>
				<control type="button">
					<description>right Arrow</description>
					<left>1265</left>
					<top>90</top>
					<width>15</width>
					<height>40</height>
					<texturefocus>arrow-big-right.png</texturefocus>
					<texturenofocus>arrow-big-right.png</texturenofocus>
					<onclick>Control.Move(8001,1)</onclick>
					<visible>Control.HasFocus(8001) + Container(8001).HasNext</visible>
					<include>VisibleFadeEffect</include>
				</control>
			</control>
			<control type="group">
				<left>0</left>
				<top>50</top>
				<visible>Container(9000).Hasfocus(3)</visible>
				<include>VisibleFadeEffect</include>
				<control type="label">
					<description>Title label</description>
					<left>0</left>
					<top>220</top>
					<height>20</height>
					<width>1280</width>
					<label>$VAR[MusicWidgetLabel]</label>
					<align>center</align>
					<aligny>center</aligny>
					<font>font12_title</font>
					<textcolor>white</textcolor>
					<shadowcolor>black</shadowcolor>
				</control>
				<control type="list" id="8002">
					<animation effect="slide" start="0,0" end="100,0" time="0" condition="StringCompare(Container(8002).NumItems,6)">conditional</animation>
					<animation effect="slide" start="0,0" end="200,0" time="0" condition="StringCompare(Container(8002).NumItems,5)">conditional</animation>
					<animation effect="slide" start="0,0" end="300,0" time="0" condition="StringCompare(Container(8002).NumItems,4)">conditional</animation>
					<animation effect="slide" start="0,0" end="300,0" time="0" condition="StringCompare(Container(8002).NumItems,3)">conditional</animation>
					<animation effect="slide" start="0,0" end="400,0" time="0" condition="StringCompare(Container(8002).NumItems,2)">conditional</animation>
					<animation effect="slide" start="0,0" end="500,0" time="0" condition="StringCompare(Container(8002).NumItems,1)">conditional</animation>
					<left>10</left>
					<top>0</top>
					<width>1260</width>
					<height>240</height>
					<onleft>8002</onleft>
					<onright>8002</onright>
					<onup>20</onup>
					<ondown condition="System.HasAddon(plugin.program.super.favourites) + System.HasAddon(script.extendedinfo)">609</ondown>
					<ondown condition="System.HasAddon(plugin.program.super.favourites) + !System.HasAddon(script.extendedinfo)">608</ondown>
					<ondown condition="!System.HasAddon(plugin.program.super.favourites) + System.HasAddon(script.extendedinfo)">609</ondown>
					<ondown condition="!System.HasAddon(plugin.program.super.favourites) + !System.HasAddon(script.extendedinfo)">603</ondown>
					<viewtype label="535">list</viewtype>
					<pagecontrol>-</pagecontrol>
					<scrolltime>200</scrolltime>
					<orientation>Horizontal</orientation>
					<itemlayout height="220" width="180">
					    <visible>!IsEmpty(Window.Property(RecentAlbum.10.Title)) | !IsEmpty(Window.Property(RandomAlbum.10.Title)) | !System.HasAddon(service.skin.widgets)</visible>
						<control type="image">
							<description>background</description>
							<left>0</left>
							<top>0</top>
							<width>180</width>
							<height>220</height>
							<texture  colordiffuse="$VAR[Color1]" border="15">RecentAddedBack.png</texture>
						</control>
						<control type="image">
							<left>0</left>
							<top>10</top>
							<width>180</width>
							<height>155</height>
							<aspectratio>keep</aspectratio>
							<texture background="true">$INFO[ListItem.Icon]</texture>
							<bordertexture border="5">button-nofocus.png</bordertexture>
							<bordersize>5</bordersize>
						</control>
						<control type="label">
							<left>10</left>
							<top>170</top>
							<width>160</width>
							<height>20</height>
							<font>font10</font>
							<textcolor>grey2</textcolor>
							<shadowcolor>black</shadowcolor>
							<selectedcolor>selected</selectedcolor>
							<align>center</align>
							<aligny>center</aligny>
							<label>$INFO[ListItem.Label2]</label>
						</control>
						<control type="label">
							<left>10</left>
							<top>190</top>
							<width>160</width>
							<height>20</height>
							<font>font12</font>
							<textcolor>white</textcolor>
							<shadowcolor>black</shadowcolor>
							<selectedcolor>selected</selectedcolor>
							<align>center</align>
							<aligny>center</aligny>
							<label>$INFO[ListItem.Label]</label>
						</control>
					</itemlayout>
					<focusedlayout height="220" width="180">
					    <visible>!IsEmpty(Window.Property(RecentAlbum.10.Title)) | !IsEmpty(Window.Property(RandomAlbum.10.Title)) | !System.HasAddon(service.skin.widgets)</visible>
						<control type="image">
							<description>background</description>
							<left>0</left>
							<top>0</top>
							<width>180</width>
							<height>220</height>
							<texture  colordiffuse="$VAR[Color1]" border="15">RecentAddedBack.png</texture>
						</control>
						<control type="image">
							<left>0</left>
							<top>10</top>
							<width>180</width>
							<height>155</height>
							<aspectratio>keep</aspectratio>
							<texture background="true">$INFO[ListItem.Icon]</texture>
							<bordertexture colordiffuse="$VAR[ColorFO1]" border="5">folder-focusnew.png</bordertexture>
							<bordersize>5</bordersize>
							<visible>Control.HasFocus(8002)</visible>
						</control>
						<control type="image">
							<left>0</left>
							<top>10</top>
							<width>180</width>
							<height>155</height>
							<aspectratio>keep</aspectratio>
							<texture background="true">$INFO[ListItem.Icon]</texture>
							<bordertexture border="5">button-nofocus.png</bordertexture>
							<bordersize>5</bordersize>
							<visible>!Control.HasFocus(8002)</visible>
						</control>
						<control type="label">
							<left>10</left>
							<top>170</top>
							<width>160</width>
							<height>20</height>
							<font>font10</font>
							<textcolor>grey2</textcolor>
							<shadowcolor>black</shadowcolor>
							<selectedcolor>selected</selectedcolor>
							<align>center</align>
							<aligny>center</aligny>
							<label>$INFO[ListItem.Label2]</label>
						</control>
						<control type="label">
							<left>10</left>
							<top>190</top>
							<width>160</width>
							<height>20</height>
							<font>font12</font>
							<textcolor>white</textcolor>
							<shadowcolor>black</shadowcolor>
							<selectedcolor>selected</selectedcolor>
							<align>center</align>
							<aligny>center</aligny>
							<label>$INFO[ListItem.Label]</label>
						</control>
						<control type="label">
							<left>10</left>
							<top>190</top>
							<width>160</width>
							<height>20</height>
							<font>font12</font>
							<textcolor>blue</textcolor>
							<selectedcolor>selected</selectedcolor>
							<align>center</align>
							<aligny>center</aligny>
							<label>$INFO[ListItem.Label]</label>
							<visible>Control.HasFocus(8002)</visible>
						</control>
					</focusedlayout>
					<content>$VAR[MusicWidgetContent]</content>
				</control>
				<control type="button">
					<description>left Arrow</description>
					<left>0</left>
					<top>90</top>
					<width>15</width>
					<height>40</height>
					<texturefocus colordiffuse="$VAR[Color1]">arrow-big-left.png</texturefocus>
					<texturenofocus colordiffuse="$VAR[Color1]">arrow-big-left.png</texturenofocus>
					<onclick>Control.Move(8002,-1)</onclick>
					<visible>Control.HasFocus(8002) + Container(8002).HasPrevious</visible>
					<include>VisibleFadeEffect</include>
				</control>
				<control type="button">
					<description>right Arrow</description>
					<left>1265</left>
					<top>90</top>
					<width>15</width>
					<height>40</height>
					<texturefocus colordiffuse="$VAR[Color1]">arrow-big-right.png</texturefocus>
					<texturenofocus colordiffuse="$VAR[ColorFO1]">arrow-big-right.png</texturenofocus>
					<onclick>Control.Move(8002,1)</onclick>
					<visible>Control.HasFocus(8002) + Container(8002).HasNext</visible>
					<include>VisibleFadeEffect</include>
				</control>
			</control>
		</control>
	</include>
</includes>
