<shortcuts>
	<shortcut>
		<defaultID>1037</defaultID>
		<label>Video</label>
		<label2>Videos</label2>
		<icon>DefaultShortcut.png</icon>
		<thumb />
		<action>ActivateWindow(Videos,Addons,return)</action>
	</shortcut>
	<shortcut>
		<defaultID>programs</defaultID>
		<label>Program</label>
		<label2>Programs</label2>
		<icon>DefaultShortcut.png</icon>
		<thumb />
		<action>ActivateWindow(Programs,Addons,return)</action>
	</shortcut>
	<shortcut>
		<defaultID>1038</defaultID>
		<label>Music</label>
		<label2>Music</label2>
		<icon>DefaultShortcut.png</icon>
		<thumb />
		<action>ActivateWindow(MusicLibrary,Addons,return)</action>
	</shortcut>
	<shortcut>
		<defaultID>plugin.program.addoninstaller</defaultID>
		<label>TvAddons</label>
		<label2>Program</label2>
		<icon>DefaultShortcut.png</icon>
		<thumb>image://special://home/addons/plugin.program.addoninstaller/icon.png/</thumb>
		<action>ActivateWindow(Programs,"plugin://plugin.program.addoninstaller",return)</action>
	</shortcut>
</shortcuts>
