<?xml version="1.0" encoding="UTF-8"?>
<window id="1199" type="dialog">
	<defaultcontrol always="true">90300</defaultcontrol>
	<animation type="WindowOpen" reversible="false">
		<effect type="rotatex" start="-180" end="0" center="465,0" time="400" tween="sine" easing="inout" />
		<effect type="fade" start="0" end="100" time="10" delay="200" />
	</animation>
	<animation type="WindowClose" reversible="false">
		<effect type="rotatex" start="0" end="-180" center="465,0" time="400" tween="sine" easing="inout" />
		<effect type="fade" start="100" end="0" time="10" delay="200" />
	</animation>
	<animation effect="slide" end="0,265" time="320" tween="cubic" easing="inout" condition="Skin.HasSetting(lowermainmenu) + Skin.HasSetting(HomeInfo)">Conditional</animation>
	<onunload>ClearProperty(Widget.Type,Home)</onunload>
	<onunload>ClearProperty(Widget.Cover,Home)</onunload>
	<onunload>ClearProperty(Widget.DiscArt,Home)</onunload>
	<onunload>ClearProperty(Widget.DiscArtFake,Home)</onunload>
	<onunload>ClearProperty(Widget.Top250,Home)</onunload>
	<onunload>ClearProperty(Widget.Title,Home)</onunload>
	<onunload>ClearProperty(Widget.TitleSub,Home)</onunload>
	<onunload>ClearProperty(Widget.Year,Home)</onunload>
	<onunload>ClearProperty(Widget.FlagsRating,Home)</onunload>
	<onunload>ClearProperty(Widget.FlagsStudio,Home)</onunload>
	<onunload>ClearProperty(Widget.FlagsSource,Home)</onunload>
	<onunload>ClearProperty(Widget.FlagsResolution,Home)</onunload>
	<onunload>ClearProperty(Widget.FlagsAspect,Home)</onunload>
	<onunload>ClearProperty(Widget.FlagsAudio,Home)</onunload>
	<onunload>ClearProperty(Widget.FlagsAudioChannels,Home)</onunload>
	<onunload>ClearProperty(Widget.FlagsCC,Home)</onunload>
	<onunload>ClearProperty(Widget.Icon1,Home)</onunload>
	<onunload>ClearProperty(Widget.Icon2,Home)</onunload>
	<onunload>ClearProperty(Widget.Info1,Home)</onunload>
	<onunload>ClearProperty(Widget.Info2,Home)</onunload>
	<onunload>ClearProperty(Widget.Plot,Home)</onunload>
	<onunload>ClearProperty(Widget.FilePath,Home)</onunload>
	<onunload>ClearProperty(Widget.FolderPath,Home)</onunload>
	<onunload>ClearProperty(Widget.Resume,Home)</onunload>
	<onunload>ClearProperty(Widget.Trailer,Home)</onunload>
	<controls>
		<control type="group">
			<!-- Backgrounds-->
			<control type="group">
				<control type="image">
					<left>0</left>
					<top>0</top>
					<width>1920</width>
					<height>848</height>
					<texture border="40" colordiffuse="ff000000">homewidgets/info_bg_flat.png</texture>
					<visible>!StringCompare(Window(Home).Property(Widget.Type),47)</visible>
				</control>
				<control type="image">
					<left>0</left>
					<top>0</top>
					<width>1920</width>
					<height>1080</height>
					<texture colordiffuse="EEFFFFFF">black.png</texture>
					<visible>StringCompare(Window(Home).Property(Widget.Type),47)</visible>
				</control>
				<control type="image">
					<left>0</left>
					<top>0</top>
					<width>1920</width>
					<height>1080</height>
					<texture>homewidgets/Info_Separator1.png</texture>
					<visible>StringCompare(Window(Home).Property(Widget.Type),1) | StringCompare(Window(Home).Property(Widget.Type),4) | StringCompare(Window(Home).Property(Widget.Type),20) | StringCompare(Window(Home).Property(Widget.Type),40) | StringCompare(Window(Home).Property(Widget.Type),41) | StringCompare(Window(Home).Property(Widget.Type),42) | StringCompare(Window(Home).Property(Widget.Type),43) | StringCompare(Window(Home).Property(Widget.Type),44)</visible>
				</control>
				<control type="image">
					<left>0</left>
					<top>0</top>
					<width>1920</width>
					<height>1080</height>
					<texture>homewidgets/Info_Separator2.png</texture>
					<visible>StringCompare(Window(Home).Property(Widget.Type),2) | StringCompare(Window(Home).Property(Widget.Type),5) | StringCompare(Window(Home).Property(Widget.Type),9) | StringCompare(Window(Home).Property(Widget.Type),21) | StringCompare(Window(Home).Property(Widget.Type),45)</visible>
				</control>
				<control type="image">
					<left>0</left>
					<top>0</top>
					<width>1920</width>
					<height>1080</height>
					<texture>homewidgets/Info_Separator2.png</texture>
					<visible>StringCompare(Window(Home).Property(Widget.Type),7) | StringCompare(Window(Home).Property(Widget.Type),8)</visible>
				</control>
			</control>
			<!-- Daily Babe/s-->
			<control type="group">				
				<visible>StringCompare(Window(Home).Property(Widget.Type),47)</visible>
				<control type="image">
					<left>0</left>
					<top>0</top>
					<width>1920</width>
					<height>1080</height>
					<aspectratio>keep</aspectratio>
					<texture>$INFO[Window(Home).Property(Widget.Cover)]</texture>
				</control>				
			</control>
			<!-- Poster -->
			<control type="group">
				<visible>StringCompare(Window(Home).Property(Widget.Type),1) | StringCompare(Window(Home).Property(Widget.Type),4) | StringCompare(Window(Home).Property(Widget.Type),20) | StringCompare(Window(Home).Property(Widget.Type),40) | StringCompare(Window(Home).Property(Widget.Type),41) | StringCompare(Window(Home).Property(Widget.Type),42) | StringCompare(Window(Home).Property(Widget.Type),43) | StringCompare(Window(Home).Property(Widget.Type),44)</visible>
				<!-- Images-->
				<control type="image">
					<left>50</left>
					<top>91</top>
					<width>445</width>
					<height>667</height>
					<texture>$INFO[Window(Home).Property(Widget.Cover)]</texture>
				</control>
				<control type="image">
					<left>400</left>
					<top>71</top>
					<width>120</width>
					<height>120</height>
					<fadetime>0</fadetime>
					<bordersize>20</bordersize>
					<texture>overlays/addons/inlibrary.png</texture>
					<visible>SubString(Window(Home).Property(Widget.FilePath),DBID)</visible>
				</control>
				<control type="image">
					<left>60</left>
					<top>101</top>
					<width>200</width>
					<height>49</height>
					<fadetime>0</fadetime>
					<texture>homewidgets/imdb2.png</texture>
					<visible>IntegerGreaterThan(Window(Home).Property(Widget.Top250),0)</visible>
				</control>
				<control type="label">
					<left>80</left>
					<top>120</top>
					<width>60</width>
					<align>center</align>
					<height>10</height>
					<font>font14_title</font>
					<textcolor>white</textcolor>
					<label>$INFO[Window(Home).Property(Widget.Top250)]</label>
					<visible>IntegerGreaterThan(Window(Home).Property(Widget.Top250),0)</visible>
				</control>
				<control type="image" id="8020">
					<include>WI-DiscArt</include>
					<texture>$INFO[Window(Home).Property(Widget.DiscArt)]</texture>
					<visible>!IsEmpty(Control.GetLabel(8020))</visible>
				</control>
				<control type="image">
					<include>WI-DiscArt</include>
					<aspectratio scalediffuse="false" aligny="top">scale</aspectratio>
					<texture diffuse="discart/cdart.png">$INFO[Window(Home).Property(Widget.Cover)]</texture>
					<visible>IsEmpty(Control.GetLabel(8020)) + [StringCompare(Window(Home).Property(Widget.Type),1) | StringCompare(Window(Home).Property(Widget.Type),2) | StringCompare(Window(Home).Property(Widget.Type),5) | StringCompare(Window(Home).Property(Widget.Type),9) | StringCompare(Window(Home).Property(Widget.Type),20) | StringCompare(Window(Home).Property(Widget.Type),21)]</visible>
				</control>
				<control type="image">
					<include>WI-DiscArt</include>
					<texture>discart/$INFO[Window(Home).Property(Widget.DiscArtFake)]</texture>
					<visible>IsEmpty(Control.GetLabel(8020)) + [StringCompare(Window(Home).Property(Widget.Type),1) | StringCompare(Window(Home).Property(Widget.Type),20)]</visible>
				</control>
				<!-- Header -->
				<control type="grouplist">
					<top>90</top>
					<include>WI-Left</include>
					<control type="label">
						<include>WI-TitleText</include>
						<include>WI-PosterWidth</include>
						<label>$INFO[Window(Home).Property(Widget.Title)]</label>
					</control>
					<control type="label">
						<include>WI-SubTitleText</include>
						<include>WI-PosterWidth</include>
						<label>$INFO[Window(Home).Property(Widget.TitleSub)]</label>
					</control>
				</control>
				<!-- Flags-->
				<control type="grouplist">
					<top>193</top>
					<include>WI-Left</include>
					<height>90</height>
					<orientation>horizontal</orientation>
					<control type="label">
						<include>WI-FlagTextYear</include>
						<label>$INFO[Window(Home).Property(Widget.Year)]</label>
					</control>
					<control type="image">
						<include>WI-Flags</include>
						<texture fallback="flags/mpaa/NR.png">$INFO[Window(Home).Property(Widget.FlagsRating)]</texture>
					</control>
					<control type="image">
						<include>WI-Flags</include>
						<texture>$INFO[Window(Home).Property(Widget.FlagsStudio)]</texture>
					</control>
					<control type="image">
						<include>WI-Flags</include>
						<texture>$INFO[Window(Home).Property(Widget.FlagsSource)]</texture>
					</control>
					<control type="image">
						<include>WI-Flags</include>
						<texture>$INFO[Window(Home).Property(Widget.FlagsResolution)]</texture>
					</control>
					<control type="image">
						<include>WI-Flags</include>
						<texture>$INFO[Window(Home).Property(Widget.FlagsAspect)]</texture>
					</control>
					<control type="image">
						<include>WI-Flags</include>
						<texture>$INFO[Window(Home).Property(Widget.FlagsAudio)]</texture>
					</control>
					<control type="image">
						<include>WI-Flags</include>
						<texture>$INFO[Window(Home).Property(Widget.FlagsAudioChannels)]</texture>
					</control>
					<control type="image">
						<include>WI-Flags</include>
						<texture>$INFO[Window(Home).Property(Widget.FlagsCC)]</texture>
					</control>
				</control>
				<!-- Icons-->
				<control type="grouplist">
					<top>368</top>
					<include>WI-Left</include>
					<orientation>horizontal</orientation>
					<control type="image">
						<include>WI-Icon</include>
						<texture>$INFO[Window(Home).Property(Widget.Icon1)]</texture>
						<visible>!IsEmpty(Window(Home).Property(Widget.Info1))</visible>
					</control>
					<control type="label">
						<width>5</width>
					</control>
					<control type="label">
						<include>WI-IconText</include>
						<label>$INFO[Window(Home).Property(Widget.Info1)]</label>
					</control>
				</control>
				<control type="grouplist">
					<top>418</top>
					<include>WI-Left</include>
					<orientation>horizontal</orientation>
					<control type="image">
						<include>WI-Icon</include>
						<texture>$INFO[Window(Home).Property(Widget.Icon2)]</texture>
						<visible>!IsEmpty(Window(Home).Property(Widget.Info2))</visible>
					</control>
					<control type="label">
						<width>5</width>
					</control>
					<control type="label">
						<include>WI-IconText</include>
						<label>$INFO[Window(Home).Property(Widget.Info2)]</label>
					</control>
				</control>
				<!-- Info Plot-->
				<control type="textbox">
					<top>468</top>
					<include>WI-Left</include>
					<height>290</height>
					<width>1365</width>
					<include>WI-Plot</include>
					<label>$INFO[Window(Home).Property(Widget.Plot)]</label>
					<visible>IsEmpty(Control.GetLabel(8020)) + !StringCompare(Window(Home).Property(Widget.Type),1) + !StringCompare(Window(Home).Property(Widget.Type),2) + !StringCompare(Window(Home).Property(Widget.Type),5) + !StringCompare(Window(Home).Property(Widget.Type),9) + !StringCompare(Window(Home).Property(Widget.Type),20) + !StringCompare(Window(Home).Property(Widget.Type),21)</visible>
				</control>
				<control type="textbox">
					<top>468</top>
					<include>WI-Left</include>
					<height>290</height>
					<width>956</width>
					<include>WI-Plot</include>
					<label>$INFO[Window(Home).Property(Widget.Plot)]</label>
					<visible>!IsEmpty(Control.GetLabel(8020)) | StringCompare(Window(Home).Property(Widget.Type),1) | StringCompare(Window(Home).Property(Widget.Type),2) | StringCompare(Window(Home).Property(Widget.Type),5) | StringCompare(Window(Home).Property(Widget.Type),9) | StringCompare(Window(Home).Property(Widget.Type),20) | StringCompare(Window(Home).Property(Widget.Type),21)</visible>
				</control>
				<!-- Info Buttons-->`
				<control type="grouplist" id="8052">
					<include>WI-Left</include>
					<include>WI-PosterWidth</include>
					<top>288</top>
					<height>60</height>
					<onup>-</onup>
					<ondown>8001</ondown>
					<orientation>horizontal</orientation>
					<control type="button" id="8053">
						<description>Close</description>
						<include>WI-Button</include>
						<label>Close</label>
						<onclick>Dialog.Close(1199)</onclick>
					</control>
					<control type="button" id="8054">
						<description>Play Button</description>
						<include>WI-Button</include>
						<label>Play</label>
						<onclick>PlayMedia($INFO[Window(Home).Property(Widget.FilePath)],noresume)</onclick>
						<onclick>Dialog.Close(1199)</onclick>
						<visible>!SubString(Window(Home).Property(Widget.FilePath),playtrailer) + !SubString(Window(Home).Property(Widget.FilePath),info=extendedinfo)</visible>
					</control>
					<control type="button" id="8055">
						<description>Resume Button</description>
						<label>$LOCALIZE[13404] $INFO[Window(Home).Property(Widget.Resume),(,%)]</label>
						<include>WI-Button</include>
						<onclick>PlayMedia($INFO[Window(Home).Property(Widget.FilePath)],resume)</onclick>
						<onclick>Dialog.Close(1199)</onclick>
						<visible>IntegerGreaterThan(Window(Home).Property(Widget.Resume),1)</visible>
					</control>
					<control type="button" id="8056">
						<description>Play Trailer</description>
						<include>WI-Button</include>
						<label>$LOCALIZE[20410]</label>
						<onclick>PlayMedia($INFO[Window(Home).Property(Widget.Trailer)])</onclick>
						<onclick>Dialog.Close(1199)</onclick>
						<visible>!IsEmpty(Window(Home).Property(Widget.Trailer))</visible>
					</control>
					<control type="button" id="8057">
						<description>Add to Couch Potato</description>
						<width>320</width>
						<include>WI-Button</include>
						<label>Add to CouchPotato</label>
						<onclick>RunPlugin(plugin://plugin.video.couchpotato_manager/movies/add?title=$INFO[Window(Home).Property(Widget.Title)])</onclick>
						<onclick>Skin.Reset(HomeInfo)</onclick>
						<visible>System.HasAddon(plugin.video.couchpotato_manager) + SubString(Window(Home).Property(Widget.FilePath),extendedinfo) + [StringCompare(Window(Home).Property(Widget.Type),40) | StringCompare(Window(Home).Property(Widget.Type),41) | StringCompare(Window(Home).Property(Widget.Type),42)]</visible>
					</control>
				</control>
			</control>
			<!-- Square Poster -->
			<control type="group">
				<visible>StringCompare(Window(Home).Property(Widget.Type),2) | StringCompare(Window(Home).Property(Widget.Type),5) | StringCompare(Window(Home).Property(Widget.Type),7) | StringCompare(Window(Home).Property(Widget.Type),8) | StringCompare(Window(Home).Property(Widget.Type),9) | StringCompare(Window(Home).Property(Widget.Type),21) | StringCompare(Window(Home).Property(Widget.Type),45)</visible>
				<!-- Images-->
				<control type="image">
					<left>50</left>
					<top>91</top>
					<width>667</width>
					<height>667</height>
					<texture>$INFO[Window(Home).Property(Widget.Cover)]</texture>
				</control>
				<control type="image" id="8021">
					<include>WI-DiscArt</include>
					<texture>$INFO[Window(Home).Property(Widget.DiscArt)]</texture>
					<visible>!IsEmpty(Control.GetLabel(8021))</visible>
				</control>
				<control type="image">
					<include>WI-DiscArt</include>
					<aspectratio scalediffuse="false" aligny="top">scale</aspectratio>
					<texture diffuse="discart/cdart.png">$INFO[Window(Home).Property(Widget.Cover)]</texture>
					<visible>IsEmpty(Control.GetLabel(8021)) + [StringCompare(Window(Home).Property(Widget.Type),1) | StringCompare(Window(Home).Property(Widget.Type),2) | StringCompare(Window(Home).Property(Widget.Type),5) | StringCompare(Window(Home).Property(Widget.Type),9) | StringCompare(Window(Home).Property(Widget.Type),20) | StringCompare(Window(Home).Property(Widget.Type),21)]</visible>
				</control>
				<control type="image">
					<include>WI-DiscArt</include>
					<texture>discart/$INFO[Window(Home).Property(Widget.DiscArtFake)]</texture>
					<visible>IsEmpty(Control.GetLabel(8021)) + [StringCompare(Window(Home).Property(Widget.Type),1) | StringCompare(Window(Home).Property(Widget.Type),20)]</visible>
				</control>
				<!-- Header -->
				<control type="grouplist">
					<top>90</top>
					<include>WI-SquareLeft</include>
					<control type="label">
						<include>WI-TitleText</include>
						<include>WI-SquareWidth</include>
						<label>$INFO[Window(Home).Property(Widget.Title)]</label>
					</control>
					<control type="label">
						<include>WI-SubTitleText</include>
						<include>WI-SquareWidth</include>
						<label>$INFO[Window(Home).Property(Widget.TitleSub)]</label>
					</control>
				</control>
				<!-- Flags-->
				<control type="grouplist">
					<top>193</top>
					<include>WI-SquareLeft</include>
					<height>90</height>
					<orientation>horizontal</orientation>
					<control type="label">
						<include>WI-FlagTextYear</include>
						<label>$INFO[Window(Home).Property(Widget.Year)]</label>
					</control>
					<control type="image">
						<include>WI-Flags</include>
						<texture>$INFO[Window(Home).Property(Widget.FlagsStudio)]</texture>
					</control>
					<control type="image">
						<include>WI-Flags</include>
						<texture>$INFO[Window(Home).Property(Widget.FlagsSource)]</texture>
					</control>
					<control type="image">
						<include>WI-Flags</include>
						<texture>$INFO[Window(Home).Property(Widget.FlagsResolution)]</texture>
					</control>
					<control type="image">
						<include>WI-Flags</include>
						<texture>$INFO[Window(Home).Property(Widget.FlagsAspect)]</texture>
					</control>
					<control type="image">
						<include>WI-Flags</include>
						<texture>$INFO[Window(Home).Property(Widget.FlagsAudio)]</texture>
					</control>
					<control type="image">
						<include>WI-Flags</include>
						<texture>$INFO[Window(Home).Property(Widget.FlagsAudioChannels)]</texture>
					</control>
					<control type="image">
						<include>WI-Flags</include>
						<texture>$INFO[Window(Home).Property(Widget.FlagsCC)]</texture>
					</control>
				</control>
				<!-- Icons-->
				<control type="grouplist">
					<top>368</top>
					<include>WI-SquareLeft</include>
					<orientation>horizontal</orientation>
					<control type="image">
						<include>WI-Icon</include>
						<texture>$INFO[Window(Home).Property(Widget.Icon1)]</texture>
						<visible>!IsEmpty(Window(Home).Property(Widget.Info1))</visible>
					</control>
					<control type="label">
						<width>5</width>
					</control>
					<control type="label">
						<include>WI-IconText</include>
						<label>$INFO[Window(Home).Property(Widget.Info1)]</label>
					</control>
				</control>
				<control type="grouplist">
					<top>418</top>
					<include>WI-SquareLeft</include>
					<orientation>horizontal</orientation>
					<control type="image">
						<include>WI-Icon</include>
						<texture>$INFO[Window(Home).Property(Widget.Icon2)]</texture>
						<visible>!IsEmpty(Window(Home).Property(Widget.Info2))</visible>
					</control>
					<control type="label">
						<width>5</width>
					</control>
					<control type="label">
						<include>WI-IconText</include>
						<label>$INFO[Window(Home).Property(Widget.Info2)]</label>
					</control>
				</control>
				<!-- Info Plot-->
				<control type="textbox">
					<top>468</top>
					<include>WI-SquareLeft</include>
					<height>290</height>
					<width>1143</width>
					<include>WI-Plot</include>
					<label>$INFO[Window(Home).Property(Widget.Plot)]</label>
					<visible>IsEmpty(Control.GetLabel(8021)) + !StringCompare(Window(Home).Property(Widget.Type),1) + !StringCompare(Window(Home).Property(Widget.Type),2) + !StringCompare(Window(Home).Property(Widget.Type),5) + !StringCompare(Window(Home).Property(Widget.Type),9) + !StringCompare(Window(Home).Property(Widget.Type),20) + !StringCompare(Window(Home).Property(Widget.Type),21)</visible>
				</control>
				<control type="textbox">
					<top>468</top>
					<include>WI-SquareLeft</include>
					<height>290</height>
					<width>734</width>
					<include>WI-Plot</include>
					<label>$INFO[Window(Home).Property(Widget.Plot)]</label>
					<visible>!IsEmpty(Control.GetLabel(8021)) | StringCompare(Window(Home).Property(Widget.Type),1) | StringCompare(Window(Home).Property(Widget.Type),2) | StringCompare(Window(Home).Property(Widget.Type),5) | StringCompare(Window(Home).Property(Widget.Type),9) | StringCompare(Window(Home).Property(Widget.Type),20) | StringCompare(Window(Home).Property(Widget.Type),21)</visible>
				</control>
				<!-- Info Buttons-->`
				<control type="grouplist" id="8052">
					<include>WI-SquareLeft</include>
					<include>WI-PosterWidth</include>
					<top>288</top>
					<height>60</height>
					<onup>-</onup>
					<ondown>8001</ondown>
					<orientation>horizontal</orientation>
					<control type="button" id="8053">
						<description>Close</description>
						<include>WI-Button</include>
						<label>Close</label>
						<onclick>Dialog.Close(1199)</onclick>
					</control>
					<control type="button" id="8054">
						<description>Play Button</description>
						<include>WI-Button</include>
						<label>Play</label>
						<onclick>PlayMedia($INFO[Window(Home).Property(Widget.FilePath)],noresume)</onclick>
						<onclick>Dialog.Close(1199)</onclick>
						<visible>[StringCompare(Window(Home).Property(Widget.Type),5) | StringCompare(Window(Home).Property(Widget.Type),9)]  + !StringCompare(Window(Home).Property(Widget.Type),7) + !StringCompare(Window(Home).Property(Widget.Type),8) + !StringCompare(Window(Home).Property(Widget.Type),45)</visible>
					</control>
					<control type="button" id="8055">
						<description>Play Button</description>
						<include>WI-Button</include>
						<label>Play</label>
						<onclick>PlayMedia($INFO[Window(Home).Property(Widget.FolderPath)],isdir)</onclick>
						<onclick>Dialog.Close(1199)</onclick>
						<visible>!StringCompare(Window(Home).Property(Widget.Type),9) + !StringCompare(Window(Home).Property(Widget.Type),5) + !StringCompare(Window(Home).Property(Widget.Type),7) + !StringCompare(Window(Home).Property(Widget.Type),8) + !StringCompare(Window(Home).Property(Widget.Type),45)</visible>
					</control>
					<control type="button" id="8056">
						<description>App Open Button</description>
						<include>WI-Button</include>
						<label>Open</label>
						<onclick>Dialog.Close(1199)</onclick>
						<onclick>ActivateWindow(Programs,$INFO[Window(Home).Property(Widget.FilePath)])</onclick>
						<visible>StringCompare(Window(Home).Property(Widget.Type),7) | StringCompare(Window(Home).Property(Widget.Type),8)</visible>
					</control>
				</control>
			</control>
		</control>
	</controls>
</window>