<fonts>
<fontset id="Default" idloc="31390">
		
		<font>
			<name>fontArial15</name>
			<filename>Arial.ttf</filename>
			<size>35</size>
		</font>
		<font>
			<name>font10</name>
			<filename>Antipasto.ttf</filename>
			<size>21</size>
		</font>
		<font>
			<name>font12</name>
			<filename>Antipasto.ttf</filename>
			<size>26</size>
		</font>
		<font>
			<name>font13</name>
			<filename>Antipasto.ttf</filename>
			<size>30</size>
		</font>
		<font>
			<name>font14_textbox</name>
			<filename>Antipasto.ttf</filename>
			<size>33</size>
			<linespacing>1.27</linespacing>
		</font>
		<font>
			<name>font14_textbox2</name>
			<filename>Antipasto.ttf</filename>
			<size>33</size>
			<linespacing>1.1</linespacing>
		</font>
		<font>
			<name>font15_textbox</name>
			<filename>Antipasto.ttf</filename>
			<size>35</size>
			<linespacing>1.4</linespacing>
		</font>
		<font>
			<name>font15_textbox2</name>
			<filename>Antipasto.ttf</filename>
			<size>35</size>
			<linespacing>1.26</linespacing>
		</font>
		<font>
			<name>font14</name>
			<filename>Antipasto.ttf</filename>
			<size>33</size>
		</font>
		<font>
			<name>font15</name>
			<filename>Antipasto.ttf</filename>
			<size>35</size>
		</font>
		<font>
			<name>font15_bold</name>
			<filename>Antipasto.ttf</filename>
			<style>bold</style>
			<size>35</size>
		</font>
		<font>
			<name>font16</name>
			<filename>Antipasto.ttf</filename>
			<size>38</size>
		</font>
		<font>
			<name>font16_bold</name>
			<filename>Antipasto.ttf</filename>
			<style>bold</style>
			<size>38</size>
		</font>
		<font>
			<name>font30</name>
			<filename>Antipasto.ttf</filename>
			<size>45</size>
		</font>
		<font>
			<name>font48</name>
			<filename>Antipasto.ttf</filename>
			<size>48</size>
		</font>
		<font>
			<name>font48_bold</name>
			<filename>Antipasto.ttf</filename>
			<style>bold</style>
			<size>48</size>
		</font>
		
		<font>
			<name>font65</name>
			<filename>Antipasto.ttf</filename>
			<size>65</size>
		</font>
		<font>
			<name>font58</name>
			<filename>Antipasto.ttf</filename>
			<size>58</size>
		</font>
		<font>
			<name>font24_bold</name>
			<filename>Antipasto.ttf</filename>
			<size>24</size>
			<style>bold</style>
		</font>
		<font>
			<name>font28_bold</name>
			<filename>Antipasto.ttf</filename>
			<size>28</size>
			<style>bold</style>
		</font>
		<font>
			<name>font52_bold</name>
			<filename>Antipasto.ttf</filename>
			<style>bold</style>
			<size>48</size>
		</font>
		<font>
			<name>font11</name>
			<filename>Antipasto.ttf</filename>
			<size>24</size>
		</font>
		<font>
			<name>font12b</name>
			<filename>Antipasto.ttf</filename>
			<size>27</size>
		</font>
		<font>
			<name>font13b</name>
			<filename>Antipasto.ttf</filename>
			<size>32</size>
		</font>
		
		<font>
			<name>font12_title</name>
			<filename>Antipasto.ttf</filename>
			<style>uppercase</style>
			<size>26</size>
		</font>
		<font>
			
			<name>font13_title</name>
			<filename>Antipasto.ttf</filename>
			<style>uppercase bold</style>
			<size>30</size>
		</font>
		<font>
			<name>font14_title</name>
			<filename>Antipasto.ttf</filename>
			<style>uppercase</style>
			<size>33</size>
		</font>
		<font>
			<name>font15_title</name>
			<filename>Antipasto.ttf</filename>
			<style>uppercase</style>
			<size>35</size>
		</font>
		<font>
			<name>font16_title</name>
			<filename>Antipasto.ttf</filename>
			<style>uppercase</style>
			<size>38</size>
		</font>
		<font>
			<name>font16_title_bold</name>
			<filename>Antipasto.ttf</filename>
			<style>uppercase bold</style>
			<size>38</size>
		</font>
		<font>
			<name>font24_title</name>
			<filename>Antipasto.ttf</filename>
			<style>uppercase</style>
			<size>36</size>
		</font>
		<font>
			<name>font28_title</name>
			<filename>Antipasto.ttf</filename>
			<style>uppercase</style>
			<size>42</size>
		</font>
		<font>
			<name>font30_title</name>
			<filename>Antipasto.ttf</filename>
			<style>uppercase</style>
			<size>45</size>
		</font>
		<font>
			<name>font30_title_bold</name>
			<filename>Antipasto.ttf</filename>
			<style>uppercase bold</style>
			<size>45</size>
		</font>
		<font>
			<name>font48_title</name>
			<filename>Antipasto.ttf</filename>
			<style>uppercase</style>
			<size>48</size>
		</font>
		<font>
			<name>font35_title</name>
			<filename>Antipasto.ttf</filename>
			<style>uppercase</style>
			<size>52</size>
		</font>
		<font>
			<name>font35_title_bold</name>
			<filename>Antipasto.ttf</filename>
			<style>uppercase bold</style>
			<size>52</size>
		</font>
		<font>
			<name>font45caps_title</name>
			<filename>Antipasto.ttf</filename>
			<style>uppercase</style>
			<size>68</size>
		</font>
		<font>
			<name>font80caps_title</name>
			<filename>Antipasto.ttf</filename>
			<style>uppercase</style>
			<size>80</size>
		</font>
		<font>
			<name>font_musicviz</name>
			<filename>Antipasto.ttf</filename>
			<linespacing>0</linespacing>
			<size>92</size>
		</font>
		<font>
			<name>font_MainMenu</name>
			<filename>Art Class.ttf</filename>
			<linespacing>0</linespacing>
			<size>85</size>
		</font>
		<font>
			<name>BigAssFont</name>
			<filename>Antipasto.ttf</filename>
			<size>600</size>
		</font>
		<font>
			<name>WeatherTemp</name>
			<filename>Antipasto.ttf</filename>
			<style>uppercase</style>
			<size>120</size>
		</font>
		
		<font>
			<name>IconTiny</name>
			<filename>webhostinghub-glyphs.ttf</filename>
			<size>26</size>
		</font>
		<font>
			<name>IconSmall</name>
			<filename>webhostinghub-glyphs.ttf</filename>
			<size>30</size>
		</font>
		<font>
			<name>IconMedium</name>
			<filename>webhostinghub-glyphs.ttf</filename>
			<size>36</size>
		</font>
		<font>
			<name>CloseButton</name>
			<filename>webhostinghub-glyphs.ttf</filename>
			<size>20</size>
		</font>
		
		
		<font>
			<name>fontCDartist</name>
			<filename>fafers.ttf</filename>
			<size>45</size>
			<linespacing>.8</linespacing>
		</font>
		<font>
			<name>fontCDalbum</name>
			<filename>fafers.ttf</filename>
			<size>36</size>
			<linespacing>.8</linespacing>
		</font>
		<font>
			<name>SkiaLight18</name>
			<filename>Skia.ttf</filename>
			<size>18</size>
		</font>
		<font>
			<name>SkiaLight24</name>
			<filename>Skia.ttf</filename>
			<size>24</size>
		</font>
		<font>
			<name>SkiaLightExtended34</name>
			<filename>Skia.ttf</filename>
			<size>34</size>
		</font>
		<font>
			<name>Skia26</name>
			<filename>Skia.ttf</filename>
			<size>26</size>
		</font>
		<font>
			<name>SkiaExtended40</name>
			<filename>Skia.ttf</filename>
			<size>40</size>
		</font>
	</fontset>
	<fontset id="Default-Bold">
		
		<font>
			<name>fontArial15</name>
			<filename>Arial.ttf</filename>
			<size>35</size>
		</font>
		<font>
			<name>font10</name>
			<filename>Antipasto.ttf</filename>
			<size>21</size>
		</font>
		<font>
			<name>font12</name>
			<filename>Antipasto.ttf</filename>
			<size>26</size>
		</font>
		<font>
			<name>font13</name>
			<filename>Antipasto.ttf</filename>
			<size>30</size>
		</font>
		<font>
			<name>font14_textbox</name>
			<filename>Antipasto.ttf</filename>
			<size>33</size>
			<linespacing>1.27</linespacing>
		</font>
		<font>
			<name>font14_textbox2</name>
			<filename>Antipasto.ttf</filename>
			<size>33</size>
			<linespacing>1.1</linespacing>
		</font>
		<font>
			<name>font15_textbox</name>
			<filename>Antipasto.ttf</filename>
			<size>35</size>
			<linespacing>1.4</linespacing>
		</font>
		<font>
			<name>font15_textbox2</name>
			<filename>Antipasto.ttf</filename>
			<size>35</size>
			<linespacing>1.26</linespacing>
		</font>
		<font>
			<name>font14</name>
			<filename>Antipasto.ttf</filename>
			<size>33</size>
		</font>
		<font>
			<name>font15</name>
			<filename>Antipasto.ttf</filename>
			<size>35</size>
		</font>
		<font>
			<name>font15_bold</name>
			<filename>Antipasto.ttf</filename>
			<style>bold</style>
			<size>35</size>
		</font>
		<font>
			<name>font16</name>
			<filename>Antipasto.ttf</filename>
			<size>38</size>
		</font>
		<font>
			<name>font16_bold</name>
			<filename>Antipasto.ttf</filename>
			<style>bold</style>
			<size>38</size>
		</font>
		<font>
			<name>font30</name>
			<filename>Antipasto.ttf</filename>
			<size>45</size>
		</font>
		<font>
			<name>font48</name>
			<filename>Antipasto.ttf</filename>
			<size>48</size>
		</font>
		<font>
			<name>font48_bold</name>
			<filename>Antipasto.ttf</filename>
			<style>bold</style>
			<size>48</size>
		</font>
		
		<font>
			<name>font65</name>
			<filename>Antipasto.ttf</filename>
			<size>65</size>
		</font>
		<font>
			<name>font58</name>
			<filename>Antipasto.ttf</filename>
			<size>58</size>
		</font>
		<font>
			<name>font24_bold</name>
			<filename>Antipasto.ttf</filename>
			<size>24</size>
			<style>bold</style>
		</font>
		<font>
			<name>font28_bold</name>
			<filename>Antipasto.ttf</filename>
			<size>28</size>
			<style>bold</style>
		</font>
		<font>
			<name>font52_bold</name>
			<filename>Antipasto.ttf</filename>
			<style>bold</style>
			<size>48</size>
		</font>
		<font>
			<name>font11</name>
			<filename>Antipasto.ttf</filename>
			<size>24</size>
		</font>
		<font>
			<name>font12b</name>
			<filename>Antipasto.ttf</filename>
			<size>27</size>
		</font>
		<font>
			<name>font13b</name>
			<filename>Antipasto.ttf</filename>
			<size>32</size>
		</font>
		
		<font>
			<name>font12_title</name>
			<filename>Antipasto.ttf</filename>
			<style>uppercase</style>
			<size>26</size>
		</font>
		<font>
			
			<name>font13_title</name>
			<filename>Antipasto.ttf</filename>
			<style>uppercase bold</style>
			<size>30</size>
		</font>
		<font>
			<name>font14_title</name>
			<filename>Antipasto.ttf</filename>
			<style>uppercase</style>
			<size>33</size>
		</font>
		<font>
			<name>font15_title</name>
			<filename>Antipasto.ttf</filename>
			<style>uppercase</style>
			<size>35</size>
		</font>
		<font>
			<name>font16_title</name>
			<filename>Antipasto.ttf</filename>
			<style>uppercase</style>
			<size>38</size>
		</font>
		<font>
			<name>font16_title_bold</name>
			<filename>Antipasto.ttf</filename>
			<style>uppercase bold</style>
			<size>38</size>
		</font>
		<font>
			<name>font24_title</name>
			<filename>Antipasto.ttf</filename>
			<style>uppercase</style>
			<size>36</size>
		</font>
		<font>
			<name>font28_title</name>
			<filename>Antipasto.ttf</filename>
			<style>uppercase</style>
			<size>42</size>
		</font>
		<font>
			<name>font30_title</name>
			<filename>Antipasto.ttf</filename>
			<style>uppercase</style>
			<size>45</size>
		</font>
		<font>
			<name>font30_title_bold</name>
			<filename>Antipasto.ttf</filename>
			<style>uppercase bold</style>
			<size>45</size>
		</font>
		<font>
			<name>font48_title</name>
			<filename>Antipasto.ttf</filename>
			<style>uppercase</style>
			<size>48</size>
		</font>
		<font>
			<name>font35_title</name>
			<filename>Antipasto.ttf</filename>
			<style>uppercase</style>
			<size>52</size>
		</font>
		<font>
			<name>font35_title_bold</name>
			<filename>Antipasto.ttf</filename>
			<style>uppercase bold</style>
			<size>52</size>
		</font>
		<font>
			<name>font45caps_title</name>
			<filename>Antipasto.ttf</filename>
			<style>uppercase</style>
			<size>68</size>
		</font>
		<font>
			<name>font80caps_title</name>
			<filename>Antipasto.ttf</filename>
			<style>uppercase</style>
			<size>80</size>
		</font>
		<font>
			<name>font_musicviz</name>
			<filename>Antipasto.ttf</filename>
			<linespacing>0</linespacing>
			<size>92</size>
		</font>
		<font>
			<name>font_MainMenu</name>
			<filename>Art Class.ttf</filename>
			<style>bold</style>
			<linespacing>0</linespacing>
			<size>85</size>
		</font>
		<font>
			<name>BigAssFont</name>
			<filename>Antipasto.ttf</filename>
			<size>600</size>
		</font>
		<font>
			<name>WeatherTemp</name>
			<filename>Antipasto.ttf</filename>
			<style>uppercase</style>
			<size>120</size>
		</font>
		
		<font>
			<name>IconTiny</name>
			<filename>webhostinghub-glyphs.ttf</filename>
			<size>26</size>
		</font>
		<font>
			<name>IconSmall</name>
			<filename>webhostinghub-glyphs.ttf</filename>
			<size>30</size>
		</font>
		<font>
			<name>IconMedium</name>
			<filename>webhostinghub-glyphs.ttf</filename>
			<size>36</size>
		</font>
		<font>
			<name>CloseButton</name>
			<filename>webhostinghub-glyphs.ttf</filename>
			<size>20</size>
		</font>
		
		
		<font>
			<name>fontCDartist</name>
			<filename>fafers.ttf</filename>
			<size>45</size>
			<linespacing>.8</linespacing>
		</font>
		<font>
			<name>fontCDalbum</name>
			<filename>fafers.ttf</filename>
			<size>36</size>
			<linespacing>.8</linespacing>
		</font>
		<font>
			<name>SkiaLight18</name>
			<filename>Skia.ttf</filename>
			<size>18</size>
		</font>
		<font>
			<name>SkiaLight24</name>
			<filename>Skia.ttf</filename>
			<size>24</size>
		</font>
		<font>
			<name>SkiaLightExtended34</name>
			<filename>Skia.ttf</filename>
			<size>34</size>
		</font>
		<font>
			<name>Skia26</name>
			<filename>Skia.ttf</filename>
			<size>26</size>
		</font>
		<font>
			<name>SkiaExtended40</name>
			<filename>Skia.ttf</filename>
			<size>40</size>
		</font>
	</fontset>
	<fontset id="NOX Original">
		
		<font>
			<name>fontArial15</name>
			<filename>Arial.ttf</filename>
			<size>35</size>
		</font>
		<font>
			<name>font10</name>
			<filename>RobotoCondensed-Regular.ttf</filename>
			<size>21</size>
		</font>
		<font>
			<name>font12</name>
			<filename>RobotoCondensed-Regular.ttf</filename>
			<size>26</size>
		</font>
		<font>
			<name>font13</name>
			<filename>RobotoCondensed-Regular.ttf</filename>
			<size>30</size>
		</font>
		<font>
			<name>font14_textbox</name>
			<filename>RobotoCondensed-Regular.ttf</filename>
			<size>33</size>
			<linespacing>1.27</linespacing>
		</font>
		<font>
			<name>font14_textbox2</name>
			<filename>RobotoCondensed-Regular.ttf</filename>
			<size>33</size>
			<linespacing>1.1</linespacing>
		</font>
		<font>
			<name>font15_textbox</name>
			<filename>RobotoCondensed-Regular.ttf</filename>
			<size>35</size>
			<linespacing>1.4</linespacing>
		</font>
		<font>
			<name>font15_textbox2</name>
			<filename>RobotoCondensed-Regular.ttf</filename>
			<size>35</size>
			<linespacing>1.26</linespacing>
		</font>
		<font>
			<name>font14</name>
			<filename>RobotoCondensed-Regular.ttf</filename>
			<size>33</size>
		</font>
		<font>
			<name>font15</name>
			<filename>RobotoCondensed-Regular.ttf</filename>
			<size>35</size>
		</font>
		<font>
			<name>font15_bold</name>
			<filename>RobotoCondensed-Regular.ttf</filename>
			<style>bold</style>
			<size>35</size>
		</font>
		<font>
			<name>font16</name>
			<filename>RobotoCondensed-Regular.ttf</filename>
			<size>38</size>
		</font>
		<font>
			<name>font16_bold</name>
			<filename>RobotoCondensed-Regular.ttf</filename>
			<style>bold</style>
			<size>38</size>
		</font>
		<font>
			<name>font30</name>
			<filename>RobotoCondensed-Regular.ttf</filename>
			<size>45</size>
		</font>
		<font>
			<name>font48</name>
			<filename>RobotoCondensed-Regular.ttf</filename>
			<size>48</size>
		</font>
		<font>
			<name>font48_bold</name>
			<filename>RobotoCondensed-Regular.ttf</filename>
			<style>bold</style>
			<size>48</size>
		</font>
		
		<font>
			<name>font65</name>
			<filename>RobotoCondensed-Regular.ttf</filename>
			<size>65</size>
		</font>
		<font>
			<name>font58</name>
			<filename>RobotoCondensed-Regular.ttf</filename>
			<size>58</size>
		</font>
		<font>
			<name>font24_bold</name>
			<filename>RobotoCondensed-Regular.ttf</filename>
			<size>24</size>
			<style>bold</style>
		</font>
		<font>
			<name>font28_bold</name>
			<filename>RobotoCondensed-Regular.ttf</filename>
			<size>28</size>
			<style>bold</style>
		</font>
		<font>
			<name>font52_bold</name>
			<filename>RobotoCondensed-Regular.ttf</filename>
			<style>bold</style>
			<size>48</size>
		</font>
		<font>
			<name>font11</name>
			<filename>RobotoCondensed-Regular.ttf</filename>
			<size>24</size>
		</font>
		<font>
			<name>font12b</name>
			<filename>RobotoCondensed-Regular.ttf</filename>
			<size>27</size>
		</font>
		<font>
			<name>font13b</name>
			<filename>RobotoCondensed-Regular.ttf</filename>
			<size>32</size>
		</font>
		
		<font>
			<name>font12_title</name>
			<filename>RobotoCondensed-Uppercase.ttf</filename>
			<style>uppercase</style>
			<size>26</size>
		</font>
		<font>
			<name>font13_title</name>
			<filename>RobotoCondensed-Uppercase.ttf</filename>
			<style>uppercase</style>
			<size>30</size>
		</font>
		<font>
			<name>font14_title</name>
			<filename>RobotoCondensed-Uppercase.ttf</filename>
			<style>uppercase</style>
			<size>33</size>
		</font>
		<font>
			<name>font15_title</name>
			<filename>RobotoCondensed-Uppercase.ttf</filename>
			<style>uppercase</style>
			<size>35</size>
		</font>
		<font>
			<name>font16_title</name>
			<filename>RobotoCondensed-Uppercase.ttf</filename>
			<style>uppercase</style>
			<size>38</size>
		</font>
		<font>
			<name>font16_title_bold</name>
			<filename>RobotoCondensed-Uppercase.ttf</filename>
			<style>uppercase bold</style>
			<size>38</size>
		</font>
		<font>
			<name>font24_title</name>
			<filename>RobotoCondensed-Uppercase.ttf</filename>
			<style>uppercase</style>
			<size>36</size>
		</font>
		<font>
			<name>font28_title</name>
			<filename>RobotoCondensed-Uppercase.ttf</filename>
			<style>uppercase</style>
			<size>42</size>
		</font>
		<font>
			<name>font30_title</name>
			<filename>RobotoCondensed-Uppercase.ttf</filename>
			<style>uppercase</style>
			<size>45</size>
		</font>
		<font>
			<name>font30_title_bold</name>
			<filename>RobotoCondensed-Uppercase.ttf</filename>
			<style>uppercase bold</style>
			<size>45</size>
		</font>
		<font>
			<name>font48_title</name>
			<filename>RobotoCondensed-Regular.ttf</filename>
			<style>uppercase</style>
			<size>48</size>
		</font>
		<font>
			<name>font35_title</name>
			<filename>RobotoCondensed-Uppercase.ttf</filename>
			<style>uppercase</style>
			<size>52</size>
		</font>
		<font>
			<name>font35_title_bold</name>
			<filename>RobotoCondensed-Uppercase.ttf</filename>
			<style>uppercase bold</style>
			<size>52</size>
		</font>
		<font>
			<name>font45caps_title</name>
			<filename>RobotoCondensed-Uppercase.ttf</filename>
			<style>uppercase</style>
			<size>68</size>
		</font>
		<font>
			<name>font80caps_title</name>
			<filename>RobotoCondensed-Uppercase.ttf</filename>
			<style>uppercase</style>
			<size>80</size>
		</font>
		<font>
			<name>font_musicviz</name>
			<filename>BebasNeue.ttf</filename>
			<linespacing>0</linespacing>
			<size>92</size>
		</font>
		<font>
			<name>font_MainMenu</name>
			<filename>BebasNeue.ttf</filename>
			<linespacing>0</linespacing>
			<size>112</size>
		</font>
		<font>
			<name>BigAssFont</name>
			<filename>BebasNeue.ttf</filename>
			<size>600</size>
		</font>
		<font>
			<name>WeatherTemp</name>
			<filename>RobotoCondensed-Uppercase.ttf</filename>
			<style>uppercase</style>
			<size>120</size>
		</font>
		
		<font>
			<name>IconTiny</name>
			<filename>webhostinghub-glyphs.ttf</filename>
			<size>26</size>
		</font>
		<font>
			<name>IconSmall</name>
			<filename>webhostinghub-glyphs.ttf</filename>
			<size>30</size>
		</font>
		<font>
			<name>IconMedium</name>
			<filename>webhostinghub-glyphs.ttf</filename>
			<size>36</size>
		</font>
		<font>
			<name>CloseButton</name>
			<filename>webhostinghub-glyphs.ttf</filename>
			<size>20</size>
		</font>
		
		
		<font>
			<name>fontCDartist</name>
			<filename>fafers.ttf</filename>
			<size>45</size>
			<linespacing>.8</linespacing>
		</font>
		<font>
			<name>fontCDalbum</name>
			<filename>fafers.ttf</filename>
			<size>36</size>
			<linespacing>.8</linespacing>
		</font>
		<font>
			<name>SkiaLight18</name>
			<filename>Skia.ttf</filename>
			<size>18</size>
		</font>
		<font>
			<name>SkiaLight24</name>
			<filename>Skia.ttf</filename>
			<size>24</size>
		</font>
		<font>
			<name>SkiaLightExtended34</name>
			<filename>Skia.ttf</filename>
			<size>34</size>
		</font>
		<font>
			<name>Skia26</name>
			<filename>Skia.ttf</filename>
			<size>26</size>
		</font>
		<font>
			<name>SkiaExtended40</name>
			<filename>Skia.ttf</filename>
			<size>40</size>
		</font>
	</fontset>
</fonts>