<?xml version="1.0" encoding="UTF-8"?>
<!--========================================================================-->
<!--   ###	  ########	#######	 ##	   ##	 ##	   ##  #######	##	   ##	-->
<!--  ## ##	  ##	   ##	  ## ###   ##	 ###   ## ##	 ##	 ##	  ##	-->
<!--##	  ##  ##	   ##	  ## ####  ##	 ####  ## ##	 ##	  ## ##		-->
<!--##	   ## ######   ##	  ## ## ## ##	 ## ## ## ##	 ##	   ###		-->
<!--######### ##	   ##	  ## ##	 ####	 ##	 #### ##	 ##	  ## ##		-->
<!--##	   ## ##	   ##	  ## ##	  ###	 ##	  ### ##	 ##	 ##	  ##	-->
<!--##	   ## ########	#######	 ##	   ##	 ##	   ##  #######	##	   ##	-->
<!--========================================================================-->
<includes>
	<!-- ######## -->
	<!-- Defaults -->
	<!-- ######## -->
	<include name="FullscreenDimensions">
		<left>0</left>
		<top>0</top>
		<width>FullScreenWidth</width>
		<height>1080</height>
	</include>
	<include name="HiddenObject">
		<left>-300</left>
		<top>-300</top>
		<width>1</width>
		<height>1</height>
		<texturefocus>-</texturefocus>
		<texturenofocus>-</texturenofocus>
		<label>-</label>
		<font>-</font>
	</include>
	<include name="HiddenList">
		<left>-100</left>
		<top>-100</top>
		<width>100</width>
		<height>100</height>
		<itemlayout height="100" width="100" />
		<focusedlayout height="100" width="100" />
	</include>
	<!-- Buttons -->
	<include name="ButtonTopbarCommonvalues">
		<height>60</height>
		<width>60</width>
		<align>center</align>
		<aligny>top</aligny>
		<textoffsety>3</textoffsety>
		<font>IconSmall</font>
		<textcolor>grey</textcolor>
		<focusedcolor>white</focusedcolor>
		<texturenofocus>-</texturenofocus>
		<shadowcolor>ff000000</shadowcolor>
		<alttexturenofocus>-</alttexturenofocus>
	</include>
	<include name="ButtonCommonValues">
		<width>400</width>
		<height>60</height>
		<textoffsetx>15</textoffsetx>
		<textcolor>grey</textcolor>
		<focusedcolor>white</focusedcolor>
		<textwidth>300</textwidth>
		<aligny>center</aligny>
		<font>font13</font>
		<radioposx>340</radioposx>
	</include>
	<include name="ButtonInfoDialogsCommonValues">
		<height>60</height>
		<width>254</width>
		<textoffsetx>0</textoffsetx>
		<align>center</align>
		<aligny>center</aligny>
		<font>font15</font>
		<textcolor>grey</textcolor>
		<focusedcolor>white</focusedcolor>
	</include>
	<!-- KeyBoard -->
	<include name="Objects_KeyOffVars">
		<textoffsety>32</textoffsety>
		<align>center</align>
		<aligny>center</aligny>
		<font>font15</font>
		<textcolor>grey2</textcolor>
		<focusedcolor>white</focusedcolor>
		<selectedcolor>grey2</selectedcolor>
	</include>
	<include name="Objects_DoubleKeyOff">
		<left>-123</left>
		<width>320</width>
		<height>80</height>
		<texturefocus border="4">button_middle_focus.png</texturefocus>
		<texturenofocus border="4">thumbs/panel_border.png</texturenofocus>
		<alttexturefocus border="4">button_middle_focus.png</alttexturefocus>
		<alttexturenofocus border="4">thumbs/panel_border.png</alttexturenofocus>
		<include>Objects_KeyOffVars</include>
	</include>
	<include name="Objects_SingleKeyOff">
		<width>80</width>
		<height>80</height>
		<texturefocus border="4">button_middle_focus.png</texturefocus>
		<texturenofocus border="4">thumbs/panel_border.png</texturenofocus>
		<include>Objects_KeyOffVars</include>
	</include>
	<include name="ColorKeyOffVars">
		<textoffsety>32</textoffsety>
		<align>center</align>
		<aligny>center</aligny>
		<font>font15</font>
		<textcolor>grey2</textcolor>
		<focusedcolor>white</focusedcolor>
		<selectedcolor>grey2</selectedcolor>
	</include>
	<include name="ColorDoubleKeyOff">
		<left>-123</left>
		<width>320</width>
		<height>80</height>
		<texturefocus border="4">button_middle_focus.png</texturefocus>
		<texturenofocus border="4">thumbs/panel_border.png</texturenofocus>
		<alttexturefocus border="4">button_middle_focus.png</alttexturefocus>
		<alttexturenofocus border="4">thumbs/panel_border.png</alttexturenofocus>
		<include>ColorKeyOffVars</include>
	</include>
	<include name="ColorButtons">
		<width>80</width>
		<height>80</height>
		<texturefocus border="4">button_middle_focus.png</texturefocus>
		<texturenofocus border="4">thumbs/panel_border.png</texturenofocus>
		<include>ColorKeyOffVars</include>
	</include>
	<include name="ShowCaseInfoPanelButtonsValues">
		<height>90</height>
		<width>501</width>
		<textoffsetx>15</textoffsetx>
		<aligny>top</aligny>
		<font>font14</font>
		<textcolor>white2</textcolor>
		<focusedcolor>white2</focusedcolor>
		<texturefocus border="1">separator5.png</texturefocus>
		<texturenofocus border="1">separator5.png</texturenofocus>
		<onclick>noop</onclick>
	</include>
	<include name="RighListButtonsValues">
		<height>90</height>
		<width>501</width>
		<textoffsetx>15</textoffsetx>
		<aligny>top</aligny>
		<font>font14</font>
		<textcolor>grey</textcolor>
		<focusedcolor>grey</focusedcolor>
		<texturefocus border="1">separator5.png</texturefocus>
		<texturenofocus border="1">separator5.png</texturenofocus>
		<onclick>noop</onclick>
	</include>
	<include name="SettingsPanelButtonsValues">
		<height>90</height>
		<width>1256</width>
		<textoffsetx>15</textoffsetx>
		<textoffsety>-4</textoffsety>
		<aligny>top</aligny>
		<font>font15</font>
		<textcolor>grey2</textcolor>
		<focusedcolor>grey2</focusedcolor>
		<texturefocus border="1">separator5.png</texturefocus>
		<texturenofocus border="1">separator5.png</texturenofocus>
		<onclick>noop</onclick>
	</include>
	<!-- Media Flags -->
	<include name="MediaFlagVars">
		<width>135</width>
		<height>90</height>
		<aspectratio>keep</aspectratio>
		<fadetime>250</fadetime>
		<colordiffuse>white</colordiffuse>
		<animation effect="fade" time="200">VisibleChange</animation>
	</include>
	<!-- TV Shows Next Aired script -->
	<include name="TVNextAiredListCommonLayout">
		<left>522</left>
		<top>32</top>
		<width>1316</width>
		<height>840</height>
		<onup>60</onup>
		<ondown>60</ondown>
		<onleft>9000</onleft>
		<orientation>horizontal</orientation>
		<scrolltime tween="quadratic">300</scrolltime>
		<pagecontrol>60</pagecontrol>
		<itemlayout height="840" width="435">
			<control type="image">
				<left>15</left>
				<top>20</top>
				<width>405</width>
				<height>237</height>
				<aspectratio aligny="top">keep</aspectratio>
				<texture background="true">$INFO[ListItem.Property(Art(clearlogo))]</texture>
			</control>
			<control type="textbox">
				<left>15</left>
				<top>250</top>
				<width>405</width>
				<height>130</height>
				<label>[COLOR labelheader]$LOCALIZE[31010]:[/COLOR][CR]$INFO[ListItem.Property(NextNumber),,. ]$INFO[ListItem.Property(NextTitle)]</label>
				<textcolor>grey2</textcolor>
				<font>font15</font>
				<autoscroll>false</autoscroll>
			</control>
			<control type="textbox">
				<left>15</left>
				<top>400</top>
				<width>405</width>
				<height>130</height>
				<label>[COLOR labelheader]$LOCALIZE[31011]:[/COLOR][CR]$INFO[ListItem.Property(LatestDate),[B], [/B]| ]$INFO[ListItem.Property(LatestTitle)]</label>
				<textcolor>grey2</textcolor>
				<font>font15</font>
				<autoscroll>false</autoscroll>
			</control>
			<control type="label">
				<description>Episode Number</description>
				<top>550</top>
				<width>435</width>
				<height>45</height>
				<label>$LOCALIZE[126]:</label>
				<textcolor>labelheader</textcolor>
				<textoffsetx>15</textoffsetx>
				<font>font15</font>
			</control>
			<control type="label">
				<description>Episode Number</description>
				<top>595</top>
				<width>435</width>
				<height>45</height>
				<label>$INFO[ListItem.Property(Status)]</label>
				<textcolor>grey2</textcolor>
				<textoffsetx>15</textoffsetx>
				<font>font15</font>
			</control>
			<control type="label">
				<description>Episode Number</description>
				<top>700</top>
				<width>435</width>
				<height>45</height>
				<label>$LOCALIZE[31012]:</label>
				<textcolor>labelheader</textcolor>
				<textoffsetx>15</textoffsetx>
				<font>font15</font>
			</control>
			<control type="label">
				<description>Episode Number</description>
				<top>745</top>
				<width>435</width>
				<height>45</height>
				<label>$INFO[ListItem.Property(ShortTime)]$INFO[ListItem.Property(Network), @ ]</label>
				<textcolor>grey2</textcolor>
				<textoffsetx>15</textoffsetx>
				<font>font15</font>
			</control>
		</itemlayout>
		<focusedlayout height="840" width="435">
			<control type="image">
				<width>435</width>
				<height>840</height>
				<texture border="4">listselect_fo.png</texture>
				<visible>ControlGroup(9001).HasFocus()</visible>
				<include>VisibleFadeEffect</include>
			</control>
			<control type="image">
				<left>15</left>
				<top>20</top>
				<width>405</width>
				<height>237</height>
				<aspectratio aligny="top">keep</aspectratio>
				<texture background="true">$INFO[ListItem.Property(Art(clearlogo))]</texture>
			</control>
			<control type="textbox">
				<left>15</left>
				<top>250</top>
				<width>405</width>
				<height>130</height>
				<label>$LOCALIZE[31010]:[CR]$INFO[ListItem.Property(NextNumber),,. ]$INFO[ListItem.Property(NextTitle)]</label>
				<font>font15</font>
				<autoscroll>false</autoscroll>
			</control>
			<control type="textbox">
				<left>15</left>
				<top>400</top>
				<width>405</width>
				<height>130</height>
				<label>$LOCALIZE[31011]:[CR]$INFO[ListItem.Property(LatestDate),[B], [/B]| ]$INFO[ListItem.Property(LatestTitle)]</label>
				<font>font15</font>
				<autoscroll>false</autoscroll>
			</control>
			<control type="label">
				<description>Episode Number</description>
				<top>550</top>
				<width>435</width>
				<height>45</height>
				<label>$LOCALIZE[126]:</label>
				<textoffsetx>15</textoffsetx>
				<font>font15</font>
			</control>
			<control type="label">
				<description>Episode Number</description>
				<top>595</top>
				<width>435</width>
				<height>45</height>
				<label>$INFO[ListItem.Property(Status)]</label>
				<textoffsetx>15</textoffsetx>
				<font>font15</font>
			</control>
			<control type="label">
				<description>Episode Number</description>
				<top>700</top>
				<width>435</width>
				<height>45</height>
				<label>$LOCALIZE[31012]:</label>
				<textoffsetx>15</textoffsetx>
				<font>font15</font>
			</control>
			<control type="label">
				<description>Episode Number</description>
				<top>745</top>
				<width>435</width>
				<height>45</height>
				<label>$INFO[ListItem.Property(ShortTime)]$INFO[ListItem.Property(Network), @ ]</label>
				<textoffsetx>15</textoffsetx>
				<font>font15</font>
			</control>
		</focusedlayout>
	</include>
</includes>