<?xml version="1.0" encoding="UTF-8"?>
<window>
	<defaultcontrol always="true">50</defaultcontrol>
	<allowoverlay>true</allowoverlay>
	<views>50,602,501,507,51,52,53,55,56,57,58,601,59,500,499,502,503,609,504,505,591,592,700,701</views>
	<onload>SetProperty(Window.HasSettings,True,home)</onload>
	<onload>ClearProperty(MediaMenu,Home)</onload>
	<onunload>ClearProperty(Window.HasSettings,Home)</onunload>
	<onload condition="System.HasAddon(script.tv.show.next.aired) + !Skin.HasSetting(Disable.NextAired)">RunScript(script.tv.show.next.aired,backend=True)</onload>
	<controls>
		<control type="fadelabel" id="4410">
			<width>11479</width>
			<height>118</height>
			<scrollspeed>20</scrollspeed>
			<scrollout>false</scrollout>
			<top>-10000</top>
			<pauseatend>7000</pauseatend>
			<font>font58</font>
			<textcolor>black</textcolor>
			<label>$INFO[ListItem.Art(extrafanart1)]</label>
			<label>$INFO[ListItem.Art(extrafanart2)]</label>
			<label>$INFO[ListItem.Art(extrafanart3)]</label>
			<label>$INFO[ListItem.Art(extrafanart4)]</label>
			<label>$INFO[ListItem.Art(extrafanart5)]</label>
			<label>$INFO[ListItem.Art(extrafanart6)]</label>
			<label>$INFO[ListItem.Art(extrafanart7)]</label>
			<label>$INFO[ListItem.Art(extrafanart8)]</label>
			<label>$INFO[ListItem.Art(extrafanart9)]</label>
			<label>$INFO[ListItem.Art(extrafanart10)]</label>
		</control>
		<control type="label" id="4420">
			<label>$VAR[VideoInfoPanelVar]</label>
			<include>HiddenObject</include>
			<visible>Control.IsVisible(52) | Control.IsVisible(53) | Control.IsVisible(57) | Control.IsVisible(601)</visible>
			<include condition="!IsEmpty(Skin.String(InfoPanel.Delay))">InfoPanelDelayAnimation</include>
		</control>
		<control type="label" id="4444">
			<label>ShowCase Open Case Movies</label>
			<include>HiddenObject</include>
			<include condition="!IsEmpty(Skin.String(Showcase.Delay))">ShowCaseDelayAnimation</include>
			<animation effect="fade" end="100" time="120" delay="1600">WindowOpen</animation>
			<animation effect="fade" end="100" time="120" delay="1600">Visible</animation>
			<visible>Control.IsVisible(53) + Skin.HasSetting(showcasemod) + !Container.Content(genres) + [Container.Content(movies) | Container.Content(sets)] + !ListItem.IsCollection</visible>
		</control>
		<control type="label" id="4445">
			<label>ShowCase Boxset Mod</label>
			<include>HiddenObject</include>
			<include condition="!IsEmpty(Skin.String(Showcase.Delay))">ShowCaseDelayAnimation</include>
			<animation effect="fade" end="100" time="120" delay="1600">WindowOpen</animation>
			<animation effect="fade" end="100" time="120" delay="1600">Visible</animation>
			<visible>[Control.IsVisible(53) + Skin.HasSetting(boxsetmod) + ListItem.IsCollection] + !Container.Content(genres)</visible>
		</control>
		<control type="label" id="4446">
			<label>ShowCase Open Case Sets</label>
			<include>HiddenObject</include>
			<include condition="!IsEmpty(Skin.String(Showcase.Delay))">ShowCaseDelayAnimation</include>
			<animation effect="fade" end="100" time="120" delay="1600">WindowOpen</animation>
			<animation effect="fade" end="100" time="120" delay="1600">Visible</animation>
			<visible>Control.IsVisible(53) + Skin.HasSetting(showcasemod) + !Skin.HasSetting(boxsetmod) + !Container.Content(genres) + [Container.Content(movies) | Container.Content(sets)] + ListItem.IsCollection</visible>
		</control>
		<control type="label" id="4447">
			<label>MyFlix Open Case Movies</label>
			<include>HiddenObject</include>
			<include condition="!IsEmpty(Skin.String(MyFlix.Delay))">MyFlixDelayAnimation</include>
			<animation effect="fade" end="100" time="120" delay="1600">WindowOpen</animation>
			<animation effect="fade" end="100" time="120" delay="1600">Visible</animation>
			<visible>Control.IsVisible(701) + !ListItem.IsCollection + Container.Content(movies)</visible>
		</control>
		<control type="label" id="4448">
			<label>MyFlix Open Case Sets</label>
			<include>HiddenObject</include>
			<include condition="!IsEmpty(Skin.String(MyFlix.Delay))">MyFlixDelayAnimation</include>
			<animation effect="fade" end="100" time="120" delay="1600">WindowOpen</animation>
			<animation effect="fade" end="100" time="120" delay="1600">Visible</animation>
			<visible>Control.IsVisible(701) + ListItem.IsCollection</visible>
		</control>
		<include>CommonBackground</include>
		<control type="fadelabel" id="4410">
			<top>-100</top>
			<width>2560</width>
			<height>100</height>
			<scrollspeed>20</scrollspeed>
			<scrollout>false</scrollout>
			<pauseatend>7000</pauseatend>
			<font>font10</font>
			<textcolor>white</textcolor>
			<label>$INFO[ListItem.Art(extrafanart1)]</label>
			<label>$INFO[ListItem.Art(extrafanart2)]</label>
			<label>$INFO[ListItem.Art(extrafanart3)]</label>
			<label>$INFO[ListItem.Art(extrafanart4)]</label>
			<label>$INFO[ListItem.Art(extrafanart5)]</label>
			<label>$INFO[ListItem.Art(extrafanart6)]</label>
			<label>$INFO[ListItem.Art(extrafanart7)]</label>
			<label>$INFO[ListItem.Art(extrafanart8)]</label>
			<label>$INFO[ListItem.Art(extrafanart9)]</label>
			<label>$INFO[ListItem.Art(extrafanart10)]</label>
		</control>
		<control type="group">
			<visible>Control.IsVisible(52) | Control.IsVisible(53) | Control.IsVisible(57) | Control.IsVisible(601)</visible>
			<top>-30</top>
			<include>ShowCaseInfoPanel</include>
		</control>
		<control type="group">
			<animation effect="slide" tween="cubic" time="720" start="0,1080" end="0,0">WindowOpen</animation>
			<animation effect="slide" tween="cubic" time="720" end="0,1080" start="0,0">WindowClose</animation>
			<include condition="!Skin.HasSetting(Enable.SlimList)">VideoList</include>
			<include condition="Skin.HasSetting(Enable.SlimList)">SlimVideoList</include>
			<!-- view id = 50 -->
			<include>VideoInfoWall</include>
			<!-- view id = 51 -->
			<include>View_52_Landscape</include>
			<!-- view id = 52 -->
			<include>View_53_ShowCase</include>
			<!-- view id = 53 -->
			<include>VideoTriPanel</include>
			<!-- view id = 55 -->
			<include>Video_56_Posters</include>
			<!-- view id = 56 -->
			<include>PosterShift</include>
			<!-- view id = 57 -->
			<include>BannerWall</include>
			<!-- view id = 58 -->
			<include>View_59_Logo</include>
			<!-- view id = 59 -->
			<include>Wall_Large</include>
			<!-- view id = 499 -->
			<include>VideoWall</include>
			<!-- view id = 500 -->
			<include>VideoLowList</include>
			<!-- view id = 501 -->
			<include>VideoEpisode</include>
			<!-- view id = 502 -->
			<include>View_503_Wall</include>
			<!-- view id = 503 -->
			<include>View_504_Gallery</include>
			<!-- view id = 504 -->
			<include>View_505_Panel</include>
			<!-- view id = 505 -->
			<include>View_507_BigList</include>
			<!-- view id = 507 -->
			<include>View_591_BigFan</include>
			<!-- view id = 591 -->
			<include>View_592_BigInfo</include>
			<!-- view id = 592 -->
			<include>BannerPlex</include>
			<!-- view id = 601 -->
			<include>VideoFanartList</include>
			<!-- view id = 602 -->
			<include>View_609_Fullscreen_Wall</include>
			<!-- view id = 609 -->
			<include>Video_RightList</include>
			<!-- view id = 700 -->
			<include>View_701_MyFlix</include>
			<!-- view id = 701 -->
		</control>
		<control type="group">
			<visible>Control.IsVisible(52) | Control.IsVisible(53) | Control.IsVisible(500) | Control.IsVisible(55) | Control.IsVisible(56) | Control.IsVisible(57) | Control.IsVisible(58) | Control.IsVisible(59) | Control.IsVisible(499) | Control.IsVisible(503) | Control.IsVisible(601)</visible>
			<visible>!Window.IsActive(addoninformation)</visible>
			<animation effect="slide" tween="cubic" time="720" start="0,806" end="0,0">VisibleChange</animation>
			<include>Window_OpenClose_Animation</include>
			<top>-30</top>
			<control type="group">
				<visible>Control.IsVisible(52) | Control.IsVisible(53) | Control.IsVisible(59) | Control.IsVisible(503)</visible>
				<control type="group">
					<control type="group">
						<visible>!Control.IsVisible(59)</visible>
						<visible>[Control.IsVisible(52) + [Container.Content(movies) | Container.Content(tvshows)] + [!Skin.HasSetting(Enable.Landscape.Logo) | IsEmpty(ListItem.Art(clearlogo))]] | [Control.IsVisible(52) + Container.Content(episodes) + Skin.HasSetting(Enable.Landscape.FloorInfo.episodes)] | [Control.IsVisible(53) + Container.Content(movies) + Skin.HasSetting(Enable.ShowCase.FloorInfo.movies) + [!Skin.HasSetting(Enable.ShowCase.Logo) | IsEmpty(ListItem.Art(clearlogo))]] | [Control.IsVisible(53) + Container.Content(tvshows) + Skin.HasSetting(Enable.ShowCase.FloorInfo.tvshows) + [!Skin.HasSetting(Enable.ShowCase.Logo) | IsEmpty(ListItem.Art(clearlogo))]] | [Control.IsVisible(53) + Container.Content(seasons) + Skin.HasSetting(Enable.ShowCase.FloorInfo.seasons)] | [Control.IsVisible(503) + Container.Content(movies) + Skin.HasSetting(Enable.Wall.FloorInfo.movies) + [!Skin.HasSetting(Enable.Wall.Logo) | IsEmpty(ListItem.Art(clearlogo))]] | [Control.IsVisible(503) + Container.Content(tvshows) + Skin.HasSetting(Enable.Wall.FloorInfo.tvshows) + !Skin.HasSetting(Enable.Wall.Logo)] | [Control.IsVisible(503) + Container.Content(season) + Skin.HasSetting(Enable.Wall.FloorInfo.seasons)]</visible>
						<animation effect="slide" start="0,0" end="0,37" time="0" tween="cubic" easing="inout" condition="IsEmpty(ListItem.Art(clearlogo)) + [Control.IsVisible(52) + Skin.HasSetting(Enable.Landscape.Logo)] | [Control.IsVisible(53) + Skin.HasSetting(Enable.ShowCase.Logo)] | [Control.IsVisible(503) + Skin.HasSetting(Enable.Wall.Logo)]">Conditional</animation>
						<control type="grouplist">
							<left>300</left>
							<top>980</top>
							<width>1320</width>
							<height>42</height>
							<align>center</align>
							<itemgap>18</itemgap>
							<orientation>horizontal</orientation>
							<visible>!ListItem.IsCollection</visible>
							<control type="label">
								<width>auto</width>
								<height>42</height>
								<aligny>top</aligny>
								<align>center</align>
								<font>font16_title_bold</font>
								<textcolor>white</textcolor>
								<scroll>true</scroll>
								<label>$VAR[FloorLabelVar]</label>
								<textoffsety>-2</textoffsety>
								<textoffsetx>0</textoffsetx>
							</control>
							<control type="image">
								<width>42</width>
								<height>46.5</height>
								<aspectratio>keep</aspectratio>
								<texture>$VAR[UnFocusHDIndicator]</texture>
								<visible>[!IsEmpty(ListItem.VideoResolution) + [Skin.HasSetting(noindicatorlandscape) + Control.IsVisible(52)] | [Skin.HasSetting(noindicatorshowcase) + Control.IsVisible(53)]]</visible>
							</control>
						</control>
					</control>
					<control type="label">
						<left>300</left>
						<top>1020</top>
						<width>1320</width>
						<height>42</height>
						<align>center</align>
						<font>font16_title_bold</font>
						<textcolor>white</textcolor>
						<scroll>true</scroll>
						<label>$VAR[FloorLabelVar]</label>
						<textoffsety>-2</textoffsety>
						<textoffsetx>0</textoffsetx>
						<visible>[Control.IsVisible(52) + ListItem.IsCollection + [!Skin.HasSetting(Enable.Landscape.Logo) | IsEmpty(ListItem.Art(clearlogo))]] | [Control.IsVisible(53) + ListItem.IsCollection + [!Skin.HasSetting(Enable.ShowCase.Logo) | IsEmpty(ListItem.Art(clearlogo))]] | [Control.IsVisible(503) + ListItem.IsCollection + Skin.HasSetting(Enable.Wall.FloorInfo.movies) + [!Skin.HasSetting(Enable.Wall.Logo) | IsEmpty(ListItem.Art(clearlogo))]]</visible>
					</control>
					<control type="group">
						<left>300</left>
						<top>1000</top>
						<visible>[Control.IsVisible(52) + [Container.Content(movies) | Container.Content(tvshows)] + [!Skin.HasSetting(Enable.Landscape.Logo)]] | [Control.IsVisible(52) + Container.Content(episodes) + Skin.HasSetting(Enable.Landscape.FloorInfo.episodes)] | [Control.IsVisible(53) + Container.Content(movies) + Skin.HasSetting(Enable.ShowCase.FloorInfo.movies) + [!Skin.HasSetting(Enable.ShowCase.Logo)]] | [Control.IsVisible(53) + Container.Content(tvshows) + Skin.HasSetting(Enable.ShowCase.FloorInfo.tvshows) + [!Skin.HasSetting(Enable.ShowCase.Logo)]] | [Control.IsVisible(53) + Container.Content(seasons) + Skin.HasSetting(Enable.ShowCase.FloorInfo.seasons)] | [Control.IsVisible(503) + Container.Content(movies) + Skin.HasSetting(Enable.Wall.FloorInfo.movies) + [!Skin.HasSetting(Enable.Wall.Logo)]] | [Control.IsVisible(503) + Container.Content(tvshows) + Skin.HasSetting(Enable.Wall.FloorInfo.tvshows) + !Skin.HasSetting(Enable.Wall.Logo)] | [Control.IsVisible(503) + Container.Content(season) + Skin.HasSetting(Enable.Wall.FloorInfo.seasons)]</visible>
						<visible>!Control.IsVisible(59)</visible>
						<control type="label">
							<left>185</left>
							<top>30</top>
							<width>950</width>
							<height>30</height>
							<align>center</align>
							<font>font13_bold</font>
							<textcolor>white</textcolor>
							<label>$VAR[FloorSubLabelVar]</label>
							<textoffsetx>30</textoffsetx>
							<visible>Container.Content(tvshows) | Container.Content(seasons) | Container.Content(episodes) | [Container.Content(movies) + !ListItem.IsCollection]</visible>
							<!-- <animation effect="slide" start="0,0" end="0,15" time="0" tween="cubic" easing="inout" condition="[Control.IsVisible(53) + [Container.Content(movies) + !Skin.HasSetting(Enable.Showcase.MovieGenre)]] | [Control.IsVisible(53) + [Container.Content(tvshows) + !Skin.HasSetting(Enable.Showcase.TVShowGenre)]] | [Control.IsVisible(52) + [Container.Content(movies) + !Skin.HasSetting(Enable.Landscape.MovieGenre)]] | [Control.IsVisible(52) + [Container.Content(tvshows) + !Skin.HasSetting(Enable.Landscape.TVShowGenre)]] | [Control.IsVisible(503) + [Container.Content(movies) + !Skin.HasSetting(Enable.Wall.MovieGenre)]] | [Control.IsVisible(503) + [Container.Content(tvshows) + !Skin.HasSetting(Enable.Wall.TVShowGenre)]] | [Control.IsVisible(53) + Container.Content(seasons) + !Skin.HasSetting(Enable.Showcase.SeasonGenre)] | [Control.IsVisible(52) + Container.Content(seasons) + !Skin.HasSetting(Enable.Landscape.SeasonGenre)] | [Control.IsVisible(503) + Container.Content(seasons) + !Skin.HasSetting(Enable.Wall.SeasonGenre)]">Conditional</animation> -->
						</control>
						<control type="label">
							<left>185</left>
							<top>70</top>
							<width>950</width>
							<height>30</height>
							<align>center</align>
							<font>font13_bold</font>
							<textcolor>white</textcolor>
							<label>$INFO[ListItem.Genre]</label>
							<textoffsetx>30</textoffsetx>
							<visible>[Control.IsVisible(53) + [Container.Content(movies) + Skin.HasSetting(Enable.Showcase.MovieGenre)]] | [Control.IsVisible(53) + [Container.Content(tvshows) + Skin.HasSetting(Enable.Showcase.TVShowGenre)]] | [Control.IsVisible(52) + [Container.Content(movies) + Skin.HasSetting(Enable.Landscape.MovieGenre)]] | [Control.IsVisible(52) + [Container.Content(tvshows) + Skin.HasSetting(Enable.Landscape.TVShowGenre)]] | [Control.IsVisible(503) + [Container.Content(movies) + Skin.HasSetting(Enable.Wall.MovieGenre)]] | [Control.IsVisible(503) + [Container.Content(tvshows) + Skin.HasSetting(Enable.Wall.TVShowGenre)]] | [Control.IsVisible(53) + Container.Content(seasons) + Skin.HasSetting(Enable.Showcase.SeasonGenre)] | [Control.IsVisible(52) + Container.Content(seasons) + Skin.HasSetting(Enable.Landscape.SeasonGenre)] | [Control.IsVisible(503) + Container.Content(seasons) + Skin.HasSetting(Enable.Wall.SeasonGenre)]</visible>
							<animation effect="fade" start="0" end="100" time="320">VisibleChange</animation>
						</control>
						<!-- Next Episode -->
						<control type="label">
							<top>70</top>
							<left>0</left>
							<width>1320</width>
							<height>30</height>
							<align>center</align>
							<font>font13_bold</font>
							<textcolor>white</textcolor>
							<label>$LOCALIZE[31010]: $INFO[Window(Home).Property(NextAired.NextNumber)] - $INFO[Window(Home).Property(NextAired.NextTitle)] ($INFO[Window(Home).Property(NextAired.NextDay)])</label>
							<visible>!IsEmpty(Window(Home).Property(NextAired.NextDate))</visible>
							<visible>[Control.IsVisible(53) + [Container.Content(tvshows) + !Skin.HasSetting(Enable.Showcase.TVShowGenre)]] | [Control.IsVisible(52) + [Container.Content(tvshows) + !Skin.HasSetting(Enable.Landscape.TVShowGenre)]] | [Control.IsVisible(52) + Container.Content(episodes) + Skin.HasSetting(Enable.Landscape.FloorInfo.episodes)] | [Control.IsVisible(503) + [Container.Content(tvshows) + !Skin.HasSetting(Enable.Wall.TVShowGenre)]] | [Control.IsVisible(53) + Container.Content(seasons) + !Skin.HasSetting(Enable.Showcase.SeasonGenre)] | [Control.IsVisible(52) + Container.Content(seasons) + !Skin.HasSetting(Enable.Landscape.SeasonGenre)] | [Control.IsVisible(503) + Container.Content(seasons) + !Skin.HasSetting(Enable.Wall.SeasonGenre)]</visible>
							<animation effect="fade" start="0" end="100" time="820">VisibleChange</animation>
						</control>
						<!-- Next Aired Status -->
						<control type="label">
							<top>70</top>
							<left>0</left>
							<width>1320</width>
							<height>30</height>
							<align>center</align>
							<font>font13_bold</font>
							<textcolor>white</textcolor>
							<label>$INFO[Window(Home).Property(NextAired.Status)]</label>
							<visible>[IsEmpty(Window(Home).Property(NextAired.NextDate)) + !IsEmpty(Window(Home).Property(NextAired.Status))]</visible>
							<visible>[Control.IsVisible(53) + [Container.Content(tvshows) + !Skin.HasSetting(Enable.Showcase.TVShowGenre)]] | [Control.IsVisible(52) + [Container.Content(tvshows) + !Skin.HasSetting(Enable.Landscape.TVShowGenre)]] | [Control.IsVisible(52) + Container.Content(episodes) + Skin.HasSetting(Enable.Landscape.FloorInfo.episodes)] | [Control.IsVisible(503) + [Container.Content(tvshows) + !Skin.HasSetting(Enable.Wall.TVShowGenre)]] | [Control.IsVisible(53) + Container.Content(seasons) + !Skin.HasSetting(Enable.Showcase.SeasonGenre)] | [Control.IsVisible(52) + Container.Content(seasons) + !Skin.HasSetting(Enable.Landscape.SeasonGenre)] | [Control.IsVisible(503) + Container.Content(seasons) + !Skin.HasSetting(Enable.Wall.SeasonGenre)]</visible>
							<animation effect="fade" start="0" end="100" time="820">VisibleChange</animation>
						</control>
					</control>
				</control>
				<control type="group">
					<left>0</left>
					<top>1020</top>
					<width>FullScreenWidth</width>
					<align>center</align>
					<visible>[Control.IsVisible(52) + Container.Content(movies) + !IsEmpty(Skin.String(52.Movies.MediaflagsLayout))] | [Control.IsVisible(52) + Container.Content(tvshows) + !IsEmpty(Skin.String(52.TV.MediaflagsLayout))] | [Control.IsVisible(52) + Container.Content(episodes) + !IsEmpty(Skin.String(52.Episodes.MediaflagsLayout))] | [Control.IsVisible(53) + Container.Content(movies) + !IsEmpty(Skin.String(53.Movies.MediaflagsLayout))] | [Control.IsVisible(53) + Container.Content(tvshows) + !IsEmpty(Skin.String(53.TV.MediaflagsLayout))] | [Control.IsVisible(53) + Container.Content(seasons) + !IsEmpty(Skin.String(53.Seasons.MediaflagsLayout))] | [Control.IsVisible(59) + Container.Content(movies) + !IsEmpty(Skin.String(59.Movies.MediaflagsLayout))] | [Control.IsVisible(59) + Container.Content(tvshows) + !IsEmpty(Skin.String(59.TV.MediaflagsLayout))] | [Control.IsVisible(503) + Container.Content(movies) + !IsEmpty(Skin.String(503.Movies.MediaflagsLayout))] | [Control.IsVisible(503) + Container.Content(tvshows) + !IsEmpty(Skin.String(503.TV.MediaflagsLayout))] | [Control.IsVisible(503) + Container.Content(seasons) + !IsEmpty(Skin.String(503.Seasons.MediaflagsLayout))]</visible>
					<control type="group">
						<left>65</left>
						<control type="image" id="900011">
							<include>MediaFlagVars</include>
							<bordersize>2</bordersize>
							<texture>$VAR[PathFlagsStudios]</texture>
						</control>
						<control type="label">
							<left>-10</left>
							<width>155</width>
							<height>90</height>
							<align>center</align>
							<label>$INFO[ListItem.Studio]</label>
							<font>font10</font>
							<textcolor>white</textcolor>
							<wrapmultiline>true</wrapmultiline>
							<visible>IsEmpty(Control.GetLabel(900011))</visible>
						</control>
						<control type="image">
							<left>1655</left>
							<colordiffuse>white</colordiffuse>
							<include>MediaFlagVars</include>
							<texture fallback="flags/mpaa/NR.png">$VAR[RatingFlagVar]</texture>
							<visible>!IsEmpty(ListItem.Title) + !ListItem.IsCollection + !Skin.HasSetting(coloredflags)</visible>
						</control>
						<control type="image">
							<left>1655</left>
							<top>8</top>
							<width>120</width>
							<height>70</height>
							<colordiffuse>white</colordiffuse>
							<include>MediaFlagVars</include>
							<texture fallback="flags/mpaa/NR.png">$VAR[ColoredRatingFlagVar]</texture>
							<visible>!IsEmpty(ListItem.Title) + !ListItem.IsCollection + Skin.HasSetting(coloredflags)</visible>
						</control>
					</control>
					<control type="grouplist">
						<left>45</left>
						<orientation>horizontal</orientation>
						<visible>[Control.IsVisible(52) + !StringCompare(Skin.String(52.Movies.MediaflagsLayout),$LOCALIZE[571]) + Container.Content(movies)] | [Control.IsVisible(52) + !StringCompare(Skin.String(52.Episodes.MediaflagsLayout),$LOCALIZE[571]) + Container.Content(episodes)] | [Control.IsVisible(53) + !StringCompare(Skin.String(53.Movies.MediaflagsLayout),$LOCALIZE[571]) + Container.Content(movies)] | [Control.IsVisible(59) + !StringCompare(Skin.String(59.Movies.MediaflagsLayout),$LOCALIZE[571]) + Container.Content(movies)] | [Control.IsVisible(503) + !StringCompare(Skin.String(503.Movies.MediaflagsLayout),$LOCALIZE[571]) + Container.Content(movies)]</visible>
						<control type="label">
							<width>158</width>
							<include>HiddenObject</include>
						</control>
						<control type="image">
							<width>158</width>
							<colordiffuse>grey</colordiffuse>
							<bordersize>2</bordersize>
							<texture>$VAR[PathFlagsResolution]</texture>
							<include>MediaFlagVars</include>
						</control>
						<control type="image">
							<width>158</width>
							<colordiffuse>grey</colordiffuse>
							<bordersize>2</bordersize>
							<texture>$VAR[SourceFlagVar,flags/video/,.png]</texture>
							<visible>!Skin.HasSetting(coloredflags)</visible>
							<include>MediaFlagVars</include>
						</control>
						<control type="image">
							<width>158</width>
							<colordiffuse>grey</colordiffuse>
							<bordersize>2</bordersize>
							<texture>$VAR[SourceFlagVar,flags/colored/source/,.png]</texture>
							<visible>Skin.HasSetting(coloredflags)</visible>
							<include>MediaFlagVars</include>
						</control>
						<control type="label">
							<width>880</width>
							<include>HiddenObject</include>
						</control>
						<control type="image">
							<width>158</width>
							<include>MediaFlagVars</include>
							<texture>$VAR[PathFlagsAudio]</texture>
						</control>
						<control type="image">
							<width>158</width>
							<colordiffuse>grey2</colordiffuse>
							<include>MediaFlagVars</include>
							<texture>$VAR[PathFlagsAudioChannels]</texture>
						</control>
					</control>
				</control>
				<control type="group">
					<left>0</left>
					<top>1010</top>
					<width>FullScreenWidth</width>
					<align>center</align>
					<visible>Container.Content(musicvideos)</visible>
					<control type="image">
						<left>120</left>
						<colordiffuse>white</colordiffuse>
						<include>MediaFlagVars</include>
						<texture>$INFO[ListItem.AudioCodec,flags/audio/,.png]</texture>
					</control>
					<control type="image">
						<left>1675</left>
						<colordiffuse>white</colordiffuse>
						<include>MediaFlagVars</include>
						<texture>$VAR[SourceFlagVar,flags/video/,.png]</texture>
						<visible>!IsEmpty(ListItem.VideoCodec)</visible>
					</control>
				</control>
			</control>
			<control type="group">
				<visible>Control.IsVisible(499) | Control.IsVisible(500) | Control.IsVisible(55) | Control.IsVisible(56) | Control.IsVisible(57) | Control.IsVisible(601)</visible>
				<animation effect="slide" start="0" end="40" time="720" tween="cubic" easing="inout" condition="Control.IsVisible(57)">Conditional</animation>
				<animation effect="slide" start="0" end="60" time="720" tween="cubic" easing="inout" condition="Control.IsVisible(55)">Conditional</animation>
				<animation effect="slide" start="0,0" end="80,15" time="720" tween="cubic" easing="inout" condition="Control.IsVisible(56)">Conditional</animation>
				<animation effect="slide" tween="cubic" time="720" start="0,806" end="0,0">VisibleChange</animation>
				<visible>[Container.Content(movies) | Container.Content(tvshows) | Container.Content(episodes) | Container.Content(seasons) | Container.Content(sets) | Container.Content(addons)]</visible>
				<control type="group">
					<left>90</left>
					<top>1010</top>
					<visible>![Control.IsVisible(56) | Control.IsVisible(55)]</visible>
					<include>VisibleFadeEffect</include>
					<!-- Shift IMDb Logo + Oscar -->
					<control type="grouplist">
						<left>1535</left>
						<top>-915</top>
						<itemgap>0</itemgap>
						<orientation>vertical</orientation>
						<visible>Control.IsVisible(57)</visible>
						<control type="image">
							<visible>!IsEmpty(ListItem.Top250) + Skin.HasSetting(Enable.Shift.IMDb)</visible>
							<width>125</width>
							<height>65</height>
							<align>center</align>
							<aspectratio>scale</aspectratio>
							<texture background="true">IMDb.png</texture>
						</control>
						<control type="Label">
							<visible>!IsEmpty(ListItem.Top250) + Skin.HasSetting(Enable.Shift.IMDb)</visible>
							<width>125</width>
							<height>100</height>
							<align>center</align>
							<label>$INFO[ListItem.Top250,#]</label>
							<font>font16_title_bold</font>
							<shadowcolor>shadow</shadowcolor>
							<textcolor>fffeec900</textcolor>
						</control>
						<control type="image">
							<width>125</width>
							<height>175</height>
							<align>center</align>
							<aspectratio>keep</aspectratio>
							<texture background="true">oscars.png</texture>
							<visible>Skin.HasSetting(Enable.Shift.Oscar) + [SubString(ListItem.FileName,.oscars) | StringCompare(Container.FolderPath,special://profile/playlists/video/BestPicture.xsp)]</visible>
						</control>
					</control>
					<control type="label">
						<left>0</left>
						<top>-10</top>
						<width>1000</width>
						<height>42</height>
						<aligny>top</aligny>
						<align>left</align>
						<font>font16_title_bold</font>
						<textcolor>white</textcolor>
						<scroll>true</scroll>
						<label>$INFO[ListItem.Label]</label>
						<textoffsety>-2</textoffsety>
						<textoffsetx>30</textoffsetx>
						<visible>!Container.Content(sets)</visible>
					</control>
					<control type="label">
						<left>0</left>
						<top>35</top>
						<width>1100</width>
						<height>30</height>
						<align>left</align>
						<font>font13_bold</font>
						<textcolor>white</textcolor>
						<label>$VAR[FloorSubLabelVar]</label>
						<textoffsetx>30</textoffsetx>
						<visible>!ListItem.IsCollection</visible>
					</control>
					<!-- Next Episode -->
					<control type="label">
						<left>31</left>
						<top>70</top>
						<width>1220</width>
						<height>30</height>
						<align>left</align>
						<font>font13_bold</font>
						<textcolor>white</textcolor>
						<label>$LOCALIZE[31010]: $INFO[Window(Home).Property(NextAired.NextNumber)] - $INFO[Window(Home).Property(NextAired.NextTitle)] ($INFO[Window(Home).Property(NextAired.NextDay)])</label>
						<visible>!IsEmpty(Window(Home).Property(NextAired.NextDate))</visible>
					</control>
					<!-- Next Aired Status -->
					<control type="label">
						<left>31</left>
						<top>70</top>
						<width>1220</width>
						<height>30</height>
						<align>left</align>
						<font>font13_bold</font>
						<textcolor>white</textcolor>
						<label>$INFO[Window(Home).Property(NextAired.Status)]</label>
						<visible>IsEmpty(Window(Home).Property(NextAired.NextDate)) + !IsEmpty(Window(Home).Property(NextAired.Status))</visible>
					</control>
				</control>
				<control type="group">
					<left>1444</left>
					<top>1000</top>
					<width>1840</width>
					<height>90</height>
					<include>VisibleFadeEffect</include>
					<visible>Container.Content(tvshows) | Container.Content(seasons)</visible>
					<control type="group">
						<control type="image">
							<left>32</left>
							<width>198</width>
							<include>MediaFlagVars</include>
							<bordersize>2</bordersize>
							<texture>$VAR[PathFlagsStudios]</texture>
						</control>
						<control type="image">
							<left>230</left>
							<include>MediaFlagVars</include>
							<texture fallback="flags/mpaa/NR.png">$VAR[RatingFlagVar]</texture>
							<visible>!IsEmpty(ListItem.Title) + !Skin.HasSetting(coloredflags)</visible>
						</control>
						<control type="image">
							<left>230</left>
							<include>MediaFlagVars</include>
							<aspectratio scalediffuse="false">center</aspectratio>
							<texture fallback="flags/mpaa/NR.png">$VAR[ColoredRatingFlagVar]</texture>
							<visible>!IsEmpty(ListItem.Title) + Skin.HasSetting(coloredflags)</visible>
						</control>
					</control>
				</control>
				<control type="grouplist">
					<left>800</left>
					<top>1000</top>
					<width>1000</width>
					<height>90</height>
					<align>right</align>
					<orientation>horizontal</orientation>
					<visible>![Container.Content(tvshows) | Container.Content(seasons) | Control.IsVisible(55)]</visible>
					<control type="image">
						<width>168</width>
						<include>MediaFlagVars</include>
						<texture>$VAR[PathFlagsResolution]</texture>
						<visible>!IsEmpty(ListItem.VideoResolution)</visible>
					</control>
					<control type="image">
						<width>168</width>
						<include>MediaFlagVars</include>
						<texture>$VAR[SourceFlagVar,flags/video/,.png]</texture>
						<visible>!IsEmpty(ListItem.VideoCodec) + !Skin.HasSetting(coloredflags)</visible>
					</control>
					<control type="image">
						<width>168</width>
						<include>MediaFlagVars</include>
						<texture>$VAR[SourceFlagVar,flags/colored/source/,.png]</texture>
						<visible>!IsEmpty(ListItem.VideoCodec) + Skin.HasSetting(coloredflags)</visible>
					</control>
					<control type="image">
						<width>168</width>
						<include>MediaFlagVars</include>
						<texture>$VAR[PathFlagsAudio]</texture>
						<visible>!IsEmpty(ListItem.AudioCodec)</visible>
					</control>
					<control type="image">
						<width>168</width>
						<include>MediaFlagVars</include>
						<texture>$VAR[PathFlagsAudioChannels]</texture>
						<visible>!IsEmpty(ListItem.AudioChannels)</visible>
					</control>
				</control>
				<control type="grouplist">
					<left>825</left>
					<top>1000</top>
					<width>1000</width>
					<height>90</height>
					<orientation>horizontal</orientation>
					<align>right</align>
					<visible>![Container.Content(tvshows) | Container.Content(seasons)] + Control.IsVisible(55)</visible>
					<control type="image">
						<width>168</width>
						<include>MediaFlagVars</include>
						<texture>$VAR[PathFlagsResolution]</texture>
						<visible>!IsEmpty(ListItem.VideoResolution)</visible>
					</control>
					<control type="image">
						<width>168</width>
						<include>MediaFlagVars</include>
						<texture>$VAR[SourceFlagVar,flags/video/,.png]</texture>
						<visible>!IsEmpty(ListItem.VideoCodec) + !Skin.HasSetting(coloredflags)</visible>
					</control>
					<control type="image">
						<width>168</width>
						<include>MediaFlagVars</include>
						<texture>$VAR[SourceFlagVar,flags/colored/source/,.png]</texture>
						<visible>!IsEmpty(ListItem.VideoCodec) + Skin.HasSetting(coloredflags)</visible>
					</control>
					<control type="image">
						<width>168</width>
						<include>MediaFlagVars</include>
						<texture>$VAR[PathFlagsAudio]</texture>
						<visible>!IsEmpty(ListItem.AudioCodec)</visible>
					</control>
					<control type="image">
						<width>168</width>
						<include>MediaFlagVars</include>
						<texture>$VAR[PathFlagsAudioChannels]</texture>
						<visible>!IsEmpty(ListItem.AudioChannels)</visible>
					</control>
				</control>
			</control>
			<control type="image">
				<left>0</left>
				<top>990</top>
				<width>FullScreenWidth</width>
				<height>140</height>
				<texture border="1">gradient_floor.png</texture>
				<animation effect="slide" start="0,0" end="0,15" time="720" tween="cubic" easing="inout" condition="Control.IsVisible(56)">Conditional</animation>
			</control>
			<control type="image">
				<left>785</left>
				<top>985</top>
				<width>350</width>
				<height>115</height>
				<texture background="true">$INFO[ListItem.Art(clearlogo)]</texture>
				<visible>[Control.IsVisible(52) + Skin.HasSetting(Enable.Landscape.Logo)] | [Control.IsVisible(53) + Skin.HasSetting(Enable.ShowCase.Logo)] | [Control.IsVisible(503) + Skin.HasSetting(Enable.Wall.Logo)]</visible>
				<animation effect="slide" start="0,0" end="0,15" time="720" tween="cubic" easing="inout" condition="Control.IsVisible(52)">Conditional</animation>
			</control>
		</control>
		<control type="group">
			<visible>Control.IsVisible(59)</visible>
			<include>Window_OpenClose_Animation</include>
			<animation effect="slide" tween="cubic" time="720" start="0,806" end="0,0">VisibleChange</animation>
			<!-- IMDb Logo + Oscars Statue -->
			<control type="grouplist">
				<left>1665</left>
				<top>65</top>
				<itemgap>0</itemgap>
				<orientation>vertical</orientation>
				<control type="image">
					<visible>!IsEmpty(ListItem.Top250) + Skin.HasSetting(imdblogo)</visible>
					<width>125</width>
					<height>65</height>
					<align>center</align>
					<aspectratio>scale</aspectratio>
					<texture background="true">IMDb.png</texture>
				</control>
				<control type="Label">
					<visible>!IsEmpty(ListItem.Top250) + Skin.HasSetting(imdblogo)</visible>
					<width>125</width>
					<height>100</height>
					<align>center</align>
					<label>$INFO[ListItem.Top250,#]</label>
					<font>font16_title_bold</font>
					<shadowcolor>shadow</shadowcolor>
					<textcolor>fffeec900</textcolor>
				</control>
				<control type="image">
					<width>125</width>
					<height>175</height>
					<align>center</align>
					<aspectratio>keep</aspectratio>
					<texture background="true">oscars.png</texture>
					<visible>Skin.HasSetting(oscarlogo) + [SubString(ListItem.FileName,.oscars) | StringCompare(Container.FolderPath,special://profile/playlists/video/BestPicture.xsp)]</visible>
				</control>
			</control>
			<!-- Extended Info -->
			<control type="group">
				<visible>[Container.Content(tvshows) + Skin.HasSetting(noextendedinfotvshows)] | [Container.Content(movies) + Skin.HasSetting(noextendedinfomovies)]</visible>
				<top>850</top>
				<!-- Top250 Label -->
				<control type="label">
					<left>827</left>
					<width>250</width>
					<align>center</align>
					<label>Top 250 # $INFO[ListItem.Top250]</label>
					<font>font13</font>
					<textcolor>grey2</textcolor>
					<visible>!IsEmpty(ListItem.Top250) + !Skin.HasSetting(imdblogo)</visible>
				</control>
				<!-- Tagline -->
				<control type="label">
					<left>535</left>
					<top>75</top>
					<width>850</width>
					<label>$INFO[ListItem.Tagline]</label>
					<align>center</align>
					<font>font14_bold</font>
					<scroll>true</scroll>
					<textcolor>grey2</textcolor>
					<scrollspeed>40</scrollspeed>
					<visible>!IsEmpty(ListItem.Tagline)</visible>
				</control>
				<!-- Year • Rating • Duration -->
				<control type="label">
					<left>450</left>
					<top>150</top>
					<width>1020</width>
					<align>center</align>
					<label>$VAR[FloorSubLabelVar]</label>
					<font>font13_bold</font>
					<textcolor>grey2</textcolor>
					<visible>!ListItem.IsCollection + [Container.Content(movies) + !IsEmpty(ListItem.Title)]</visible>
				</control>
				<!-- Extended Info TV -->
				<!-- TV Show Next Aired -->
				<!-- Next Episode -->
				<control type="label">
					<left>350</left>
					<width>1220</width>
					<align>center</align>
					<font>font13</font>
					<textcolor>grey2</textcolor>
					<label>$LOCALIZE[31010]: $INFO[Window(Home).Property(NextAired.NextNumber)] - $INFO[Window(Home).Property(NextAired.NextTitle)] ($INFO[Window(Home).Property(NextAired.NextDay)])</label>
					<visible>!IsEmpty(Window(Home).Property(NextAired.NextDate))</visible>
				</control>
				<!-- Show Status -->
				<control type="label">
					<left>350</left>
					<width>1220</width>
					<align>center</align>
					<font>font13</font>
					<textcolor>grey2</textcolor>
					<label>$INFO[Window(Home).Property(NextAired.Status)]</label>
					<visible>IsEmpty(Window(Home).Property(NextAired.NextDate)) + !IsEmpty(Window(Home).Property(NextAired.Status))</visible>
				</control>
				<!-- TV Total Episodes + Unwatched Episodes -->
				<control type="label">
					<left>400</left>
					<top>75</top>
					<width>1120</width>
					<align>center</align>
					<label>$LOCALIZE[20360]: $INFO[ListItem.Property(TotalEpisodes)] $INFO[ListItem.Property(UnWatchedEpisodes), ($LOCALIZE[16101]: ,)]</label>
					<font>font14_bold</font>
					<textcolor>grey2</textcolor>
					<visible>Container.Content(tvshows) + !IsEmpty(ListItem.Title)</visible>
				</control>
				<!-- Rating and Votes -->
				<control type="label">
					<left>460</left>
					<top>150</top>
					<width>1000</width>
					<align>center</align>
					<label>$INFO[ListItem.RatingAndVotes]</label>
					<font>font13_bold</font>
					<textcolor>grey2</textcolor>
					<visible>Container.Content(tvshows) + !IsEmpty(ListItem.RatingAndVotes)</visible>
				</control>
			</control>
			<!-- Movie Set Title List -->
			<control type="textbox">
				<label>[B]$INFO[Window(home).Property(Set.Movies.Title)][/B]</label>
				<align>center</align>
				<left>160</left>
				<top>950</top>
				<width>1600</width>
				<height>130</height>
				<font>font14_textbox2</font>
				<textcolor>grey2</textcolor>
				<autoscroll time="2500" delay="2500" repeat="3000">true</autoscroll>
				<visible>ListItem.IsCollection + Skin.HasSetting(Enable.Logo.MovieSetList)</visible>
			</control>
		</control>
		<control type="group">
			<visible>!Window.IsActive(addoninformation)</visible>
			<include>Window_OpenClose_Animation</include>
			<control type="group">
				<left>550</left>
				<top>980</top>
				<width>1840</width>
				<height>90</height>
				<visible>[Container.Content(movies) | Container.Content(episodes)] + !ListItem.IsCollection</visible>
				<visible>[Control.IsVisible(700) + !Skin.HasSetting(Disable.RightList.Mediaflags)] | [Control.IsVisible(591)] | [Control.IsVisible(701) + !Skin.HasSetting(Disable.MyFlix.Mediaflags)]</visible>
				<animation effect="slide" tween="cubic" time="720" start="0,806" end="0,0">VisibleChange</animation>
				<animation effect="slide" end="-500,10" time="320" tween="cubic" easing="inout" condition="Control.IsVisible(701) + [Container.Content(movies) | Container.Content(episodes)]">Conditional</animation>
				<control type="image" id="900017">
					<left>0</left>
					<top>2</top>
					<colordiffuse>grey</colordiffuse>
					<include>MediaFlagVars</include>
					<texture>$VAR[PathFlagsStudios]</texture>
					<visible>!IsEmpty(ListItem.Studio)</visible>
				</control>
				<control type="label">
					<width>155</width>
					<height>90</height>
					<align>center</align>
					<label>$INFO[ListItem.Studio]</label>
					<font>font10</font>
					<textcolor>grey</textcolor>
					<wrapmultiline>true</wrapmultiline>
					<visible>IsEmpty(Control.GetLabel(900017))</visible>
				</control>
				<control type="image">
					<top>12</top>
					<left>200</left>
					<width>120</width>
					<height>70</height>
					<texture fallback="flags/colored/rating/NR.png">$VAR[ColoredRatingFlagVar]</texture>
					<colordiffuse>grey</colordiffuse>
					<include>MediaFlagVars</include>
					<visible>Skin.HasSetting(coloredflags) + !IsEmpty(ListItem.Title)</visible>
				</control>
				<control type="image">
					<left>165</left>
					<width>200</width>
					<colordiffuse>grey</colordiffuse>
					<include>MediaFlagVars</include>
					<texture fallback="flags/mpaa/NR.png">$VAR[RatingFlagVar]</texture>
					<visible>!Skin.HasSetting(coloredflags)	 + !IsEmpty(ListItem.Title)</visible>
				</control>
				<control type="image">
					<left>400</left>
					<colordiffuse>grey</colordiffuse>
					<include>MediaFlagVars</include>
					<texture>$VAR[PathFlagsResolution]</texture>
					<visible>!IsEmpty(ListItem.VideoResolution)</visible>
					<include>VisibleFadeEffect</include>
				</control>
				<control type="image">
					<left>600</left>
					<colordiffuse>grey</colordiffuse>
					<include>MediaFlagVars</include>
					<texture>$VAR[SourceFlagVar,flags/colored/source/,.png]</texture>
					<visible>Skin.HasSetting(coloredflags) + !IsEmpty(ListItem.VideoCodec)</visible>
				</control>
				<control type="image">
					<left>600</left>
					<colordiffuse>grey</colordiffuse>
					<include>MediaFlagVars</include>
					<texture>$VAR[SourceFlagVar,flags/video/,.png]</texture>
					<visible>!Skin.HasSetting(coloredflags) + !IsEmpty(ListItem.VideoCodec)</visible>
				</control>
				<control type="image">
					<left>800</left>
					<colordiffuse>grey</colordiffuse>
					<include>MediaFlagVars</include>
					<texture>$VAR[PathFlagsAspect]</texture>
				</control>
				<control type="image">
					<left>1000</left>
					<colordiffuse>grey</colordiffuse>
					<include>MediaFlagVars</include>
					<texture>$VAR[PathFlagsAudio]</texture>
					<visible>!IsEmpty(ListItem.AudioCodec)</visible>
				</control>
				<control type="image">
					<left>1200</left>
					<colordiffuse>grey</colordiffuse>
					<include>MediaFlagVars</include>
					<texture>$VAR[PathFlagsAudioChannels]</texture>
					<visible>!IsEmpty(ListItem.AudioChannels)</visible>
				</control>
			</control>
			<control type="group">
				<left>1040</left>
				<top>980</top>
				<width>1840</width>
				<height>90</height>
				<animation effect="slide" tween="cubic" time="720" start="0,806" end="0,0">VisibleChange</animation>
				<animation effect="slide" start="0,0" end="162.5" time="640" tween="cubic" easing="inout" condition="[Control.IsVisible(591) | Control.IsVisible(700)] + Container.Content(seasons)">Conditional</animation>
				<animation effect="slide" start="0,0" end="-1000,10" time="720" tween="cubic" easing="inout" condition="Control.IsVisible(701) + Container.Content(tvshows)">Conditional</animation>
				<visible>Container.Content(tvshows) | Container.Content(seasons)</visible>
				<visible>Control.IsVisible(591) | Control.IsVisible(700) | Control.IsVisible(701)</visible>
				<control type="image" id="900018">
					<left>0</left>
					<top>2</top>
					<colordiffuse>grey</colordiffuse>
					<include>MediaFlagVars</include>
					<texture>$VAR[PathFlagsStudios]</texture>
					<visible>!IsEmpty(ListItem.Studio)</visible>
				</control>
				<control type="label">
					<width>155</width>
					<height>90</height>
					<align>center</align>
					<label>$INFO[ListItem.Studio]</label>
					<font>font10</font>
					<textcolor>grey</textcolor>
					<wrapmultiline>true</wrapmultiline>
					<visible>IsEmpty(Control.GetLabel(900018))</visible>
				</control>
				<control type="image">
					<top>12</top>
					<left>200</left>
					<width>120</width>
					<height>70</height>
					<texture fallback="flags/colored/rating/NR.png">$VAR[ColoredRatingFlagVar]</texture>
					<colordiffuse>grey</colordiffuse>
					<include>MediaFlagVars</include>
					<visible>Skin.HasSetting(coloredflags) + !IsEmpty(ListItem.Title)</visible>
				</control>
				<control type="image">
					<left>165</left>
					<width>200</width>
					<colordiffuse>grey</colordiffuse>
					<include>MediaFlagVars</include>
					<texture fallback="flags/mpaa/NR.png">$VAR[RatingFlagVar]</texture>
					<visible>!Skin.HasSetting(coloredflags) + !IsEmpty(ListItem.Title)</visible>
				</control>
				<control type="grouplist">
					<orientation>horizontal</orientation>
					<left>350</left>
					<control type="group">
						<top>-6</top>
						<width>162.5</width>
						<visible>!IsEmpty(ListItem.Property(TotalSeasons))</visible>
						<control type="label">
							<left>0</left>
							<top>2</top>
							<height>60</height>
							<align>center</align>
							<label>$INFO[ListItem.Property(TotalSeasons)]</label>
							<font>font48_bold</font>
							<wrapmultiline>true</wrapmultiline>
							<textcolor>grey</textcolor>
						</control>
						<control type="label">
							<top>52</top>
							<height>30</height>
							<align>center</align>
							<label>[LOWERCASE]$VAR[OneOrMoreSeasonsVar][/LOWERCASE]</label>
							<font>font12</font>
							<textcolor>grey</textcolor>
						</control>
					</control>
					<control type="group">
						<visible>!IsEmpty(ListItem.Property(TotalEpisodes))</visible>
						<width>162.5</width>
						<top>-6</top>
						<control type="label">
							<left>0</left>
							<top>2</top>
							<height>60</height>
							<align>center</align>
							<label>$INFO[ListItem.Property(TotalEpisodes)]</label>
							<font>font48_bold</font>
							<wrapmultiline>true</wrapmultiline>
							<textcolor>grey</textcolor>
						</control>
						<control type="label">
							<top>52</top>
							<height>30</height>
							<align>center</align>
							<label>[LOWERCASE]$VAR[OneOrMoreEpisodesVar][/LOWERCASE]</label>
							<font>font12</font>
							<textcolor>grey</textcolor>
						</control>
					</control>
					<control type="group">
						<visible>!IsEmpty(ListItem.Property(UnWatchedEpisodes))</visible>
						<width>162.5</width>
						<top>-6</top>
						<control type="label">
							<left>0</left>
							<height>60</height>
							<align>center</align>
							<label>$INFO[ListItem.Property(UnWatchedEpisodes)]</label>
							<font>font48_bold</font>
							<wrapmultiline>true</wrapmultiline>
							<textcolor>grey</textcolor>
						</control>
						<control type="label">
							<top>52</top>
							<height>30</height>
							<align>center</align>
							<label>[LOWERCASE]$LOCALIZE[16101][/LOWERCASE]</label>
							<font>font12</font>
							<textcolor>grey</textcolor>
						</control>
					</control>
				</control>
			</control>
		</control>
		<!--<include>UpDownShadow</include>-->
		<include condition="!Skin.HasSetting(Disable.ScrollLabel)">ScrollOffsetLabel</include>
		<include>Topbar</include>
		<control type="group">
			<left>-440</left>
			<include>SideBladeLeft</include>
			<control type="grouplist" id="9050">
				<include>MediaMenuTop</include>
				<control type="button" id="6051">
					<description>Show Info Toggle</description>
					<textwidth>255</textwidth>
					<include>ButtonCommonValues</include>
					<label>$LOCALIZE[31018]</label>
					<label2>[COLOR labelheader]$VAR[InfoPanelLabelVar][/COLOR]</label2>
					<onclick condition="Control.IsVisible(52)">$VAR[52VideoInfoPanelVar]</onclick>
					<onclick condition="Control.IsVisible(53)">$VAR[53VideoInfoPanelVar]</onclick>
					<onclick condition="Control.IsVisible(57)">$VAR[57VideoInfoPanelVar]</onclick>
					<onclick condition="Control.IsVisible(601)">$VAR[601VideoInfoPanelVar]</onclick>
					<visible>!Container.Content(genres)</visible>
					<visible>Control.IsVisible(52) | Control.IsVisible(53) | Control.IsVisible(57) | Control.IsVisible(601)</visible>
				</control>
				<control type="togglebutton" id="6053">
					<description>LowList Toggle</description>
					<textwidth>255</textwidth>
					<include>ButtonCommonValues</include>
					<label>$LOCALIZE[31093]</label>
					<onclick>Skin.ToggleSetting(nohighlist)</onclick>
					<onclick>ReloadSkin()</onclick>
					<visible>Control.IsVisible(501)</visible>
				</control>
				<control type="button" id="7001">
					<description>TriPanel Layout Toggle</description>
					<textwidth>255</textwidth>
					<include>ButtonCommonValues</include>
					<label>$LOCALIZE[31189]</label>
					<label2>[COLOR labelheader]$VAR[TriPanelLayoutLabelVar][/COLOR]</label2>
					<onclick>$VAR[TriPanelLayoutOnclickVar]</onclick>
					<visible>Control.IsVisible(55)</visible>
				</control>
				<control type="radiobutton" id="7008">
					<description>Alternate Layout Episode</description>
					<textwidth>375</textwidth>
					<include>ButtonCommonValues</include>
					<label>$LOCALIZE[31134]</label>
					<onclick>Skin.ToggleSetting(alternatelayoutepisode)</onclick>
					<selected>Skin.HasSetting(alternatelayoutepisode)</selected>
					<visible>Control.IsVisible(502)</visible>
				</control>
				<control type="button" id="7017">
					<description>Toggle Oscars Statue</description>
					<textwidth>375</textwidth>
					<include>ButtonCommonValues</include>
					<label>$LOCALIZE[31148]</label>
					<onclick condition="Control.IsVisible(500)">Skin.ToggleSetting(oscars500)</onclick>
					<onclick condition="Control.IsVisible(499)">Skin.ToggleSetting(oscars499)</onclick>
					<onclick condition="Control.IsVisible(503)">Skin.ToggleSetting(oscars503)</onclick>
					<onclick condition="Control.IsVisible(609)">Skin.ToggleSetting(oscars609)</onclick>
					<onclick condition="Control.IsVisible(504)">Skin.ToggleSetting(oscars504)</onclick>
					<onclick condition="Control.IsVisible(505)">Skin.ToggleSetting(oscars505)</onclick>
					<onclick condition="Control.IsVisible(591)">Skin.ToggleSetting(oscars591)</onclick>
					<onclick condition="Control.IsVisible(57)">Skin.ToggleSetting(oscars57)</onclick>
					<onclick condition="Control.IsVisible(57)">Skin.ToggleSetting(oscars57small)</onclick>
					<onclick condition="Control.IsVisible(501)">Skin.ToggleSetting(oscars501)</onclick>
					<onclick condition="Control.IsVisible(507)">Skin.ToggleSetting(oscars507)</onclick>
					<visible>StringCompare(Container.FolderPath,special://profile/playlists/video/BestPicture.xsp) + [Control.IsVisible(500) | Control.IsVisible(499) | Control.IsVisible(503) | Control.IsVisible(609) | Control.IsVisible(504) | Control.IsVisible(505) | Control.IsVisible(591) | Control.IsVisible(57) | Control.IsVisible(501) | Control.IsVisible(507)]</visible>
				</control>
				<control type="radiobutton" id="7029">
					<description>Enable IMDb</description>
					<textwidth>255</textwidth>
					<include>ButtonCommonValues</include>
					<label>$LOCALIZE[31150]</label>
					<onclick>Skin.ToggleSetting(bigfanimdblogo)</onclick>
					<selected>Skin.HasSetting(bigfanimdblogo)</selected>
					<visible>Control.IsVisible(591) + Container.Content(movies)</visible>
				</control>
				<!--<control type="radiobutton" id="7050">
					<textwidth>375</textwidth>
					<include>ButtonCommonValues</include>
					<label>Debug.Hide</label>
					<onclick>Skin.ToggleSetting(Debug.Hide)</onclick>
					<selected>Skin.HasSetting(Debug.Hide)</selected>
				</control>-->
				<!--<control type="radiobutton" id="7051">
					<textwidth>375</textwidth>
					<include>ButtonCommonValues</include>
					<label>Debug.ToggleColored</label>
					<onclick>Skin.ToggleSetting(coloredflags)</onclick>
					<selected>Skin.HasSetting(coloredflags)</selected>
				</control>-->
				<control type="button" id="201">
					<description>View options</description>
					<textwidth>352</textwidth>
					<font>font13_title</font>
					<include>ButtonCommonValues</include>
					<label>31026</label>
					<enable>no</enable>
					<disabledcolor>themecolor</disabledcolor>
				</control>
				<control type="button" id="10">
					<description>Watched Toggle</description>
					<textwidth>255</textwidth>
					<include>ButtonCommonValues</include>
					<label>20367</label>
					<label2>[COLOR themecolor]$INFO[Container.NumItems][/COLOR]</label2>
				</control>
				<control type="button" id="8">
					<description>Search</description>
					<include>ButtonCommonValues</include>
					<label>137</label>
				</control>
				<control type="edit" id="19">
					<visible>Container.CanFilter + !Container.CanFilterAdvanced</visible>
					<description>Filter</description>
					<textwidth>345</textwidth>
					<include>ButtonCommonValues</include>
					<label>587</label>
				</control>
				<control type="radiobutton" id="98">
					<visible>Container.CanFilterAdvanced</visible>
					<description>Filter</description>
					<include>ButtonCommonValues</include>
					<label>587</label>
					<selected>Container.Filtered</selected>
					<onclick>right</onclick>
					<onclick>Filter</onclick>
				</control>
				<control type="radiobutton" id="16">
					<description>PartyMode</description>
					<label>589</label>
					<include>ButtonCommonValues</include>
					<visible>Container.Content(MusicVideos)</visible>
				</control>
				<control type="radiobutton" id="11">
					<description>Unlock Shares</description>
					<textwidth>255</textwidth>
					<include>ButtonCommonValues</include>
					<label>20336</label>
					<onclick>xbmc.mastermode</onclick>
					<selected>system.ismaster</selected>
					<visible>system.haslocks</visible>
				</control>
				<control type="button" id="203">
					<description>View options</description>
					<textwidth>352</textwidth>
					<font>font13_title</font>
					<include>ButtonCommonValues</include>
					<label>31039</label>
					<enable>no</enable>
					<disabledcolor>themecolor</disabledcolor>
				</control>
				<control type="togglebutton" id="20">
					<description>Update library</description>
					<include>ButtonCommonValues</include>
					<label>653</label>
					<altlabel>13353</altlabel>
					<usealttexture>library.isscanningvideo</usealttexture>
				</control>
				<control type="button" id="612">
					<description>Go to playlist</description>
					<include>ButtonCommonValues</include>
					<label>13350</label>
					<onclick>ActivateWindow(videoplaylist)</onclick>
					<visible>!StringCompare(Playlist.Length(video),0)</visible>
				</control>
				<control type="button" id="699">
					<description>Enable fullscreen</description>
					<include>ButtonCommonValues</include>
					<label>$LOCALIZE[244]</label>
					<onclick>fullscreen</onclick>
					<visible>Player.HasMedia</visible>
				</control>
			</control>
		</control>
	</controls>
</window>